사고번호,사고일시,요일,시군구,사고내용,사망자수,중상자수,경상자수,부상신고자수,사고유형,법규위반,노면상태,기상상태,도로형태,가해운전자 차종,가해운전자 성별,가해운전자 연령,가해운전자 상해정도,피해운전자 차종,피해운전자 성별,피해운전자 연령,피해운전자 상해정도
2014011300100325,2014년 1월 13일 17시,월요일,충청북도 제천시 화산동,중상사고,0,1,0,0,차대사람 - 기타,안전운전불이행,건조,맑음,단일로 - 기타,승용,여,49세,상해없음,보행자,남,67세,중상
2014011300100409,2014년 1월 13일 20시,월요일,충청북도 청주시 청원구 우암동,중상사고,0,1,0,0,차대차 - 정면충돌,중앙선침범,건조,맑음,단일로 - 기타,승용,여,46세,상해없음,이륜,남,47세,중상
2014011300100426,2014년 1월 13일 21시,월요일,충청북도 청주시 흥덕구 오송읍,경상사고,0,0,1,0,차대사람 - 기타,안전운전불이행,건조,맑음,교차로 - 교차로안,승용,여,52세,상해없음,보행자,남,37세,경상
2014011300100473,2014년 1월 13일 23시,월요일,충청북도 청주시 서원구 사창동,경상사고,0,0,2,0,차대차 - 측면직각충돌,안전거리미확보,건조,맑음,단일로 - 기타,승용,여,30세,상해없음,승용,남,50세,경상
2014011400100069,2014년 1월 14일 07시,화요일,충청북도 청주시 서원구 미평동,중상사고,0,1,1,0,차대차 - 기타,안전운전불이행,건조,흐림,단일로 - 기타,승용,남,58세,상해없음,승용,남,29세,중상
2014011400100094,2014년 1월 14일 08시,화요일,충청북도 청주시 청원구 율량동,중상사고,0,1,0,0,차대차 - 추돌 - 진행중,안전운전불이행,건조,맑음,단일로 - 기타,승합,남,44세,상해없음,승용,여,32세,중상
2014011400100140,2014년 1월 14일 10시,화요일,충청북도 청주시 흥덕구 복대동,중상사고,0,1,1,0,차대차 - 측면직각충돌,신호위반,건조,맑음,교차로 - 교차로안,승용,남,65세,상해없음,승용,여,50세,중상
2014011400100141,2014년 1월 14일 10시,화요일,충청북도 청주시 흥덕구 비하동,중상사고,0,1,0,0,차대사람 - 횡단중,보행자보호의무위반,건조,맑음,단일로 - 횡단보도상,승용,여,51세,상해없음,보행자,여,26세,중상
2014011400100164,2014년 1월 14일 11시,화요일,충청북도 청주시 흥덕구 가경동,경상사고,0,0,1,0,차대차 - 측면직각충돌,안전운전불이행,건조,맑음,교차로 - 교차로부근,승용,여,48세,상해없음,화물,남,22세,상해없음
2014011400100165,2014년 1월 14일 11시,화요일,충청북도 청주시 상당구 용담동,중상사고,0,1,0,0,차대차 - 측면직각충돌,신호위반,건조,맑음,교차로 - 교차로안,승용,남,72세,상해없음,승용,남,28세,중상
2014011400100168,2014년 1월 14일 11시,화요일,충청북도 옥천군 군북면,경상사고,0,0,1,0,차량단독 - 기타,안전운전불이행,습기,비,단일로 - 기타,승용,여,40세,상해없음,,,,
2014011400100210,2014년 1월 14일 13시,화요일,충청북도 제천시 신백동,중상사고,0,3,0,0,차대차 - 기타,직진우회전진행방해,건조,맑음,교차로 - 교차로안,승용,남,52세,중상,승용,여,52세,중상
2014011400100230,2014년 1월 14일 14시,화요일,충청북도 청주시 청원구 율량동,중상사고,0,1,0,0,차대차 - 측면직각충돌,교차로운행방법위반,건조,맑음,교차로 - 교차로안,승용,남,75세,상해없음,화물,남,56세,중상
2014011400100231,2014년 1월 14일 14시,화요일,충청북도 제천시 청전동,중상사고,0,1,0,0,차대사람 - 기타,안전운전불이행,건조,맑음,단일로 - 기타,승용,남,29세,상해없음,보행자,남,44세,중상
2014011400100285,2014년 1월 14일 16시,화요일,충청북도 청주시 서원구 모충동,경상사고,0,0,1,0,차대차 - 기타,신호위반,건조,맑음,단일로 - 기타,승용,남,61세,상해없음,이륜,남,63세,경상
2014011400100317,2014년 1월 14일 17시,화요일,충청북도 제천시 송학면,중상사고,0,1,0,0,차량단독 - 전도전복,안전운전불이행,건조,맑음,단일로 - 기타,원동기,남,71세,중상,,,,
2014011400100318,2014년 1월 14일 17시,화요일,충청북도 괴산군 연풍면,경상사고,0,0,3,0,차대차 - 기타,안전운전불이행,건조,맑음,단일로 - 터널,승용,남,18세,경상,화물,남,54세,상해없음
2014011400100431,2014년 1월 14일 21시,화요일,충청북도 청주시 서원구 사직동,경상사고,0,0,1,0,차대차 - 기타,안전운전불이행,건조,맑음,교차로 - 교차로안,승용,여,41세,상해없음,승용,여,41세,경상
2014011400100481,2014년 1월 14일 23시,화요일,충청북도 청주시 흥덕구 가경동,경상사고,0,0,1,0,차대차 - 기타,안전운전불이행,건조,맑음,교차로 - 교차로안,승용,여,46세,상해없음,원동기,남,30세,경상
2014011400100482,2014년 1월 14일 23시,화요일,충청북도 청주시 상당구 용암동,중상사고,0,1,3,0,차대차 - 측면직각충돌,안전운전불이행,건조,맑음,교차로 - 교차로부근,승합,남,51세,상해없음,원동기,남,31세,중상
2014011500100008,2014년 1월 15일 00시,수요일,충청북도 충주시 칠금동,중상사고,0,1,0,0,차대차 - 기타,안전운전불이행,건조,맑음,단일로 - 기타,승용,남,26세,상해없음,화물,여,46세,중상
2014011500100082,2014년 1월 15일 07시,수요일,충청북도 청주시 흥덕구 복대동,경상사고,0,0,1,0,차대차 - 추돌 - 주정차중,안전운전불이행,건조,맑음,단일로 - 기타,승용,남,51세,상해없음,승용,남,46세,경상
2014011500100083,2014년 1월 15일 07시,수요일,충청북도 청주시 흥덕구 가경동,경상사고,0,0,1,0,차대차 - 측면직각충돌,안전운전불이행,건조,맑음,단일로 - 기타,승용,남,34세,상해없음,승용,남,51세,경상
2014011500100084,2014년 1월 15일 07시,수요일,충청북도 청주시 흥덕구 비하동,경상사고,0,0,2,0,차대차 - 추돌 - 주정차중,안전운전불이행,건조,맑음,교차로 - 교차로부근,승용,남,34세,상해없음,승용,남,39세,경상
2014011500100159,2014년 1월 15일 10시,수요일,충청북도 제천시 신월동,중상사고,0,1,1,0,차대차 - 측면직각충돌,교차로운행방법위반,건조,맑음,교차로 - 교차로안,화물,남,50세,상해없음,승용,남,43세,중상
2014011500100207,2014년 1월 15일 12시,수요일,충청북도 충주시 성남동,경상사고,0,0,1,0,차대차 - 추돌 - 진행중,직진우회전진행방해,건조,맑음,교차로 - 교차로안,승용,남,68세,상해없음,화물,남,26세,경상
2014011500100208,2014년 1월 15일 12시,수요일,충청북도 청주시 서원구 남이면,중상사고,0,1,0,0,차대차 - 기타,중앙선침범,건조,맑음,단일로 - 기타,화물,남,60세,상해없음,화물,남,59세,중상
2014011500100230,2014년 1월 15일 13시,수요일,충청북도 진천군 문백면,중상사고,0,3,0,0,차대차 - 기타,안전운전불이행,건조,맑음,교차로 - 교차로안,건설기계,남,54세,상해없음,승용,남,72세,중상
2014011500100231,2014년 1월 15일 13시,수요일,충청북도 청주시 서원구 현도면,중상사고,0,1,2,0,차대차 - 기타,안전운전불이행,건조,맑음,단일로 - 기타,승용,여,44세,상해없음,승용,남,38세,경상
2014011500100250,2014년 1월 15일 14시,수요일,충청북도 보은군 보은읍,중상사고,0,1,0,0,차대차 - 측면직각충돌,교차로운행방법위반,건조,맑음,교차로 - 교차로안,승용,남,29세,상해없음,원동기,남,85세,중상
2014011500100275,2014년 1월 15일 15시,수요일,충청북도 충주시 지현동,중상사고,0,1,0,0,차대차 - 측면직각충돌,안전운전불이행,건조,맑음,단일로 - 기타,화물,남,58세,상해없음,승용,여,71세,중상
2014011500100276,2014년 1월 15일 15시,수요일,충청북도 청주시 흥덕구 강내면,경상사고,0,0,2,0,차대차 - 측면직각충돌,안전운전불이행,건조,맑음,단일로 - 기타,승용,여,43세,상해없음,승용,남,56세,경상
2014011500100294,2014년 1월 15일 16시,수요일,충청북도 청주시 상당구 금천동,경상사고,0,0,1,0,차대차 - 측면직각충돌,안전운전불이행,건조,맑음,교차로 - 교차로안,화물,여,37세,상해없음,이륜,남,69세,경상
2014011500100295,2014년 1월 15일 16시,수요일,충청북도 보은군 마로면,중상사고,0,1,0,0,차대차 - 측면직각충돌,안전운전불이행,건조,맑음,단일로 - 기타,화물,남,72세,상해없음,원동기,여,76세,중상
2014011500100367,2014년 1월 15일 18시,수요일,충청북도 충주시 문화동,경상사고,0,0,1,0,차대차 - 정면충돌,안전운전불이행,건조,맑음,교차로 - 교차로안,승용,여,50세,경상,승용,여,49세,상해없음
2014011500100368,2014년 1월 15일 18시,수요일,충청북도 충주시 연수동,경상사고,0,0,1,0,차대사람 - 횡단중,신호위반,건조,맑음,교차로 - 교차로안,승용,여,29세,상해없음,보행자,여,15세,경상
2014011500100369,2014년 1월 15일 18시,수요일,충청북도 청주시 서원구 산남동,중상사고,0,1,0,0,차대차 - 기타,신호위반,건조,맑음,교차로 - 교차로안,승용,여,39세,상해없음,이륜,남,29세,중상
2014011500100408,2014년 1월 15일 19시,수요일,충청북도 음성군 대소면,중상사고,0,1,0,0,차대차 - 기타,차로위반,건조,맑음,교차로 - 교차로부근,화물,남,56세,상해없음,승용,여,25세,중상
2014011500100439,2014년 1월 15일 20시,수요일,충청북도 청주시 상당구 북문로1가동,중상사고,0,1,0,0,차대차 - 추돌 - 진행중,안전운전불이행,건조,맑음,단일로 - 기타,승용,남,21세,상해없음,승용,남,55세,중상
2014011500100440,2014년 1월 15일 20시,수요일,충청북도 청주시 청원구 내덕동,경상사고,0,0,1,0,차대사람 - 기타,안전운전불이행,건조,맑음,교차로 - 교차로안,승용,여,27세,상해없음,보행자,남,56세,경상
2014011500100441,2014년 1월 15일 20시,수요일,충청북도 충주시 용산동,경상사고,0,0,1,0,차대차 - 기타,교차로운행방법위반,건조,맑음,교차로 - 교차로안,승용,남,27세,상해없음,원동기,남,21세,경상
2014011500100442,2014년 1월 15일 20시,수요일,충청북도 영동군 매곡면,부상신고사고,0,0,0,1,차량단독 - 공작물충돌,안전운전불이행,건조,맑음,단일로 - 기타,승용,남,26세,부상신고,,,,
2014011500100443,2014년 1월 15일 20시,수요일,충청북도 청주시 상당구 용암동,경상사고,0,0,1,0,차대차 - 측면직각충돌,신호위반,건조,맑음,교차로 - 교차로안,이륜,남,18세,상해없음,승용,남,26세,경상
2014011500100479,2014년 1월 15일 21시,수요일,충청북도 영동군 황간면,경상사고,0,0,1,0,차대차 - 기타,안전운전불이행,건조,맑음,단일로 - 기타,원동기,남,53세,경상,승용,남,80세,기타불명
2014011500100531,2014년 1월 15일 23시,수요일,충청북도 청주시 상당구 금천동,경상사고,0,0,4,0,차대차 - 측면직각충돌,신호위반,건조,맑음,교차로 - 교차로안,승용,여,20세,경상,승용,남,48세,경상
2014011500100532,2014년 1월 15일 23시,수요일,충청북도 청주시 서원구 개신동,중상사고,0,1,0,0,차대사람 - 횡단중,신호위반,건조,맑음,교차로 - 교차로부근,승용,남,56세,상해없음,보행자,여,51세,중상
2014011600100072,2014년 1월 16일 06시,목요일,충청북도 청주시 흥덕구 봉명동,중상사고,0,1,0,0,차대사람 - 횡단중,안전운전불이행,건조,맑음,단일로 - 기타,승용,남,30세,상해없음,보행자,여,62세,중상
2014011600100089,2014년 1월 16일 07시,목요일,충청북도 증평군 증평읍,경상사고,0,0,1,0,차대차 - 측면직각충돌,신호위반,건조,맑음,교차로 - 교차로안,화물,남,79세,상해없음,승합,남,58세,상해없음
2014011600100090,2014년 1월 16일 07시,목요일,충청북도 청주시 흥덕구 지동동,중상사고,0,1,0,0,차대사람 - 횡단중,안전운전불이행,건조,맑음,교차로 - 교차로안,승용,남,34세,상해없음,보행자,여,56세,중상
2014011600100111,2014년 1월 16일 08시,목요일,충청북도 영동군 심천면,경상사고,0,0,1,0,차대차 - 기타,중앙선침범,건조,맑음,단일로 - 기타,화물,남,79세,상해없음,승용,여,45세,경상
2014011600100112,2014년 1월 16일 08시,목요일,충청북도 음성군 음성읍,중상사고,0,1,0,0,차대차 - 기타,신호위반,건조,맑음,교차로 - 교차로안,승용,남,61세,상해없음,승용,여,52세,중상
2014011600100113,2014년 1월 16일 08시,목요일,충청북도 청주시 서원구 모충동,경상사고,0,0,2,0,차대차 - 기타,교차로운행방법위반,건조,맑음,교차로 - 교차로안,화물,남,42세,경상,승용,남,52세,경상
2014011600100156,2014년 1월 16일 10시,목요일,충청북도 청주시 흥덕구 봉명동,경상사고,0,0,1,0,차대차 - 측면직각충돌,안전운전불이행,건조,맑음,교차로 - 교차로안,승용,여,30세,상해없음,승용,남,39세,경상
2014011600100199,2014년 1월 16일 12시,목요일,충청북도 청주시 청원구 내수읍,경상사고,0,0,1,0,차대차 - 측면직각충돌,안전운전불이행,건조,맑음,단일로 - 기타,승용,남,28세,상해없음,승용,남,27세,경상
2014011600100273,2014년 1월 16일 15시,목요일,충청북도 청주시 흥덕구 복대동,경상사고,0,0,1,0,차대차 - 측면직각충돌,차로위반,건조,맑음,단일로 - 기타,승용,여,50세,상해없음,승용,남,36세,경상
2014011600100292,2014년 1월 16일 16시,목요일,충청북도 충주시 교현동,중상사고,0,1,0,0,차대사람 - 횡단중,보행자보호의무위반,건조,맑음,단일로 - 횡단보도상,승용,여,60세,상해없음,보행자,여,50세,중상
2014011600100293,2014년 1월 16일 16시,목요일,충청북도 청주시 서원구 현도면,경상사고,0,0,1,0,차대차 - 측면직각충돌,교차로운행방법위반,건조,맑음,교차로 - 교차로부근,화물,남,45세,상해없음,승용,남,41세,경상
2014011600100342,2014년 1월 16일 18시,목요일,충청북도 충주시 칠금동,경상사고,0,0,1,0,차대차 - 추돌 - 주정차중,안전운전불이행,건조,맑음,단일로 - 기타,특수,남,35세,상해없음,승용,여,53세,상해없음
2014011600100343,2014년 1월 16일 18시,목요일,충청북도 음성군 금왕읍,중상사고,0,2,0,0,차대차 - 기타,안전운전불이행,건조,맑음,단일로 - 기타,승용,남,32세,상해없음,승용,여,35세,중상
2014011600100344,2014년 1월 16일 18시,목요일,충청북도 청주시 서원구 수곡동,경상사고,0,0,1,0,차대차 - 측면직각충돌,안전운전불이행,건조,맑음,교차로 - 교차로부근,원동기,남,46세,상해없음,자전거,여,71세,경상
2014011600100423,2014년 1월 16일 20시,목요일,충청북도 청주시 상당구 북문로3가동,사망사고,1,0,0,0,차대사람 - 횡단중,안전운전불이행,건조,흐림,교차로 - 교차로부근,승용,남,40세,상해없음,보행자,여,70세,사망
2014011600100424,2014년 1월 16일 20시,목요일,충청북도 청주시 흥덕구 복대동,중상사고,0,1,0,0,차대차 - 추돌 - 진행중,신호위반,건조,맑음,교차로 - 교차로안,승용,남,32세,상해없음,승용,여,56세,중상
2014011600100450,2014년 1월 16일 21시,목요일,충청북도 청주시 상당구 남일면,경상사고,0,0,2,0,차대차 - 측면직각충돌,중앙선침범,건조,맑음,단일로 - 기타,승용,여,49세,상해없음,승용,여,23세,경상
2014011600100482,2014년 1월 16일 22시,목요일,충청북도 청주시 청원구 내덕동,경상사고,0,0,1,0,차대차 - 추돌 - 주정차중,안전운전불이행,건조,맑음,교차로 - 교차로부근,승용,남,39세,상해없음,승용,남,26세,경상
2014011600100483,2014년 1월 16일 22시,목요일,충청북도 청주시 흥덕구 봉명동,경상사고,0,0,4,0,차대차 - 추돌 - 주정차중,안전운전불이행,건조,맑음,단일로 - 기타,승용,남,38세,상해없음,승용,남,28세,경상
2014011600100505,2014년 1월 16일 23시,목요일,충청북도 청주시 상당구 영운동,중상사고,0,2,0,0,차대차 - 추돌 - 진행중,안전운전불이행,건조,맑음,단일로 - 기타,승용,남,48세,상해없음,승용,여,36세,중상
2014011700100015,2014년 1월 17일 00시,금요일,충청북도 음성군 삼성면,중상사고,0,1,1,0,차량단독 - 전도전복,교차로운행방법위반,건조,맑음,교차로 - 교차로안,승용,여,29세,중상,,,,
2014011700100068,2014년 1월 17일 05시,금요일,충청북도 청주시 상당구 석교동,경상사고,0,0,1,0,차대차 - 기타,안전운전불이행,건조,맑음,교차로 - 교차로안,승용,남,56세,상해없음,승용,남,51세,경상
2014011700100115,2014년 1월 17일 08시,금요일,충청북도 충주시 용탄동,중상사고,0,2,0,1,차대차 - 추돌 - 진행중,중앙선침범,습기,안개,교차로 - 교차로부근,승용,여,46세,부상신고,승용,남,50세,중상
2014011700100116,2014년 1월 17일 08시,금요일,충청북도 제천시 하소동,경상사고,0,0,1,0,차대사람 - 기타,안전운전불이행,건조,맑음,단일로 - 기타,승용,여,28세,상해없음,보행자,여,30세,경상
2014011700100145,2014년 1월 17일 09시,금요일,충청북도 청주시 흥덕구 오송읍,중상사고,0,1,0,0,차대사람 - 횡단중,안전운전불이행,습기,안개,단일로 - 기타,화물,남,54세,상해없음,보행자,여,83세,중상
2014011700100160,2014년 1월 17일 10시,금요일,충청북도 청주시 청원구 오창읍,경상사고,0,0,1,0,차대차 - 기타,안전운전불이행,건조,맑음,교차로 - 교차로안,승용,남,26세,상해없음,승용,남,31세,경상
2014011700100188,2014년 1월 17일 11시,금요일,충청북도 진천군 진천읍,경상사고,0,0,4,0,차대차 - 기타,안전운전불이행,건조,맑음,기타 - 기타,승용,여,36세,상해없음,승용,여,59세,경상
2014011700100252,2014년 1월 17일 14시,금요일,충청북도 충주시 문화동,중상사고,0,1,2,0,차대차 - 추돌 - 진행중,안전운전불이행,건조,맑음,교차로 - 교차로부근,화물,남,46세,상해없음,승용,남,36세,경상
2014011700100253,2014년 1월 17일 14시,금요일,충청북도 음성군 소이면,중상사고,0,1,0,0,차대차 - 기타,안전운전불이행,건조,맑음,단일로 - 기타,화물,남,45세,중상,승합,남,54세,상해없음
2014011700100334,2014년 1월 17일 17시,금요일,충청북도 청주시 청원구 율량동,경상사고,0,0,1,0,차대차 - 기타,안전운전불이행,건조,맑음,단일로 - 기타,승용,남,55세,상해없음,승용,여,40세,경상
2014011700100368,2014년 1월 17일 18시,금요일,충청북도 충주시 주덕읍,중상사고,0,1,1,0,차대차 - 추돌 - 진행중,안전운전불이행,건조,맑음,교차로 - 교차로안,기타불명,기타불명,기타불명,기타불명,승합,남,50세,상해없음
2014011700100369,2014년 1월 17일 18시,금요일,충청북도 진천군 이월면,중상사고,0,1,1,0,차대차 - 측면직각충돌,안전운전불이행,건조,맑음,단일로 - 기타,승용,여,57세,경상,승용,남,46세,중상
2014011700100370,2014년 1월 17일 18시,금요일,충청북도 청주시 서원구 사직동,경상사고,0,0,2,0,차대차 - 추돌 - 진행중,안전거리미확보,건조,맑음,단일로 - 기타,승용,남,65세,상해없음,승용,남,48세,상해없음
2014011700100371,2014년 1월 17일 18시,금요일,충청북도 청주시 서원구 모충동,경상사고,0,0,2,0,차대차 - 기타,교차로운행방법위반,건조,맑음,교차로 - 교차로안,승용,남,64세,경상,승용,여,57세,경상
2014011700100451,2014년 1월 17일 20시,금요일,충청북도 음성군 소이면,중상사고,0,1,0,0,차대차 - 기타,안전운전불이행,건조,맑음,단일로 - 기타,승합,남,72세,상해없음,승용,남,24세,중상
2014011700100452,2014년 1월 17일 20시,금요일,충청북도 청주시 흥덕구 봉명동,중상사고,0,1,1,0,차대차 - 기타,안전거리미확보,건조,맑음,단일로 - 기타,이륜,남,22세,중상,승용,남,48세,경상
2014011700100453,2014년 1월 17일 20시,금요일,충청북도 청주시 서원구 남이면,중상사고,0,3,3,0,차대차 - 추돌 - 진행중,안전운전불이행,건조,흐림,교차로 - 교차로부근,화물,남,45세,상해없음,승용,남,56세,중상
2014011700100493,2014년 1월 17일 21시,금요일,충청북도 청주시 청원구 율량동,경상사고,0,0,1,0,차대사람 - 기타,안전운전불이행,건조,맑음,단일로 - 기타,기타불명,기타불명,기타불명,기타불명,보행자,여,16세,경상
2014011700100494,2014년 1월 17일 21시,금요일,충청북도 음성군 삼성면,사망사고,2,0,0,0,차대차 - 기타,중앙선침범,건조,맑음,단일로 - 기타,화물,남,37세,사망,화물,남,55세,사망
2014011700100556,2014년 1월 17일 23시,금요일,충청북도 청주시 청원구 율량동,부상신고사고,0,0,0,1,차대차 - 측면직각충돌,안전운전불이행,건조,맑음,교차로 - 교차로안,이륜,남,19세,부상신고,승용,남,33세,상해없음
2014011800100068,2014년 1월 18일 02시,토요일,충청북도 청주시 청원구 오동동,중상사고,0,1,0,0,차대차 - 기타,안전운전불이행,건조,맑음,단일로 - 기타,승용,남,39세,중상,화물,남,51세,상해없음
2014011800100094,2014년 1월 18일 05시,토요일,충청북도 청주시 서원구 개신동,경상사고,0,0,1,0,차대차 - 기타,신호위반,건조,맑음,교차로 - 교차로안,이륜,남,43세,상해없음,승용,남,48세,경상
2014011800100095,2014년 1월 18일 05시,토요일,충청북도 청주시 상당구 용암동,경상사고,0,0,1,0,차대사람 - 기타,안전운전불이행,건조,맑음,기타 - 기타,승용,남,27세,상해없음,보행자,여,51세,경상
2014011800100103,2014년 1월 18일 06시,토요일,충청북도 청주시 흥덕구 가경동,경상사고,0,0,1,0,차대사람 - 횡단중,보행자보호의무위반,건조,맑음,단일로 - 기타,승용,남,42세,상해없음,보행자,여,26세,경상
2014011800100132,2014년 1월 18일 08시,토요일,충청북도 제천시 백운면,경상사고,0,0,1,0,차대차 - 측면직각충돌,안전운전불이행,건조,맑음,단일로 - 기타,승용,남,51세,상해없음,승합,남,60세,상해없음
2014011800100133,2014년 1월 18일 08시,토요일,충청북도 청주시 서원구 산남동,중상사고,0,1,0,0,차대차 - 기타,안전운전불이행,건조,맑음,단일로 - 기타,화물,남,55세,상해없음,승용,여,33세,중상
2014011800100151,2014년 1월 18일 09시,토요일,충청북도 청주시 흥덕구 복대동,경상사고,0,0,2,0,차대차 - 측면직각충돌,신호위반,건조,맑음,교차로 - 교차로안,승용,여,31세,기타불명,승용,남,64세,경상
2014011800100194,2014년 1월 18일 11시,토요일,충청북도 청주시 흥덕구 가경동,경상사고,0,0,2,0,차대차 - 측면직각충돌,신호위반,건조,맑음,단일로 - 기타,승용,남,47세,경상,승용,남,37세,경상
2014011800100225,2014년 1월 18일 12시,토요일,충청북도 충주시 산척면,경상사고,0,0,1,0,차대차 - 기타,기타,건조,맑음,단일로 - 기타,화물,남,57세,상해없음,화물,남,66세,상해없음
2014011800100271,2014년 1월 18일 14시,토요일,충청북도 청주시 서원구 산남동,중상사고,0,2,0,0,차대차 - 기타,신호위반,건조,맑음,교차로 - 교차로안,승용,여,52세,상해없음,승용,남,28세,중상
2014011800100294,2014년 1월 18일 15시,토요일,충청북도 청주시 서원구 죽림동,중상사고,0,1,0,0,차대차 - 측면직각충돌,안전운전불이행,건조,맑음,교차로 - 교차로안,승용,여,64세,상해없음,승용,여,42세,중상
2014011800100319,2014년 1월 18일 16시,토요일,충청북도 증평군 증평읍,경상사고,0,0,4,0,차대차 - 기타,신호위반,건조,맑음,교차로 - 교차로안,승용,여,65세,상해없음,승용,남,39세,경상
2014011800100346,2014년 1월 18일 17시,토요일,충청북도 단양군 매포읍,경상사고,0,0,1,0,차대차 - 측면직각충돌,안전운전불이행,건조,맑음,단일로 - 기타,건설기계,남,31세,상해없음,승용,남,44세,경상
2014011800100384,2014년 1월 18일 18시,토요일,충청북도 청주시 서원구 사직동,중상사고,0,1,2,0,차대차 - 측면직각충돌,안전운전불이행,건조,맑음,단일로 - 기타,승용,남,57세,기타불명,원동기,남,27세,경상
2014011800100412,2014년 1월 18일 19시,토요일,충청북도 청주시 상당구 남문로1가동,중상사고,0,1,1,0,차대차 - 기타,신호위반,건조,맑음,교차로 - 교차로안,원동기,남,39세,상해없음,승용,남,51세,경상
2014011800100413,2014년 1월 18일 19시,토요일,충청북도 청주시 상당구 금천동,경상사고,0,0,1,0,차대사람 - 횡단중,보행자보호의무위반,건조,맑음,교차로 - 교차로안,이륜,남,16세,상해없음,보행자,남,15세,경상
2014011800100414,2014년 1월 18일 19시,토요일,충청북도 충주시 충인동,중상사고,0,1,1,0,차대사람 - 기타,안전운전불이행,건조,맑음,단일로 - 기타,승용,남,66세,상해없음,보행자,여,55세,중상
2014011800100416,2014년 1월 18일 19시,토요일,충청북도 청주시 상당구 미원면,경상사고,0,0,2,0,차대차 - 기타,중앙선침범,건조,맑음,교차로 - 교차로부근,기타불명,기타불명,기타불명,기타불명,승용,여,57세,상해없음
2014011800100441,2014년 1월 18일 20시,토요일,충청북도 단양군 적성면,경상사고,0,0,1,0,차대차 - 정면충돌,중앙선침범,건조,맑음,단일로 - 기타,특수,남,47세,상해없음,승용,남,56세,경상
2014011800100480,2014년 1월 18일 22시,토요일,충청북도 충주시 연수동,중상사고,0,3,5,0,차대차 - 기타,안전운전불이행,건조,맑음,교차로 - 교차로부근,승용,남,27세,상해없음,승용,남,52세,중상
2014011800100501,2014년 1월 18일 23시,토요일,충청북도 증평군 증평읍,경상사고,0,0,1,0,차대차 - 추돌 - 진행중,안전운전불이행,건조,맑음,교차로 - 교차로안,화물,남,34세,상해없음,승용,남,49세,경상
2014011800100502,2014년 1월 18일 23시,토요일,충청북도 청주시 흥덕구 비하동,중상사고,0,2,0,0,차대차 - 추돌 - 주정차중,안전운전불이행,건조,맑음,교차로 - 교차로부근,승용,남,39세,상해없음,승용,여,37세,중상
2014011900100014,2014년 1월 19일 00시,일요일,충청북도 청주시 서원구 사직동,중상사고,0,1,0,0,차대사람 - 차도통행중,안전운전불이행,건조,맑음,단일로 - 기타,승용,남,33세,상해없음,보행자,여,66세,중상
2014011900100032,2014년 1월 19일 01시,일요일,충청북도 청주시 서원구 모충동,경상사고,0,0,1,0,차대차 - 기타,중앙선침범,건조,맑음,교차로 - 교차로안,기타불명,기타불명,기타불명,기타불명,승용,여,55세,경상
2014011900100033,2014년 1월 19일 01시,일요일,충청북도 청주시 서원구 분평동,경상사고,0,0,1,0,차대차 - 기타,안전운전불이행,건조,맑음,단일로 - 기타,승용,남,24세,상해없음,화물,남,43세,경상
2014011900100034,2014년 1월 19일 01시,일요일,충청북도 음성군 감곡면,사망사고,1,0,0,0,차대차 - 기타,안전운전불이행,건조,맑음,단일로 - 기타,승합,남,42세,상해없음,승용,남,44세,상해없음
2014011900100049,2014년 1월 19일 02시,일요일,충청북도 청주시 서원구 산남동,경상사고,0,0,2,0,차대차 - 기타,교차로운행방법위반,건조,맑음,교차로 - 교차로안,승용,남,39세,상해없음,승용,남,45세,경상
2014011900100081,2014년 1월 19일 05시,일요일,충청북도 청주시 상당구 문의면,중상사고,0,1,0,0,차대차 - 기타,기타,건조,맑음,단일로 - 터널,기타불명,기타불명,기타불명,기타불명,승합,남,55세,중상
2014011900100172,2014년 1월 19일 11시,일요일,충청북도 청주시 서원구 수곡동,경상사고,0,0,1,0,차대사람 - 기타,안전운전불이행,건조,맑음,단일로 - 기타,원동기,남,45세,상해없음,보행자,여,20세,경상
2014011900100237,2014년 1월 19일 14시,일요일,충청북도 충주시 동량면,중상사고,0,3,4,0,차대차 - 추돌 - 주정차중,안전운전불이행,건조,맑음,교차로 - 교차로부근,승합,남,57세,상해없음,승용,여,46세,경상
2014011900100301,2014년 1월 19일 17시,일요일,충청북도 영동군 매곡면,중상사고,0,2,0,0,차대차 - 기타,안전운전불이행,건조,맑음,단일로 - 기타,화물,남,70세,중상,승용,남,44세,중상
2014011900100331,2014년 1월 19일 18시,일요일,충청북도 청주시 상당구 금천동,경상사고,0,0,1,0,차대차 - 측면직각충돌,안전운전불이행,건조,맑음,단일로 - 기타,승용,여,39세,상해없음,이륜,남,22세,경상
2014011900100332,2014년 1월 19일 18시,일요일,충청북도 청주시 흥덕구 봉명동,경상사고,0,0,1,0,차대차 - 기타,안전거리미확보,건조,맑음,단일로 - 기타,승용,남,33세,상해없음,승용,남,53세,경상
2014011900100333,2014년 1월 19일 18시,일요일,충청북도 청주시 서원구 모충동,중상사고,0,1,0,0,차대차 - 측면직각충돌,교차로운행방법위반,건조,맑음,교차로 - 교차로안,승용,여,22세,상해없음,원동기,남,17세,중상
2014011900100383,2014년 1월 19일 20시,일요일,충청북도 청주시 흥덕구 강내면,사망사고,1,0,0,0,차대사람 - 기타,안전운전불이행,건조,맑음,단일로 - 횡단보도부근,승용,남,30세,상해없음,보행자,남,66세,사망