사고번호,사고일시,요일,시군구,사고내용,사망자수,중상자수,경상자수,부상신고자수,사고유형,법규위반,노면상태,기상상태,도로형태,가해운전자 차종,가해운전자 성별,가해운전자 연령,가해운전자 상해정도,피해운전자 차종,피해운전자 성별,피해운전자 연령,피해운전자 상해정도
2014011900100410,2014년 1월 19일 21시,일요일,충청북도 청주시 상당구 용암동,중상사고,0,1,0,0,차대차 - 측면직각충돌,안전운전불이행,건조,맑음,단일로 - 기타,승용,남,42세,상해없음,원동기,남,17세,중상
2014011900100438,2014년 1월 19일 23시,일요일,충청북도 청주시 청원구 오창읍,중상사고,0,1,0,0,차대사람 - 기타,안전운전불이행,건조,맑음,단일로 - 기타,승용,남,54세,상해없음,보행자,여,56세,중상
2014012000100016,2014년 1월 20일 01시,월요일,충청북도 청주시 청원구 우암동,경상사고,0,0,1,0,차대차 - 기타,안전운전불이행,건조,맑음,단일로 - 기타,승용,여,29세,상해없음,승용,남,49세,경상
2014012000100061,2014년 1월 20일 05시,월요일,충청북도 청주시 흥덕구 문암동,경상사고,0,0,1,0,차대차 - 측면직각충돌,안전운전불이행,결빙,눈,단일로 - 기타,승용,남,23세,상해없음,승용,남,35세,경상
2014012000100145,2014년 1월 20일 08시,월요일,충청북도 충주시 금가면,경상사고,0,0,1,0,차대차 - 추돌 - 진행중,직진우회전진행방해,적설,눈,교차로 - 교차로안,승용,남,55세,상해없음,승용,남,52세,상해없음
2014012000100146,2014년 1월 20일 08시,월요일,충청북도 제천시 모산동,중상사고,0,1,1,0,차대차 - 기타,중앙선침범,적설,흐림,단일로 - 기타,승합,남,45세,중상,승합,남,50세,경상
2014012000100147,2014년 1월 20일 08시,월요일,충청북도 제천시 대랑동,중상사고,0,1,0,0,차량단독 - 전도전복,안전운전불이행,적설,눈,단일로 - 기타,승용,여,45세,중상,,,,
2014012000100188,2014년 1월 20일 09시,월요일,충청북도 충주시 노은면,경상사고,0,0,2,0,차대차 - 측면직각충돌,안전운전불이행,결빙,눈,단일로 - 기타,화물,남,54세,상해없음,승용,여,45세,경상
2014012000100224,2014년 1월 20일 10시,월요일,충청북도 영동군 매곡면,중상사고,0,1,0,0,차대차 - 기타,안전운전불이행,결빙,눈,교차로 - 교차로안,승용,남,46세,상해없음,화물,남,23세,중상
2014012000100225,2014년 1월 20일 10시,월요일,충청북도 음성군 감곡면,경상사고,0,0,2,0,차대차 - 기타,중앙선침범,적설,맑음,단일로 - 기타,승용,여,36세,경상,화물,남,53세,경상
2014012000100226,2014년 1월 20일 10시,월요일,충청북도 청주시 흥덕구 오송읍,경상사고,0,0,1,0,차대차 - 측면직각충돌,신호위반,건조,맑음,교차로 - 교차로안,화물,남,65세,상해없음,승용,남,41세,경상
2014012000100266,2014년 1월 20일 11시,월요일,충청북도 진천군 진천읍,경상사고,0,0,2,0,차대차 - 정면충돌,중앙선침범,습기,눈,단일로 - 기타,승용,남,68세,상해없음,승용,남,61세,경상
2014012000100300,2014년 1월 20일 12시,월요일,충청북도 제천시 두학동,부상신고사고,0,0,0,1,차량단독 - 공작물충돌,안전운전불이행,결빙,흐림,단일로 - 기타,승용,여,34세,부상신고,,,,
2014012000100327,2014년 1월 20일 13시,월요일,충청북도 청주시 청원구 사천동,경상사고,0,0,1,0,차량단독 - 기타,안전운전불이행,건조,맑음,단일로 - 기타,승합,남,51세,상해없음,,,,
2014012000100328,2014년 1월 20일 13시,월요일,충청북도 제천시 고명동,경상사고,0,0,2,0,차대차 - 기타,안전운전불이행,결빙,눈,단일로 - 기타,승용,남,57세,상해없음,화물,남,29세,경상
2014012000100363,2014년 1월 20일 14시,월요일,충청북도 제천시 청전동,중상사고,0,1,0,0,차대차 - 기타,안전운전불이행,건조,맑음,기타 - 기타,화물,남,59세,상해없음,승용,남,50세,중상
2014012000100382,2014년 1월 20일 15시,월요일,충청북도 제천시 남천동,중상사고,0,1,0,0,차대차 - 기타,직진우회전진행방해,습기,눈,교차로 - 교차로안,승용,남,55세,상해없음,이륜,남,50세,중상
2014012000100383,2014년 1월 20일 15시,월요일,충청북도 옥천군 옥천읍,경상사고,0,0,1,0,차대차 - 추돌 - 진행중,안전운전불이행,건조,맑음,교차로 - 교차로부근,승용,남,54세,상해없음,승합,남,47세,경상
2014012000100419,2014년 1월 20일 16시,월요일,충청북도 청주시 상당구 남주동,경상사고,0,0,4,0,차대차 - 측면직각충돌,안전운전불이행,건조,맑음,교차로 - 교차로부근,승용,여,55세,상해없음,승용,여,45세,경상
2014012000100420,2014년 1월 20일 16시,월요일,충청북도 충주시 연수동,경상사고,0,0,1,0,차대차 - 추돌 - 진행중,안전운전불이행,적설,눈,단일로 - 기타,승용,여,43세,상해없음,승용,남,39세,경상
2014012000100446,2014년 1월 20일 17시,월요일,충청북도 충주시 충의동,경상사고,0,0,1,0,차대사람 - 기타,안전운전불이행,습기,흐림,단일로 - 기타,승용,남,69세,상해없음,보행자,남,70세,경상
2014012000100447,2014년 1월 20일 17시,월요일,충청북도 음성군 생극면,중상사고,0,1,0,0,차대차 - 기타,안전운전불이행,습기,흐림,교차로 - 교차로안,승용,여,28세,상해없음,이륜,여,71세,중상
2014012000100448,2014년 1월 20일 17시,월요일,충청북도 단양군 단성면,경상사고,0,0,2,0,차량단독 - 공작물충돌,안전운전불이행,결빙,눈,교차로 - 교차로안,승용,남,64세,상해없음,,,,
2014012000100490,2014년 1월 20일 18시,월요일,충청북도 청주시 청원구 내덕동,경상사고,0,0,1,0,차대차 - 측면직각충돌,안전운전불이행,습기,눈,교차로 - 교차로부근,승용,남,41세,상해없음,승용,여,41세,경상
2014012000100491,2014년 1월 20일 18시,월요일,충청북도 제천시 고암동,경상사고,0,0,1,0,차대차 - 기타,안전운전불이행,적설,눈,단일로 - 기타,승용,남,23세,상해없음,승합,남,31세,경상
2014012000100545,2014년 1월 20일 19시,월요일,충청북도 청주시 서원구 개신동,경상사고,0,0,1,0,차대차 - 추돌 - 주정차중,안전운전불이행,건조,맑음,교차로 - 교차로부근,승용,남,41세,상해없음,승용,남,53세,경상
2014012000100581,2014년 1월 20일 20시,월요일,충청북도 옥천군 군서면,부상신고사고,0,0,0,1,차대사람 - 기타,안전운전불이행,적설,눈,단일로 - 기타,기타불명,기타불명,기타불명,기타불명,보행자,남,57세,부상신고
2014012000100619,2014년 1월 20일 21시,월요일,충청북도 옥천군 옥천읍,경상사고,0,0,5,0,차대차 - 측면직각충돌,안전운전불이행,습기,흐림,교차로 - 교차로안,승용,남,53세,상해없음,승합,남,47세,경상
2014012000100658,2014년 1월 20일 22시,월요일,충청북도 영동군 영동읍,중상사고,0,1,0,0,차대차 - 기타,교차로운행방법위반,결빙,맑음,교차로 - 교차로안,승용,남,40세,상해없음,승용,여,61세,상해없음
2014012100100005,2014년 1월 21일 00시,화요일,충청북도 제천시 중앙로2가,중상사고,0,1,0,0,차대차 - 기타,안전운전불이행,결빙,맑음,단일로 - 기타,승용,남,50세,상해없음,승용,남,44세,중상
2014012100100006,2014년 1월 21일 00시,화요일,충청북도 청주시 서원구 산남동,중상사고,0,1,1,0,차대차 - 기타,안전운전불이행,습기,흐림,단일로 - 기타,승용,남,47세,상해없음,승용,남,54세,중상
2014012100100075,2014년 1월 21일 07시,화요일,충청북도 음성군 대소면,중상사고,0,1,0,0,차대차 - 기타,안전운전불이행,결빙,맑음,교차로 - 교차로부근,승합,남,45세,상해없음,화물,남,53세,상해없음
2014012100100109,2014년 1월 21일 08시,화요일,충청북도 제천시 봉양읍,경상사고,0,0,1,0,차대차 - 기타,안전운전불이행,적설,눈,교차로 - 교차로부근,승합,남,63세,상해없음,승용,남,55세,상해없음
2014012100100146,2014년 1월 21일 09시,화요일,충청북도 충주시 신니면,중상사고,0,1,0,1,차대차 - 추돌 - 진행중,안전운전불이행,결빙,맑음,단일로 - 기타,승용,남,53세,부상신고,화물,남,53세,중상
2014012100100147,2014년 1월 21일 09시,화요일,충청북도 충주시 연수동,경상사고,0,0,1,0,차대차 - 추돌 - 진행중,안전운전불이행,건조,맑음,교차로 - 교차로부근,승용,여,44세,상해없음,승용,여,44세,경상
2014012100100148,2014년 1월 21일 09시,화요일,충청북도 영동군 영동읍,중상사고,0,1,0,0,차대차 - 측면직각충돌,안전운전불이행,건조,맑음,교차로 - 교차로부근,화물,남,42세,상해없음,원동기,남,76세,중상
2014012100100184,2014년 1월 21일 10시,화요일,충청북도 청주시 서원구 사직동,중상사고,0,1,0,0,차대차 - 기타,안전운전불이행,건조,맑음,단일로 - 기타,이륜,남,75세,중상,화물,남,54세,상해없음
2014012100100225,2014년 1월 21일 12시,화요일,충청북도 음성군 음성읍,경상사고,0,0,1,0,차대사람 - 기타,안전운전불이행,결빙,맑음,교차로 - 교차로부근,승합,남,39세,상해없음,보행자,남,7세,경상
2014012100100270,2014년 1월 21일 14시,화요일,충청북도 청주시 청원구 우암동,경상사고,0,0,1,0,차대차 - 기타,신호위반,건조,맑음,교차로 - 교차로안,승용,남,39세,상해없음,승용,여,48세,경상
2014012100100301,2014년 1월 21일 15시,화요일,충청북도 충주시 호암동,경상사고,0,0,4,0,차대차 - 추돌 - 진행중,교차로운행방법위반,건조,맑음,교차로 - 교차로안,승용,여,45세,경상,승용,남,68세,경상
2014012100100302,2014년 1월 21일 15시,화요일,충청북도 제천시 고암동,경상사고,0,0,1,0,차대차 - 기타,안전거리미확보,습기,흐림,단일로 - 기타,화물,남,61세,상해없음,승용,남,31세,경상
2014012100100303,2014년 1월 21일 15시,화요일,충청북도 음성군 음성읍,중상사고,0,1,2,0,차대차 - 기타,신호위반,건조,맑음,교차로 - 교차로안,승용,남,80세,상해없음,승용,남,41세,경상
2014012100100333,2014년 1월 21일 16시,화요일,충청북도 충주시 금릉동,경상사고,0,0,1,0,차대차 - 추돌 - 진행중,중앙선침범,습기,맑음,단일로 - 기타,승용,남,65세,상해없음,승용,여,32세,경상
2014012100100355,2014년 1월 21일 17시,화요일,충청북도 청주시 흥덕구 복대동,경상사고,0,0,1,0,차대사람 - 횡단중,안전운전불이행,건조,맑음,단일로 - 횡단보도상,승용,남,22세,상해없음,보행자,여,78세,경상
2014012100100388,2014년 1월 21일 18시,화요일,충청북도 제천시 의림동,경상사고,0,0,2,0,차대차 - 기타,직진우회전진행방해,습기,맑음,교차로 - 교차로안,승용,남,45세,경상,승용,여,32세,경상
2014012100100389,2014년 1월 21일 18시,화요일,충청북도 증평군 증평읍,경상사고,0,0,4,0,차대차 - 측면직각충돌,직진우회전진행방해,건조,맑음,교차로 - 교차로안,승용,남,44세,상해없음,승용,남,39세,상해없음
2014012100100390,2014년 1월 21일 18시,화요일,충청북도 음성군 음성읍,부상신고사고,0,0,0,1,차대사람 - 기타,안전운전불이행,건조,맑음,단일로 - 횡단보도상,기타불명,기타불명,기타불명,기타불명,보행자,여,21세,부상신고
2014012100100391,2014년 1월 21일 18시,화요일,충청북도 청주시 흥덕구 복대동,중상사고,0,1,0,0,차대사람 - 횡단중,안전운전불이행,건조,맑음,단일로 - 기타,이륜,남,50세,상해없음,보행자,여,57세,중상
2014012100100392,2014년 1월 21일 18시,화요일,충청북도 청주시 서원구 분평동,경상사고,0,0,1,0,차대차 - 기타,안전거리미확보,건조,맑음,교차로 - 교차로부근,승용,남,59세,상해없음,승합,남,51세,상해없음
2014012100100432,2014년 1월 21일 19시,화요일,충청북도 청주시 흥덕구 봉명동,중상사고,0,1,4,0,차대차 - 측면직각충돌,신호위반,건조,맑음,교차로 - 교차로부근,승용,여,56세,경상,승용,남,33세,경상
2014012100100464,2014년 1월 21일 20시,화요일,충청북도 청주시 흥덕구 복대동,경상사고,0,0,1,0,차대차 - 기타,안전운전불이행,건조,맑음,단일로 - 기타,승용,남,24세,상해없음,승합,남,37세,상해없음
2014012100100496,2014년 1월 21일 21시,화요일,충청북도 청주시 청원구 내덕동,경상사고,0,0,2,0,차대차 - 기타,교차로운행방법위반,건조,맑음,교차로 - 교차로안,승용,남,41세,상해없음,승용,남,44세,경상
2014012100100497,2014년 1월 21일 21시,화요일,충청북도 충주시 성서동,경상사고,0,0,1,0,차대사람 - 기타,안전운전불이행,건조,맑음,단일로 - 기타,승용,여,52세,상해없음,보행자,남,19세,경상
2014012100100521,2014년 1월 21일 22시,화요일,충청북도 옥천군 옥천읍,사망사고,1,0,0,0,차대사람 - 횡단중,신호위반,결빙,흐림,교차로 - 교차로안,화물,남,55세,상해없음,보행자,남,16세,사망
2014012100100541,2014년 1월 21일 23시,화요일,충청북도 청주시 흥덕구 봉명동,중상사고,0,3,0,0,차대차 - 추돌 - 주정차중,안전운전불이행,건조,맑음,교차로 - 교차로부근,승용,남,60세,상해없음,승용,남,61세,중상
2014012100100542,2014년 1월 21일 23시,화요일,충청북도 청주시 상당구 용암동,경상사고,0,0,1,0,차대차 - 기타,안전운전불이행,건조,맑음,단일로 - 기타,승용,남,35세,상해없음,승용,여,23세,경상
2014012200100102,2014년 1월 22일 08시,수요일,충청북도 청주시 흥덕구 송정동,중상사고,0,1,1,0,차대차 - 측면직각충돌,안전운전불이행,건조,맑음,교차로 - 교차로부근,승용,여,39세,중상,승용,남,29세,경상
2014012200100103,2014년 1월 22일 08시,수요일,충청북도 청주시 흥덕구 강서동,경상사고,0,0,2,0,차대차 - 기타,중앙선침범,건조,맑음,단일로 - 기타,승용,남,24세,상해없음,화물,남,48세,경상
2014012200100140,2014년 1월 22일 09시,수요일,충청북도 옥천군 옥천읍,경상사고,0,0,2,0,차대차 - 측면직각충돌,교차로운행방법위반,건조,맑음,교차로 - 교차로부근,승용,남,64세,상해없음,승용,남,39세,상해없음
2014012200100246,2014년 1월 22일 13시,수요일,충청북도 충주시 대소원면,사망사고,1,1,7,0,차대차 - 추돌 - 진행중,안전운전불이행,건조,맑음,교차로 - 교차로부근,화물,남,51세,사망,화물,남,52세,중상
2014012200100247,2014년 1월 22일 13시,수요일,충청북도 옥천군 옥천읍,중상사고,0,1,0,0,차대차 - 측면직각충돌,신호위반,건조,맑음,교차로 - 교차로안,화물,남,49세,상해없음,승용,남,48세,중상
2014012200100272,2014년 1월 22일 14시,수요일,충청북도 옥천군 옥천읍,중상사고,0,1,0,0,차대차 - 측면직각충돌,교차로운행방법위반,건조,맑음,교차로 - 교차로안,이륜,여,57세,중상,승용,여,32세,상해없음
2014012200100305,2014년 1월 22일 15시,수요일,충청북도 제천시 장락동,경상사고,0,0,1,0,차대차 - 기타,직진우회전진행방해,건조,맑음,교차로 - 교차로안,화물,남,28세,상해없음,승용,남,32세,경상
2014012200100306,2014년 1월 22일 15시,수요일,충청북도 증평군 증평읍,경상사고,0,0,3,0,차대차 - 측면직각충돌,안전운전불이행,건조,맑음,단일로 - 기타,특수,남,49세,상해없음,승용,남,55세,경상
2014012200100307,2014년 1월 22일 15시,수요일,충청북도 청주시 흥덕구 비하동,중상사고,0,1,3,0,차대차 - 추돌 - 진행중,안전거리미확보,건조,맑음,단일로 - 기타,화물,남,41세,경상,승용,여,20세,경상
2014012200100365,2014년 1월 22일 17시,수요일,충청북도 음성군 음성읍,중상사고,0,1,1,0,차대차 - 추돌 - 주정차중,안전운전불이행,기타,맑음,교차로 - 교차로부근,화물,남,61세,상해없음,승용,여,53세,중상
2014012200100393,2014년 1월 22일 18시,수요일,충청북도 청주시 상당구 가덕면,경상사고,0,0,1,0,차대차 - 측면직각충돌,신호위반,건조,맑음,교차로 - 교차로안,화물,남,32세,상해없음,승용,여,47세,경상
2014012200100442,2014년 1월 22일 19시,수요일,충청북도 제천시 하소동,경상사고,0,0,1,0,차대차 - 기타,안전운전불이행,건조,맑음,교차로 - 교차로안,승합,남,54세,상해없음,승용,남,56세,상해없음
2014012200100443,2014년 1월 22일 19시,수요일,충청북도 청주시 흥덕구 복대동,부상신고사고,0,0,0,1,차대차 - 측면직각충돌,안전운전불이행,건조,맑음,교차로 - 교차로안,이륜,남,33세,부상신고,승용,남,27세,상해없음
2014012200100509,2014년 1월 22일 21시,수요일,충청북도 청주시 상당구 금천동,경상사고,0,0,1,0,차대차 - 기타,중앙선침범,건조,맑음,단일로 - 기타,승용,여,47세,상해없음,이륜,남,21세,경상
2014012200100550,2014년 1월 22일 22시,수요일,충청북도 청주시 청원구 우암동,경상사고,0,0,2,0,차대차 - 기타,안전운전불이행,건조,맑음,기타 - 기타,승합,남,55세,상해없음,승합,남,53세,경상
2014012200100551,2014년 1월 22일 22시,수요일,충청북도 청주시 서원구 모충동,중상사고,0,1,0,0,차대사람 - 기타,안전운전불이행,건조,기타,단일로 - 기타,기타불명,기타불명,기타불명,기타불명,보행자,남,51세,중상
2014012200100580,2014년 1월 22일 23시,수요일,충청북도 청주시 상당구 서운동,경상사고,0,0,3,0,차대차 - 측면직각충돌,교차로운행방법위반,건조,맑음,교차로 - 교차로안,승용,남,50세,경상,승용,남,55세,경상
2014012200100581,2014년 1월 22일 23시,수요일,충청북도 충주시 주덕읍,경상사고,0,0,1,0,차대차 - 정면충돌,중앙선침범,건조,흐림,단일로 - 기타,화물,남,45세,상해없음,승용,남,40세,경상
2014012300100013,2014년 1월 23일 00시,목요일,충청북도 제천시 청전동,경상사고,0,0,1,0,차대차 - 기타,안전운전불이행,건조,맑음,단일로 - 기타,승용,여,44세,상해없음,화물,남,55세,기타불명
2014012300100071,2014년 1월 23일 05시,목요일,충청북도 충주시 용탄동,중상사고,0,1,1,0,차대차 - 측면직각충돌,직진우회전진행방해,결빙,안개,교차로 - 교차로안,화물,남,40세,상해없음,승용,여,60세,경상
2014012300100072,2014년 1월 23일 05시,목요일,충청북도 청주시 서원구 사직동,중상사고,0,1,0,0,차대차 - 정면충돌,신호위반,건조,맑음,교차로 - 교차로안,승용,남,40세,상해없음,자전거,남,59세,중상
2014012300100088,2014년 1월 23일 06시,목요일,충청북도 청주시 흥덕구 봉명동,중상사고,0,1,0,0,차대사람 - 횡단중,안전운전불이행,건조,맑음,교차로 - 교차로부근,승용,여,28세,상해없음,보행자,남,54세,중상
2014012300100106,2014년 1월 23일 07시,목요일,충청북도 충주시 호암동,경상사고,0,0,1,0,차대차 - 추돌 - 주정차중,안전거리미확보,건조,맑음,단일로 - 기타,화물,남,55세,상해없음,승용,여,40세,경상
2014012300100107,2014년 1월 23일 07시,목요일,충청북도 청주시 상당구 남일면,중상사고,0,1,0,0,차대차 - 기타,중앙선침범,결빙,맑음,단일로 - 기타,승용,남,41세,상해없음,승용,남,29세,중상
2014012300100135,2014년 1월 23일 08시,목요일,충청북도 충주시 용관동,중상사고,0,2,0,0,차대차 - 추돌 - 진행중,교차로운행방법위반,건조,맑음,교차로 - 교차로안,승용,남,27세,상해없음,승용,남,40세,중상
2014012300100136,2014년 1월 23일 08시,목요일,충청북도 청주시 흥덕구 운천동,경상사고,0,0,1,0,차대차 - 측면직각충돌,안전운전불이행,건조,맑음,단일로 - 기타,승용,여,35세,상해없음,승용,남,41세,경상
2014012300100137,2014년 1월 23일 08시,목요일,충청북도 청주시 흥덕구 복대동,경상사고,0,0,1,0,차대차 - 기타,안전거리미확보,건조,맑음,단일로 - 기타,승용,여,55세,상해없음,승용,남,72세,경상
2014012300100138,2014년 1월 23일 08시,목요일,충청북도 청주시 상당구 용암동,경상사고,0,0,2,0,차대차 - 기타,중앙선침범,건조,맑음,교차로 - 교차로부근,승용,여,47세,상해없음,승용,여,56세,경상
2014012300100170,2014년 1월 23일 09시,목요일,충청북도 충주시 수안보면,경상사고,0,0,2,0,차대차 - 추돌 - 진행중,안전운전불이행,건조,맑음,단일로 - 기타,화물,남,53세,상해없음,승용,남,49세,상해없음
2014012300100225,2014년 1월 23일 11시,목요일,충청북도 음성군 대소면,중상사고,0,4,0,0,차대차 - 측면직각충돌,교차로운행방법위반,건조,맑음,교차로 - 교차로안,화물,남,53세,중상,승용,여,54세,중상
2014012300100226,2014년 1월 23일 11시,목요일,충청북도 청주시 흥덕구 가경동,중상사고,0,1,1,0,차대차 - 추돌 - 주정차중,안전운전불이행,건조,맑음,교차로 - 교차로부근,승용,남,48세,상해없음,승용,여,30세,중상
2014012300100277,2014년 1월 23일 13시,목요일,충청북도 괴산군 감물면,경상사고,0,0,1,0,차대차 - 추돌 - 진행중,안전운전불이행,건조,맑음,단일로 - 기타,승용,남,79세,상해없음,승용,여,29세,경상
2014012300100278,2014년 1월 23일 13시,목요일,충청북도 단양군 매포읍,중상사고,0,1,1,0,차대차 - 추돌 - 주정차중,안전운전불이행,건조,맑음,단일로 - 기타,화물,남,47세,중상,화물,남,62세,경상
2014012300100306,2014년 1월 23일 14시,목요일,충청북도 충주시 연수동,경상사고,0,0,1,0,차대사람 - 기타,안전운전불이행,건조,맑음,단일로 - 기타,승용,여,50세,상해없음,보행자,남,19세,경상
2014012300100332,2014년 1월 23일 15시,목요일,충청북도 단양군 매포읍,경상사고,0,0,2,0,차대차 - 측면직각충돌,안전운전불이행,습기,맑음,교차로 - 교차로안,화물,남,49세,경상,건설기계,남,49세,경상
2014012300100369,2014년 1월 23일 16시,목요일,충청북도 제천시 금성면,중상사고,0,1,3,0,차대차 - 기타,안전운전불이행,기타,맑음,단일로 - 기타,승용,남,69세,상해없음,승합,남,49세,중상
2014012300100370,2014년 1월 23일 16시,목요일,충청북도 제천시 영천동,중상사고,0,2,0,0,차대차 - 기타,안전운전불이행,건조,맑음,기타 - 기타,승용,여,49세,상해없음,승용,남,51세,중상
2014012300100424,2014년 1월 23일 18시,목요일,충청북도 보은군 수한면,사망사고,1,0,0,0,차량단독 - 기타,안전운전불이행,결빙,맑음,교차로 - 교차로부근,농기계,남,89세,사망,,,,
2014012300100425,2014년 1월 23일 18시,목요일,충청북도 옥천군 옥천읍,경상사고,0,0,1,0,차대차 - 측면직각충돌,교차로운행방법위반,건조,맑음,교차로 - 교차로안,승용,남,55세,상해없음,승용,여,52세,경상
2014012300100426,2014년 1월 23일 18시,목요일,충청북도 진천군 광혜원면,중상사고,0,2,0,0,차대차 - 측면직각충돌,교차로운행방법위반,건조,맑음,교차로 - 교차로안,자전거,남,56세,중상,화물,남,60세,중상
2014012300100510,2014년 1월 23일 20시,목요일,충청북도 충주시 주덕읍,중상사고,0,1,0,0,차량단독 - 공작물충돌,안전운전불이행,건조,맑음,단일로 - 기타,화물,남,49세,중상,,,,
2014012300100511,2014년 1월 23일 20시,목요일,충청북도 제천시 중앙로1가,중상사고,0,3,4,0,차대차 - 추돌 - 진행중,안전거리미확보,습기,맑음,단일로 - 기타,승용,남,38세,상해없음,승용,여,35세,중상
2014012300100543,2014년 1월 23일 21시,목요일,충청북도 진천군 이월면,경상사고,0,0,3,0,차대차 - 추돌 - 주정차중,안전운전불이행,건조,맑음,교차로 - 교차로부근,승용,남,47세,상해없음,승용,남,48세,경상
2014012300100544,2014년 1월 23일 21시,목요일,충청북도 청주시 흥덕구 오송읍,경상사고,0,0,1,0,차량단독 - 기타,안전운전불이행,건조,맑음,교차로 - 교차로부근,승용,남,60세,상해없음,,,,
2014012300100581,2014년 1월 23일 22시,목요일,충청북도 충주시 교현동,경상사고,0,0,1,0,차대차 - 추돌 - 진행중,직진우회전진행방해,건조,맑음,교차로 - 교차로안,승용,남,68세,상해없음,원동기,남,16세,경상
2014012300100582,2014년 1월 23일 22시,목요일,충청북도 청주시 흥덕구 운천동,경상사고,0,0,1,0,차대차 - 측면직각충돌,기타,건조,맑음,교차로 - 교차로안,승용,남,35세,상해없음,승용,남,45세,경상
2014012400100015,2014년 1월 24일 00시,금요일,충청북도 충주시 연수동,경상사고,0,0,1,0,차대차 - 추돌 - 주정차중,안전운전불이행,건조,맑음,단일로 - 기타,승용,남,51세,상해없음,승용,남,35세,경상
2014012400100016,2014년 1월 24일 00시,금요일,충청북도 괴산군 괴산읍,경상사고,0,0,1,0,차대차 - 기타,안전운전불이행,건조,맑음,교차로 - 교차로안,승용,여,51세,경상,승용,남,45세,상해없음
2014012400100017,2014년 1월 24일 00시,금요일,충청북도 청주시 서원구 모충동,경상사고,0,0,2,0,차대차 - 기타,안전운전불이행,건조,맑음,단일로 - 기타,승용,남,46세,상해없음,승용,여,42세,경상
2014012400100039,2014년 1월 24일 01시,금요일,충청북도 청주시 상당구 북문로1가동,경상사고,0,0,1,0,차대차 - 추돌 - 주정차중,안전운전불이행,건조,맑음,교차로 - 교차로부근,승용,여,57세,상해없음,승용,남,27세,경상
2014012400100092,2014년 1월 24일 05시,금요일,충청북도 옥천군 옥천읍,중상사고,0,1,0,0,차대차 - 측면직각충돌,신호위반,건조,맑음,교차로 - 교차로안,화물,남,48세,상해없음,승용,남,33세,중상
2014012400100100,2014년 1월 24일 06시,금요일,충청북도 청주시 흥덕구 옥산면,경상사고,0,0,1,0,차량단독 - 전도전복,안전운전불이행,건조,맑음,단일로 - 기타,승용,남,55세,경상,,,,
2014012400100147,2014년 1월 24일 08시,금요일,충청북도 영동군 영동읍,중상사고,0,3,0,0,차대차 - 기타,중앙선침범,결빙,맑음,단일로 - 기타,승용,남,58세,중상,화물,남,40세,중상
2014012400100170,2014년 1월 24일 09시,금요일,충청북도 청주시 청원구 율량동,중상사고,0,1,0,0,차대차 - 기타,안전운전불이행,건조,맑음,교차로 - 교차로부근,승용,남,41세,상해없음,이륜,남,56세,중상
2014012400100171,2014년 1월 24일 09시,금요일,충청북도 충주시 달천동,경상사고,0,0,1,0,차대차 - 추돌 - 진행중,안전운전불이행,건조,맑음,교차로 - 교차로부근,특수,남,41세,상해없음,승용,남,47세,경상
2014012400100172,2014년 1월 24일 09시,금요일,충청북도 충주시 중앙탑면,경상사고,0,0,1,0,차대차 - 추돌 - 주정차중,안전운전불이행,건조,맑음,단일로 - 기타,화물,남,52세,경상,승합,남,53세,기타불명
2014012400100224,2014년 1월 24일 11시,금요일,충청북도 청주시 청원구 내수읍,경상사고,0,0,4,0,차대차 - 기타,교차로운행방법위반,건조,맑음,교차로 - 교차로안,승용,여,34세,상해없음,승용,남,29세,경상
2014012400100225,2014년 1월 24일 11시,금요일,충청북도 영동군 용화면,중상사고,0,1,0,0,차대사람 - 기타,기타,건조,맑음,교차로 - 교차로부근,화물,남,52세,상해없음,보행자,여,87세,중상
2014012400100226,2014년 1월 24일 11시,금요일,충청북도 보은군 보은읍,중상사고,0,1,0,0,차대차 - 측면직각충돌,안전운전불이행,건조,맑음,기타 - 기타,화물,남,65세,상해없음,자전거,남,73세,중상
2014012400100245,2014년 1월 24일 12시,금요일,충청북도 청주시 흥덕구 옥산면,경상사고,0,0,1,0,차량단독 - 도로외이탈 - 기타,안전운전불이행,결빙,맑음,단일로 - 기타,승용,남,53세,경상,,,,
2014012400100311,2014년 1월 24일 15시,금요일,충청북도 청주시 청원구 사천동,경상사고,0,0,4,0,차대차 - 추돌 - 주정차중,안전거리미확보,건조,맑음,단일로 - 기타,화물,남,71세,상해없음,승용,남,57세,경상
2014012400100312,2014년 1월 24일 15시,금요일,충청북도 청주시 상당구 용암동,중상사고,0,1,0,0,차대차 - 기타,안전운전불이행,건조,맑음,단일로 - 기타,승용,남,42세,상해없음,자전거,여,52세,중상
2014012400100378,2014년 1월 24일 17시,금요일,충청북도 충주시 목행동,중상사고,0,1,0,0,차대차 - 기타,안전운전불이행,건조,맑음,단일로 - 기타,승용,남,27세,상해없음,승용,남,67세,중상
2014012400100419,2014년 1월 24일 18시,금요일,충청북도 청주시 흥덕구 복대동,중상사고,0,1,0,0,차대차 - 측면직각충돌,안전거리미확보,건조,맑음,단일로 - 기타,승용,남,53세,상해없음,이륜,남,22세,중상
2014012400100420,2014년 1월 24일 18시,금요일,충청북도 청주시 흥덕구 복대동,경상사고,0,0,1,0,차대사람 - 기타,안전운전불이행,건조,맑음,단일로 - 기타,승용,남,36세,상해없음,보행자,남,44세,경상