사고번호,사고일시,요일,시군구,사고내용,사망자수,중상자수,경상자수,부상신고자수,사고유형,법규위반,노면상태,기상상태,도로형태,가해운전자 차종,가해운전자 성별,가해운전자 연령,가해운전자 상해정도,피해운전자 차종,피해운전자 성별,피해운전자 연령,피해운전자 상해정도
2014012400100421,2014년 1월 24일 18시,금요일,충청북도 청주시 서원구 분평동,중상사고,0,1,0,0,차대차 - 기타,직진우회전진행방해,건조,맑음,교차로 - 교차로안,승용,여,39세,상해없음,이륜,남,42세,중상
2014012400100488,2014년 1월 24일 19시,금요일,충청북도 청주시 서원구 사직동,경상사고,0,0,2,0,차대차 - 추돌 - 진행중,안전운전불이행,건조,맑음,단일로 - 기타,화물,남,67세,상해없음,승용,남,59세,경상
2014012400100489,2014년 1월 24일 19시,금요일,충청북도 청주시 흥덕구 복대동,경상사고,0,0,1,0,차대차 - 기타,안전운전불이행,건조,맑음,교차로 - 교차로부근,승용,여,32세,상해없음,승용,여,23세,경상
2014012400100534,2014년 1월 24일 20시,금요일,충청북도 청주시 청원구 오창읍,중상사고,0,1,0,0,차대차 - 추돌 - 주정차중,안전운전불이행,건조,맑음,교차로 - 교차로부근,화물,남,63세,상해없음,승용,남,40세,중상
2014012400100535,2014년 1월 24일 20시,금요일,충청북도 청주시 흥덕구 문암동,중상사고,0,2,0,0,차량단독 - 공작물충돌,안전운전불이행,결빙,맑음,단일로 - 기타,화물,남,55세,중상,,,,
2014012400100574,2014년 1월 24일 21시,금요일,충청북도 음성군 금왕읍,경상사고,0,0,1,0,차대차 - 기타,안전운전불이행,건조,맑음,교차로 - 교차로안,승용,남,70세,상해없음,승용,여,28세,경상
2014012400100575,2014년 1월 24일 21시,금요일,충청북도 청주시 흥덕구 복대동,경상사고,0,0,2,0,차대차 - 기타,안전운전불이행,건조,맑음,교차로 - 교차로부근,승용,여,20세,경상,승용,남,55세,상해없음
2014012400100617,2014년 1월 24일 22시,금요일,충청북도 청주시 흥덕구 복대동,경상사고,0,0,2,0,차대차 - 추돌 - 주정차중,안전운전불이행,건조,맑음,단일로 - 기타,화물,남,56세,상해없음,승용,남,32세,경상
2014012400100618,2014년 1월 24일 22시,금요일,충청북도 청주시 상당구 용정동,경상사고,0,0,1,0,차대차 - 추돌 - 진행중,안전운전불이행,건조,맑음,단일로 - 기타,승용,남,48세,상해없음,승용,여,54세,경상
2014012400100660,2014년 1월 24일 23시,금요일,충청북도 청주시 청원구 주중동,중상사고,0,2,3,0,차대차 - 측면직각충돌,신호위반,건조,맑음,교차로 - 교차로안,승용,남,52세,중상,승용,남,64세,경상
2014012400100661,2014년 1월 24일 23시,금요일,충청북도 청주시 상당구 금천동,경상사고,0,0,1,0,차대사람 - 길가장자리구역통행중,보행자보호의무위반,건조,맑음,단일로 - 횡단보도상,화물,남,40세,상해없음,보행자,남,48세,경상
2014012400100662,2014년 1월 24일 23시,금요일,충청북도 단양군 단양읍,중상사고,0,2,1,0,차대차 - 정면충돌,중앙선침범,습기,흐림,단일로 - 기타,승용,남,35세,상해없음,승용,남,53세,중상
2014012500100017,2014년 1월 25일 00시,토요일,충청북도 제천시 청전동,경상사고,0,0,1,0,차대차 - 기타,중앙선침범,건조,맑음,교차로 - 교차로부근,승용,남,46세,상해없음,승용,남,50세,경상
2014012500100018,2014년 1월 25일 00시,토요일,충청북도 청주시 흥덕구 운천동,경상사고,0,0,2,0,차대차 - 측면직각충돌,신호위반,건조,맑음,교차로 - 교차로안,승용,남,27세,상해없음,승용,남,48세,경상
2014012500100019,2014년 1월 25일 00시,토요일,충청북도 청주시 상당구 영운동,중상사고,0,1,1,0,차대차 - 측면직각충돌,신호위반,건조,맑음,교차로 - 교차로안,승용,남,45세,상해없음,승용,남,31세,상해없음
2014012500100132,2014년 1월 25일 06시,토요일,충청북도 청주시 흥덕구 비하동,중상사고,0,2,1,0,차대차 - 측면직각충돌,신호위반,습기,비,교차로 - 교차로안,승용,남,55세,상해없음,승합,남,56세,상해없음
2014012500100174,2014년 1월 25일 08시,토요일,충청북도 충주시 연수동,중상사고,0,3,0,0,차대차 - 측면직각충돌,중앙선침범,결빙,맑음,단일로 - 기타,승용,여,50세,상해없음,승용,남,27세,중상
2014012500100175,2014년 1월 25일 08시,토요일,충청북도 제천시 신월동,경상사고,0,0,2,0,차대차 - 측면직각충돌,신호위반,습기,흐림,교차로 - 교차로안,승용,남,64세,상해없음,승용,남,32세,경상
2014012500100176,2014년 1월 25일 08시,토요일,충청북도 음성군 금왕읍,중상사고,0,4,2,0,차량단독 - 기타,안전운전불이행,결빙,흐림,단일로 - 기타,승용,여,53세,중상,,,,
2014012500100205,2014년 1월 25일 09시,토요일,충청북도 청주시 청원구 내수읍,경상사고,0,0,8,0,차대차 - 추돌 - 진행중,안전운전불이행,습기,비,단일로 - 기타,건설기계,남,49세,상해없음,승합,남,54세,경상
2014012500100206,2014년 1월 25일 09시,토요일,충청북도 음성군 대소면,경상사고,0,0,1,0,차대차 - 기타,신호위반,건조,맑음,교차로 - 교차로안,화물,남,44세,상해없음,승용,여,45세,경상
2014012500100266,2014년 1월 25일 12시,토요일,충청북도 제천시 고암동,중상사고,0,1,3,0,차대차 - 기타,신호위반,건조,맑음,교차로 - 교차로부근,승용,남,46세,상해없음,승용,여,39세,경상
2014012500100267,2014년 1월 25일 12시,토요일,충청북도 청주시 상당구 용암동,경상사고,0,0,1,0,차대차 - 기타,신호위반,건조,맑음,교차로 - 교차로안,이륜,남,18세,경상,승용,여,48세,상해없음
2014012500100300,2014년 1월 25일 13시,토요일,충청북도 청주시 청원구 우암동,경상사고,0,0,1,0,차대차 - 측면직각충돌,안전운전불이행,습기,흐림,교차로 - 교차로안,승용,여,47세,상해없음,승용,남,69세,경상
2014012500100326,2014년 1월 25일 14시,토요일,충청북도 음성군 삼성면,경상사고,0,0,2,0,차대차 - 측면직각충돌,교차로운행방법위반,습기,비,교차로 - 교차로안,화물,남,58세,경상,승용,남,41세,경상
2014012500100353,2014년 1월 25일 15시,토요일,충청북도 청주시 서원구 수곡동,경상사고,0,0,2,0,차대차 - 기타,안전운전불이행,습기,비,교차로 - 교차로안,승용,남,39세,경상,승용,남,59세,경상
2014012500100376,2014년 1월 25일 16시,토요일,충청북도 청주시 서원구 모충동,경상사고,0,0,2,0,차대차 - 추돌 - 주정차중,안전거리미확보,건조,맑음,교차로 - 교차로안,승용,남,57세,상해없음,승용,남,28세,경상
2014012500100377,2014년 1월 25일 16시,토요일,충청북도 청주시 상당구 용담동,경상사고,0,0,1,0,차대차 - 기타,안전운전불이행,건조,맑음,교차로 - 교차로부근,승용,남,51세,상해없음,승용,여,52세,경상
2014012500100404,2014년 1월 25일 17시,토요일,충청북도 청주시 상당구 금천동,경상사고,0,0,1,0,차대사람 - 기타,안전운전불이행,건조,맑음,단일로 - 기타,승용,남,53세,상해없음,보행자,남,55세,경상
2014012500100405,2014년 1월 25일 17시,토요일,충청북도 청주시 상당구 용암동,경상사고,0,0,1,0,차대차 - 기타,직진우회전진행방해,습기,흐림,교차로 - 교차로안,이륜,남,17세,상해없음,승용,남,28세,경상
2014012500100436,2014년 1월 25일 18시,토요일,충청북도 충주시 금릉동,경상사고,0,0,4,0,차대차 - 추돌 - 진행중,안전거리미확보,습기,흐림,단일로 - 기타,승용,남,27세,경상,승용,여,30세,경상
2014012500100437,2014년 1월 25일 18시,토요일,충청북도 청주시 흥덕구 옥산면,경상사고,0,0,2,0,차대차 - 정면충돌,중앙선침범,건조,맑음,교차로 - 교차로부근,승합,남,55세,상해없음,승용,여,35세,경상
2014012500100509,2014년 1월 25일 20시,토요일,충청북도 충주시 칠금동,사망사고,1,0,0,0,차대사람 - 횡단중,안전운전불이행,습기,흐림,단일로 - 기타,승용,남,34세,상해없음,보행자,여,72세,사망
2014012500100510,2014년 1월 25일 20시,토요일,충청북도 청주시 흥덕구 복대동,중상사고,0,3,2,0,차대차 - 측면직각충돌,신호위반,건조,맑음,교차로 - 교차로안,승용,남,22세,중상,승합,남,44세,경상
2014012500100511,2014년 1월 25일 20시,토요일,충청북도 청주시 흥덕구 복대동,중상사고,0,2,0,0,차대차 - 추돌 - 진행중,안전운전불이행,건조,맑음,단일로 - 기타,승용,남,39세,상해없음,승용,여,36세,중상
2014012500100512,2014년 1월 25일 20시,토요일,충청북도 청주시 흥덕구 비하동,중상사고,0,1,1,0,차대차 - 측면직각충돌,차로위반,건조,맑음,단일로 - 기타,승합,여,52세,상해없음,승용,남,53세,경상
2014012500100537,2014년 1월 25일 21시,토요일,충청북도 청주시 서원구 분평동,경상사고,0,0,1,0,차대차 - 기타,안전운전불이행,건조,맑음,교차로 - 교차로부근,승용,남,48세,상해없음,이륜,남,23세,경상
2014012500100575,2014년 1월 25일 22시,토요일,충청북도 청주시 흥덕구 신봉동,경상사고,0,0,1,0,차대차 - 추돌 - 주정차중,안전운전불이행,건조,맑음,단일로 - 기타,승용,남,47세,상해없음,승용,남,22세,경상
2014012500100602,2014년 1월 25일 23시,토요일,충청북도 제천시 하소동,경상사고,0,0,2,0,차대차 - 기타,중앙선침범,습기,흐림,단일로 - 기타,승용,남,39세,상해없음,승용,남,45세,경상
2014012600100010,2014년 1월 26일 00시,일요일,충청북도 제천시 남천동,중상사고,0,1,0,0,차대사람 - 횡단중,안전운전불이행,습기,비,단일로 - 기타,승용,남,43세,상해없음,보행자,남,66세,중상
2014012600100027,2014년 1월 26일 01시,일요일,충청북도 충주시 주덕읍,중상사고,0,1,0,0,차대사람 - 기타,안전운전불이행,기타,맑음,기타 - 기타,승용,남,29세,상해없음,보행자,남,57세,중상
2014012600100081,2014년 1월 26일 06시,일요일,충청북도 옥천군 동이면,경상사고,0,0,2,0,차대차 - 기타,기타,건조,맑음,단일로 - 기타,승용,남,42세,상해없음,승용,남,25세,경상
2014012600100090,2014년 1월 26일 07시,일요일,충청북도 제천시 송학면,중상사고,0,1,0,1,차대차 - 기타,안전운전불이행,결빙,맑음,교차로 - 교차로안,화물,남,57세,부상신고,화물,남,45세,중상
2014012600100091,2014년 1월 26일 07시,일요일,충청북도 청주시 흥덕구 가경동,중상사고,0,1,0,0,차대차 - 측면직각충돌,신호위반,건조,맑음,교차로 - 교차로안,승합,남,24세,상해없음,화물,남,68세,중상
2014012600100127,2014년 1월 26일 09시,일요일,충청북도 음성군 감곡면,경상사고,0,0,2,0,차대차 - 기타,교차로운행방법위반,건조,맑음,교차로 - 교차로안,승용,남,37세,상해없음,승용,남,73세,경상
2014012600100147,2014년 1월 26일 10시,일요일,충청북도 증평군 증평읍,중상사고,0,1,1,0,차대차 - 측면직각충돌,안전운전불이행,건조,맑음,단일로 - 기타,승용,남,65세,상해없음,승용,남,69세,중상
2014012600100165,2014년 1월 26일 11시,일요일,충청북도 청주시 상당구 수동,경상사고,0,0,1,0,차대차 - 기타,교차로운행방법위반,건조,맑음,교차로 - 교차로부근,승용,남,48세,상해없음,승용,남,57세,상해없음
2014012600100254,2014년 1월 26일 15시,일요일,충청북도 진천군 광혜원면,중상사고,0,1,0,0,차대사람 - 기타,안전운전불이행,건조,맑음,단일로 - 기타,승용,여,46세,상해없음,보행자,여,83세,중상
2014012600100255,2014년 1월 26일 15시,일요일,충청북도 청주시 흥덕구 가경동,경상사고,0,0,2,0,차대차 - 측면직각충돌,안전운전불이행,건조,맑음,단일로 - 기타,승용,남,37세,경상,승용,여,45세,경상
2014012600100282,2014년 1월 26일 16시,일요일,충청북도 청주시 상당구 용담동,중상사고,0,3,2,0,차대차 - 측면직각충돌,신호위반,건조,맑음,교차로 - 교차로안,승용,여,37세,기타불명,승용,남,46세,중상
2014012600100283,2014년 1월 26일 16시,일요일,충청북도 청주시 서원구 분평동,경상사고,0,0,1,0,차대차 - 측면직각충돌,신호위반,건조,맑음,교차로 - 교차로안,승용,남,31세,상해없음,승용,남,52세,경상
2014012600100302,2014년 1월 26일 17시,일요일,충청북도 청주시 청원구 사천동,경상사고,0,0,2,0,차대차 - 측면직각충돌,교차로운행방법위반,건조,맑음,교차로 - 교차로안,승용,남,27세,상해없음,승용,남,54세,경상
2014012600100303,2014년 1월 26일 17시,일요일,충청북도 청주시 청원구 오창읍,중상사고,0,2,1,0,차대차 - 측면직각충돌,신호위반,건조,맑음,교차로 - 교차로안,승용,남,22세,상해없음,승용,남,37세,중상
2014012600100304,2014년 1월 26일 17시,일요일,충청북도 음성군 원남면,중상사고,0,1,0,0,차대차 - 기타,안전운전불이행,건조,맑음,단일로 - 기타,승용,여,31세,상해없음,원동기,남,75세,중상
2014012600100329,2014년 1월 26일 18시,일요일,충청북도 청주시 청원구 주중동,경상사고,0,0,2,0,차대차 - 추돌 - 주정차중,안전운전불이행,건조,맑음,단일로 - 기타,승용,남,56세,상해없음,승용,여,30세,경상
2014012600100380,2014년 1월 26일 20시,일요일,충청북도 청주시 청원구 오창읍,중상사고,0,1,1,0,차대차 - 측면직각충돌,신호위반,건조,맑음,교차로 - 교차로안,승용,남,31세,중상,승용,남,31세,경상
2014012700100008,2014년 1월 27일 00시,월요일,충청북도 청주시 상당구 용암동,경상사고,0,0,1,0,차대차 - 측면직각충돌,안전운전불이행,건조,맑음,단일로 - 기타,화물,남,55세,경상,승합,남,33세,상해없음
2014012700100028,2014년 1월 27일 02시,월요일,충청북도 청주시 서원구 사창동,경상사고,0,0,3,0,차대차 - 측면직각충돌,안전운전불이행,건조,맑음,교차로 - 교차로안,승용,남,51세,상해없음,승용,남,23세,경상
2014012700100038,2014년 1월 27일 03시,월요일,충청북도 제천시 청전동,경상사고,0,0,2,0,차대차 - 기타,안전거리미확보,건조,맑음,교차로 - 교차로부근,승용,남,49세,상해없음,승용,남,40세,경상
2014012700100079,2014년 1월 27일 07시,월요일,충청북도 청주시 상당구 석교동,사망사고,1,0,0,0,차대사람 - 횡단중,안전운전불이행,건조,맑음,단일로 - 기타,이륜,남,63세,상해없음,보행자,여,77세,사망
2014012700100105,2014년 1월 27일 08시,월요일,충청북도 청주시 청원구 오창읍,경상사고,0,0,1,0,차대차 - 측면직각충돌,안전거리미확보,건조,맑음,단일로 - 기타,건설기계,남,61세,상해없음,화물,남,49세,경상
2014012700100277,2014년 1월 27일 14시,월요일,충청북도 충주시 목행동,중상사고,0,1,0,1,차대차 - 추돌 - 진행중,기타,건조,맑음,교차로 - 교차로안,승용,여,36세,부상신고,승용,남,54세,중상
2014012700100312,2014년 1월 27일 15시,월요일,충청북도 충주시 교현동,경상사고,0,0,3,0,차대차 - 기타,안전거리미확보,건조,맑음,교차로 - 교차로부근,승용,여,57세,상해없음,승용,남,34세,경상
2014012700100313,2014년 1월 27일 15시,월요일,충청북도 진천군 진천읍,경상사고,0,0,1,0,차대차 - 측면직각충돌,교차로운행방법위반,건조,맑음,교차로 - 교차로안,승용,남,62세,상해없음,승용,여,61세,경상
2014012700100314,2014년 1월 27일 15시,월요일,충청북도 청주시 흥덕구 석곡동,중상사고,0,1,0,0,차대차 - 정면충돌,안전운전불이행,건조,맑음,교차로 - 교차로안,특수,남,57세,상해없음,이륜,남,50세,중상
2014012700100347,2014년 1월 27일 16시,월요일,충청북도 청주시 흥덕구 가경동,경상사고,0,0,1,0,차대차 - 측면직각충돌,안전운전불이행,건조,맑음,교차로 - 교차로안,승용,남,62세,상해없음,승용,여,33세,경상
2014012700100407,2014년 1월 27일 18시,월요일,충청북도 청주시 흥덕구 가경동,경상사고,0,0,1,0,차대차 - 추돌 - 주정차중,기타,건조,맑음,단일로 - 기타,승용,남,57세,상해없음,이륜,남,31세,경상
2014012700100564,2014년 1월 27일 23시,월요일,충청북도 청주시 흥덕구 가경동,경상사고,0,0,1,0,차대차 - 추돌 - 진행중,신호위반,건조,맑음,교차로 - 교차로안,승용,남,57세,상해없음,승용,남,35세,경상
2014012700100565,2014년 1월 27일 23시,월요일,충청북도 청주시 상당구 용암동,경상사고,0,0,3,0,차대차 - 기타,안전운전불이행,건조,맑음,교차로 - 교차로부근,승용,남,37세,상해없음,승용,남,26세,경상
2014012800100078,2014년 1월 28일 05시,화요일,충청북도 청주시 청원구 오창읍,경상사고,0,0,1,0,차대차 - 측면직각충돌,신호위반,건조,맑음,교차로 - 교차로안,승용,남,21세,상해없음,승용,여,50세,경상
2014012800100079,2014년 1월 28일 05시,화요일,충청북도 진천군 덕산면,중상사고,0,2,0,0,차량단독 - 전도전복,안전운전불이행,결빙,흐림,단일로 - 기타,승용,남,39세,상해없음,,,,
2014012800100116,2014년 1월 28일 06시,화요일,충청북도 증평군 증평읍,경상사고,0,0,1,0,차대차 - 추돌 - 진행중,안전운전불이행,결빙,비,단일로 - 기타,특수,남,36세,상해없음,화물,남,64세,경상
2014012800100117,2014년 1월 28일 06시,화요일,충청북도 괴산군 사리면,중상사고,0,3,1,0,차대차 - 추돌 - 주정차중,안전운전불이행,결빙,맑음,단일로 - 기타,승용,남,33세,상해없음,화물,남,46세,상해없음
2014012800100118,2014년 1월 28일 06시,화요일,충청북도 진천군 광혜원면,중상사고,0,2,7,0,차량단독 - 전도전복,안전운전불이행,결빙,흐림,단일로 - 기타,승합,남,50세,상해없음,,,,
2014012800100119,2014년 1월 28일 06시,화요일,충청북도 진천군 초평면,중상사고,0,1,0,0,차대사람 - 기타,안전운전불이행,결빙,맑음,단일로 - 기타,승용,여,32세,상해없음,보행자,남,58세,중상
2014012800100120,2014년 1월 28일 06시,화요일,충청북도 청주시 서원구 장암동,중상사고,0,1,0,0,차대차 - 추돌 - 주정차중,안전운전불이행,건조,맑음,단일로 - 기타,승용,여,37세,상해없음,승용,여,43세,중상
2014012800100158,2014년 1월 28일 07시,화요일,충청북도 음성군 원남면,중상사고,0,1,0,0,차량단독 - 전도전복,안전운전불이행,결빙,흐림,단일로 - 기타,승용,남,55세,중상,,,,
2014012800100159,2014년 1월 28일 07시,화요일,충청북도 진천군 이월면,중상사고,0,1,0,0,차대사람 - 보도통행중,기타,결빙,흐림,단일로 - 기타,승용,남,36세,상해없음,보행자,여,63세,중상
2014012800100160,2014년 1월 28일 07시,화요일,충청북도 진천군 광혜원면,경상사고,0,0,2,0,차대차 - 측면직각충돌,안전운전불이행,결빙,비,단일로 - 기타,승용,남,35세,상해없음,승용,남,28세,경상
2014012800100161,2014년 1월 28일 07시,화요일,충청북도 청주시 상당구 월오동,중상사고,0,4,2,0,차량단독 - 기타,안전운전불이행,결빙,맑음,단일로 - 기타,승합,남,41세,중상,,,,
2014012800100196,2014년 1월 28일 08시,화요일,충청북도 청주시 상당구 금천동,경상사고,0,0,1,0,차대차 - 기타,교차로운행방법위반,습기,맑음,교차로 - 교차로안,승용,여,25세,상해없음,원동기,남,42세,경상
2014012800100197,2014년 1월 28일 08시,화요일,충청북도 제천시 청전동,경상사고,0,0,1,0,차대차 - 기타,안전거리미확보,건조,맑음,교차로 - 교차로부근,승용,여,37세,상해없음,승용,여,54세,경상
2014012800100198,2014년 1월 28일 08시,화요일,충청북도 증평군 증평읍,중상사고,0,3,1,0,차대차 - 기타,안전운전불이행,결빙,맑음,교차로 - 교차로안,승용,남,28세,상해없음,승용,남,34세,중상
2014012800100199,2014년 1월 28일 08시,화요일,충청북도 음성군 감곡면,중상사고,0,4,1,0,차대차 - 기타,안전운전불이행,결빙,흐림,단일로 - 기타,화물,남,51세,중상,승합,남,44세,상해없음
2014012800100200,2014년 1월 28일 08시,화요일,충청북도 진천군 문백면,경상사고,0,0,2,0,차량단독 - 기타,안전운전불이행,결빙,흐림,단일로 - 기타,승용,남,28세,상해없음,,,,
2014012800100201,2014년 1월 28일 08시,화요일,충청북도 진천군 광혜원면,경상사고,0,0,1,0,차대차 - 추돌 - 주정차중,안전운전불이행,결빙,맑음,단일로 - 기타,승용,남,41세,상해없음,승용,남,61세,경상
2014012800100202,2014년 1월 28일 08시,화요일,충청북도 진천군 광혜원면,경상사고,0,0,1,0,차대차 - 측면직각충돌,중앙선침범,결빙,흐림,교차로 - 교차로부근,승용,여,41세,상해없음,승용,남,38세,경상
2014012800100331,2014년 1월 28일 12시,화요일,충청북도 청주시 흥덕구 복대동,중상사고,0,1,0,0,차대차 - 기타,안전운전불이행,건조,맑음,단일로 - 기타,승용,남,59세,상해없음,자전거,남,68세,중상
2014012800100402,2014년 1월 28일 14시,화요일,충청북도 음성군 대소면,중상사고,0,1,0,0,차대차 - 기타,안전운전불이행,건조,맑음,단일로 - 기타,승용,여,60세,상해없음,승용,남,43세,중상
2014012800100436,2014년 1월 28일 15시,화요일,충청북도 옥천군 옥천읍,경상사고,0,0,1,0,차대차 - 측면직각충돌,안전운전불이행,건조,맑음,교차로 - 교차로안,화물,남,46세,상해없음,화물,남,49세,경상
2014012800100476,2014년 1월 28일 16시,화요일,충청북도 청주시 흥덕구 비하동,경상사고,0,0,1,0,차대차 - 추돌 - 진행중,안전거리미확보,건조,맑음,교차로 - 교차로부근,승용,여,34세,상해없음,승용,여,42세,경상
2014012800100477,2014년 1월 28일 16시,화요일,충청북도 청주시 흥덕구 봉명동,경상사고,0,0,2,0,차대사람 - 보도통행중,기타,건조,맑음,단일로 - 기타,이륜,남,44세,상해없음,보행자,여,1세,경상
2014012800100512,2014년 1월 28일 17시,화요일,충청북도 청주시 청원구 내덕동,경상사고,0,0,1,0,차대차 - 측면직각충돌,안전거리미확보,건조,맑음,단일로 - 기타,화물,남,71세,상해없음,승용,남,31세,경상
2014012800100553,2014년 1월 28일 18시,화요일,충청북도 청주시 흥덕구 봉명동,중상사고,0,1,0,0,차대사람 - 보도통행중,보행자보호의무위반,건조,맑음,단일로 - 횡단보도상,승용,남,61세,상해없음,보행자,여,52세,중상
2014012800100554,2014년 1월 28일 18시,화요일,충청북도 청주시 서원구 모충동,경상사고,0,0,2,0,차대차 - 추돌 - 진행중,안전거리미확보,건조,맑음,단일로 - 기타,승용,남,32세,상해없음,승용,남,48세,경상
2014012800100555,2014년 1월 28일 18시,화요일,충청북도 진천군 초평면,경상사고,0,0,2,0,차대차 - 추돌 - 진행중,안전거리미확보,건조,맑음,단일로 - 기타,승용,남,50세,상해없음,승용,여,57세,경상
2014012800100621,2014년 1월 28일 20시,화요일,충청북도 충주시 연수동,중상사고,0,1,0,0,차대사람 - 기타,안전운전불이행,건조,맑음,교차로 - 교차로안,승용,남,36세,상해없음,보행자,남,62세,중상
2014012800100645,2014년 1월 28일 21시,화요일,충청북도 제천시 의림동,경상사고,0,0,1,0,차대차 - 기타,안전운전불이행,건조,맑음,교차로 - 교차로부근,승용,남,50세,상해없음,원동기,남,20세,경상
2014012800100646,2014년 1월 28일 21시,화요일,충청북도 청주시 흥덕구 복대동,경상사고,0,0,1,0,차대차 - 추돌 - 진행중,안전운전불이행,건조,맑음,교차로 - 교차로부근,승용,남,34세,상해없음,승용,남,23세,경상
2014012800100706,2014년 1월 28일 23시,화요일,충청북도 청주시 청원구 내수읍,경상사고,0,0,1,0,차대사람 - 기타,보행자보호의무위반,건조,맑음,교차로 - 교차로부근,승용,남,41세,상해없음,보행자,여,19세,경상
2014012800100707,2014년 1월 28일 23시,화요일,충청북도 충주시 대소원면,중상사고,0,1,0,1,차대차 - 추돌 - 주정차중,안전운전불이행,건조,흐림,교차로 - 교차로부근,승합,남,44세,부상신고,화물,남,44세,중상
2014012800100708,2014년 1월 28일 23시,화요일,충청북도 청주시 흥덕구 송정동,경상사고,0,0,1,0,차대사람 - 횡단중,안전운전불이행,건조,맑음,단일로 - 기타,승용,남,47세,상해없음,보행자,여,27세,경상
2014012800100709,2014년 1월 28일 23시,화요일,충청북도 청주시 흥덕구 운천동,중상사고,0,1,3,0,차대차 - 측면직각충돌,안전운전불이행,건조,맑음,교차로 - 교차로부근,화물,남,25세,중상,승용,여,35세,경상
2014012900100017,2014년 1월 29일 00시,수요일,충청북도 제천시 화산동,경상사고,0,0,2,0,차대차 - 기타,중앙선침범,건조,맑음,단일로 - 기타,승용,남,30세,상해없음,승용,남,41세,경상
2014012900100018,2014년 1월 29일 00시,수요일,충청북도 청주시 상당구 용암동,경상사고,0,0,2,0,차대차 - 측면직각충돌,신호위반,건조,맑음,교차로 - 교차로안,승용,남,25세,상해없음,승용,남,49세,경상
2014012900100081,2014년 1월 29일 05시,수요일,충청북도 제천시 청전동,사망사고,1,0,0,0,차대차 - 기타,안전운전불이행,건조,맑음,단일로 - 기타,승합,남,58세,상해없음,승용,남,58세,상해없음
2014012900100130,2014년 1월 29일 08시,수요일,충청북도 제천시 청전동,경상사고,0,0,1,0,차대차 - 측면직각충돌,직진우회전진행방해,건조,맑음,교차로 - 교차로안,승용,남,44세,상해없음,승합,남,21세,경상
2014012900100168,2014년 1월 29일 09시,수요일,충청북도 청주시 흥덕구 옥산면,중상사고,0,1,0,0,차대차 - 기타,안전운전불이행,건조,맑음,단일로 - 기타,승용,여,52세,상해없음,승용,남,61세,중상
2014012900100218,2014년 1월 29일 11시,수요일,충청북도 청주시 흥덕구 옥산면,경상사고,0,0,1,0,차대차 - 기타,안전운전불이행,건조,맑음,단일로 - 기타,이륜,남,80세,경상,화물,남,65세,상해없음
2014012900100219,2014년 1월 29일 11시,수요일,충청북도 청주시 흥덕구 복대동,경상사고,0,0,3,0,차대차 - 기타,안전거리미확보,건조,맑음,단일로 - 기타,승용,남,67세,상해없음,승용,남,31세,경상
2014012900100298,2014년 1월 29일 14시,수요일,충청북도 보은군 보은읍,중상사고,0,1,0,0,차대차 - 측면직각충돌,신호위반,건조,맑음,교차로 - 교차로안,화물,남,24세,상해없음,원동기,남,71세,중상
2014012900100299,2014년 1월 29일 14시,수요일,충청북도 청주시 서원구 분평동,중상사고,0,1,1,0,차대차 - 기타,안전운전불이행,건조,맑음,단일로 - 기타,승용,남,65세,상해없음,승용,남,56세,중상
2014012900100330,2014년 1월 29일 15시,수요일,충청북도 청주시 청원구 우암동,중상사고,0,1,0,0,차대차 - 측면직각충돌,교차로운행방법위반,건조,맑음,교차로 - 교차로안,원동기,남,55세,중상,승용,남,57세,상해없음
2014012900100331,2014년 1월 29일 15시,수요일,충청북도 옥천군 옥천읍,중상사고,0,1,4,0,차대차 - 추돌 - 진행중,안전운전불이행,건조,맑음,교차로 - 교차로부근,승용,남,59세,상해없음,화물,남,58세,경상
2014012900100332,2014년 1월 29일 15시,수요일,충청북도 청주시 서원구 남이면,경상사고,0,0,1,0,차대차 - 기타,안전운전불이행,건조,맑음,교차로 - 교차로안,승용,남,48세,경상,승용,남,34세,상해없음
2014012900100478,2014년 1월 29일 19시,수요일,충청북도 청주시 흥덕구 복대동,경상사고,0,0,1,0,차대차 - 기타,안전운전불이행,건조,맑음,단일로 - 기타,승용,남,26세,상해없음,자전거,남,58세,경상
2014012900100479,2014년 1월 29일 19시,수요일,충청북도 청주시 서원구 성화동,경상사고,0,0,1,0,차대사람 - 횡단중,안전운전불이행,건조,맑음,단일로 - 기타,승용,여,22세,상해없음,보행자,남,10세,경상
2014012900100515,2014년 1월 29일 20시,수요일,충청북도 음성군 음성읍,사망사고,1,0,0,0,차대사람 - 기타,안전운전불이행,건조,맑음,단일로 - 기타,화물,남,63세,상해없음,보행자,남,67세,사망
2014012900100516,2014년 1월 29일 20시,수요일,충청북도 청주시 흥덕구 오송읍,중상사고,0,1,1,0,차대차 - 측면직각충돌,교차로운행방법위반,건조,맑음,교차로 - 교차로안,승용,남,41세,중상,승용,남,36세,경상
2014012900100539,2014년 1월 29일 21시,수요일,충청북도 청주시 흥덕구 봉명동,중상사고,0,1,0,0,차대사람 - 횡단중,안전운전불이행,건조,맑음,단일로 - 기타,승용,남,68세,상해없음,보행자,남,46세,중상
2014012900100595,2014년 1월 29일 23시,수요일,충청북도 청주시 청원구 내수읍,경상사고,0,0,1,0,차대차 - 기타,안전운전불이행,건조,맑음,교차로 - 교차로부근,기타불명,기타불명,기타불명,기타불명,승용,여,25세,경상