사고번호,사고일시,요일,시군구,사고내용,사망자수,중상자수,경상자수,부상신고자수,사고유형,법규위반,노면상태,기상상태,도로형태,가해운전자 차종,가해운전자 성별,가해운전자 연령,가해운전자 상해정도,피해운전자 차종,피해운전자 성별,피해운전자 연령,피해운전자 상해정도
2014022000100391,2014년 2월 20일 18시,목요일,충청북도 청주시 서원구 분평동,경상사고,0,0,1,0,차대차 - 정면충돌,안전운전불이행,건조,맑음,기타 - 기타,이륜,남,45세,상해없음,자전거,여,35세,경상
2014022000100414,2014년 2월 20일 19시,목요일,충청북도 영동군 영동읍,경상사고,0,0,1,0,차대차 - 기타,기타,건조,맑음,단일로 - 기타,원동기,남,22세,경상,승용,기타불명,기타불명,기타불명
2014022000100434,2014년 2월 20일 20시,목요일,충청북도 청주시 흥덕구 오송읍,중상사고,0,1,0,0,차대사람 - 횡단중,안전운전불이행,건조,맑음,교차로 - 교차로부근,승용,남,31세,상해없음,보행자,여,48세,중상
2014022000100488,2014년 2월 20일 22시,목요일,충청북도 괴산군 문광면,중상사고,0,1,1,0,차대차 - 정면충돌,중앙선침범,건조,맑음,단일로 - 기타,승용,남,26세,상해없음,승용,여,43세,중상
2014022000100506,2014년 2월 20일 23시,목요일,충청북도 청주시 흥덕구 오송읍,중상사고,0,3,0,0,차대차 - 정면충돌,중앙선침범,건조,맑음,교차로 - 교차로부근,승용,남,29세,중상,승용,여,55세,중상
2014022100100006,2014년 2월 21일 00시,금요일,충청북도 음성군 대소면,경상사고,0,0,1,0,차대차 - 측면직각충돌,교차로운행방법위반,건조,맑음,교차로 - 교차로안,승용,남,25세,상해없음,원동기,남,18세,경상
2014022100100031,2014년 2월 21일 03시,금요일,충청북도 청주시 흥덕구 복대동,경상사고,0,0,1,0,차대차 - 정면충돌,중앙선침범,건조,맑음,교차로 - 교차로부근,이륜,남,33세,상해없음,승용,남,32세,경상
2014022100100042,2014년 2월 21일 04시,금요일,충청북도 청주시 청원구 내수읍,경상사고,0,0,3,0,차량단독 - 공작물충돌,안전운전불이행,습기,안개,단일로 - 기타,승용,남,50세,경상,,,,
2014022100100077,2014년 2월 21일 07시,금요일,충청북도 음성군 맹동면,중상사고,0,1,1,0,차대차 - 측면직각충돌,신호위반,건조,맑음,교차로 - 교차로안,승용,남,55세,경상,승용,여,42세,중상
2014022100100078,2014년 2월 21일 07시,금요일,충청북도 청주시 흥덕구 봉명동,중상사고,0,1,0,0,차대사람 - 보도통행중,기타,건조,맑음,교차로 - 교차로부근,승용,남,23세,기타불명,보행자,남,58세,중상
2014022100100119,2014년 2월 21일 09시,금요일,충청북도 청주시 상당구 낭성면,경상사고,0,0,9,0,차대차 - 기타,안전운전불이행,건조,맑음,단일로 - 기타,승용,여,28세,상해없음,화물,남,23세,경상
2014022100100149,2014년 2월 21일 10시,금요일,충청북도 충주시 주덕읍,경상사고,0,0,1,0,차대사람 - 기타,안전운전불이행,건조,맑음,단일로 - 기타,승용,남,73세,상해없음,보행자,여,75세,경상
2014022100100150,2014년 2월 21일 10시,금요일,충청북도 괴산군 연풍면,중상사고,0,3,3,0,차대차 - 추돌 - 진행중,안전거리미확보,건조,맑음,단일로 - 기타,승합,여,31세,상해없음,화물,남,42세,상해없음
2014022100100172,2014년 2월 21일 11시,금요일,충청북도 충주시 금릉동,중상사고,0,1,0,0,차대차 - 추돌 - 진행중,중앙선침범,건조,맑음,단일로 - 기타,승용,남,65세,중상,특수,남,61세,상해없음
2014022100100173,2014년 2월 21일 11시,금요일,충청북도 청주시 흥덕구 가경동,경상사고,0,0,1,0,차대차 - 추돌 - 주정차중,안전운전불이행,건조,맑음,교차로 - 교차로부근,승용,남,44세,상해없음,승용,여,33세,경상
2014022100100236,2014년 2월 21일 14시,금요일,충청북도 충주시 달천동,중상사고,0,1,5,0,차대차 - 측면직각충돌,안전거리미확보,건조,맑음,단일로 - 기타,화물,남,35세,상해없음,승합,남,40세,상해없음
2014022100100267,2014년 2월 21일 15시,금요일,충청북도 청주시 서원구 개신동,경상사고,0,0,1,0,차대차 - 정면충돌,신호위반,건조,맑음,교차로 - 교차로안,승용,남,18세,상해없음,승용,남,35세,경상
2014022100100358,2014년 2월 21일 18시,금요일,충청북도 제천시 강제동,경상사고,0,0,3,0,차대차 - 기타,안전거리미확보,건조,맑음,단일로 - 기타,승용,남,59세,기타불명,승합,남,45세,상해없음
2014022100100359,2014년 2월 21일 18시,금요일,충청북도 청주시 흥덕구 석곡동,경상사고,0,0,4,0,차대차 - 측면직각충돌,교차로운행방법위반,건조,맑음,교차로 - 교차로안,승용,남,67세,경상,승용,여,39세,경상
2014022100100360,2014년 2월 21일 18시,금요일,충청북도 청주시 서원구 수곡동,경상사고,0,0,1,0,차대사람 - 기타,안전운전불이행,건조,맑음,단일로 - 기타,자전거,남,20세,상해없음,보행자,남,36세,경상
2014022100100406,2014년 2월 21일 19시,금요일,충청북도 충주시 연수동,중상사고,0,1,1,0,차대차 - 측면직각충돌,안전운전불이행,건조,맑음,단일로 - 기타,승용,남,25세,상해없음,승용,남,27세,중상
2014022100100407,2014년 2월 21일 19시,금요일,충청북도 청주시 흥덕구 지동동,경상사고,0,0,2,0,차대차 - 정면충돌,안전운전불이행,건조,맑음,교차로 - 교차로안,승용,남,25세,상해없음,승용,여,32세,경상
2014022100100441,2014년 2월 21일 20시,금요일,충청북도 옥천군 옥천읍,중상사고,0,1,0,0,차대차 - 측면직각충돌,교차로운행방법위반,건조,맑음,교차로 - 교차로안,승용,남,55세,상해없음,이륜,남,17세,중상
2014022100100464,2014년 2월 21일 21시,금요일,충청북도 청주시 청원구 율량동,경상사고,0,0,1,0,차대차 - 측면직각충돌,안전운전불이행,건조,맑음,단일로 - 기타,승용,남,56세,상해없음,승용,여,42세,경상
2014022100100465,2014년 2월 21일 21시,금요일,충청북도 충주시 성내동,경상사고,0,0,2,0,차대사람 - 기타,안전운전불이행,건조,맑음,단일로 - 기타,승용,남,33세,상해없음,보행자,남,17세,경상
2014022100100498,2014년 2월 21일 22시,금요일,충청북도 청주시 청원구 오창읍,중상사고,0,1,0,0,차대사람 - 횡단중,안전운전불이행,건조,맑음,교차로 - 교차로안,승용,여,47세,상해없음,보행자,남,65세,중상
2014022200100017,2014년 2월 22일 00시,토요일,충청북도 청주시 청원구 내덕동,경상사고,0,0,1,0,차대차 - 측면직각충돌,안전운전불이행,건조,맑음,단일로 - 기타,승용,남,44세,상해없음,승용,남,39세,경상
2014022200100043,2014년 2월 22일 01시,토요일,충청북도 청주시 흥덕구 복대동,경상사고,0,0,1,0,차대차 - 추돌 - 진행중,안전운전불이행,건조,맑음,교차로 - 교차로부근,승용,남,24세,상해없음,화물,남,48세,경상
2014022200100057,2014년 2월 22일 02시,토요일,충청북도 청주시 상당구 금천동,경상사고,0,0,2,0,차대차 - 기타,교차로운행방법위반,건조,맑음,교차로 - 교차로안,승용,남,50세,경상,승용,남,47세,경상
2014022200100089,2014년 2월 22일 05시,토요일,충청북도 청주시 흥덕구 복대동,경상사고,0,0,1,0,차대차 - 추돌 - 주정차중,안전운전불이행,건조,맑음,교차로 - 교차로부근,승용,남,35세,상해없음,승합,남,42세,경상
2014022200100129,2014년 2월 22일 07시,토요일,충청북도 옥천군 옥천읍,중상사고,0,1,4,0,차대차 - 측면직각충돌,안전운전불이행,건조,맑음,교차로 - 교차로안,승용,남,46세,경상,승합,여,47세,경상
2014022200100180,2014년 2월 22일 10시,토요일,충청북도 충주시 금릉동,중상사고,0,3,1,0,차대차 - 추돌 - 진행중,중앙선침범,건조,맑음,단일로 - 기타,승용,남,71세,상해없음,승용,여,55세,중상
2014022200100220,2014년 2월 22일 12시,토요일,충청북도 제천시 장락동,중상사고,0,3,1,0,차대차 - 추돌 - 진행중,안전거리미확보,건조,맑음,교차로 - 교차로부근,화물,남,60세,상해없음,승용,남,41세,중상
2014022200100242,2014년 2월 22일 13시,토요일,충청북도 충주시 호암동,경상사고,0,0,2,0,차대차 - 추돌 - 진행중,직진우회전진행방해,건조,맑음,교차로 - 교차로안,승용,여,53세,경상,승용,남,64세,경상
2014022200100243,2014년 2월 22일 13시,토요일,충청북도 음성군 대소면,경상사고,0,0,1,0,차대사람 - 기타,안전운전불이행,건조,맑음,단일로 - 기타,승용,남,54세,상해없음,보행자,남,5세,경상
2014022200100244,2014년 2월 22일 13시,토요일,충청북도 음성군 음성읍,경상사고,0,0,4,0,차대차 - 기타,안전운전불이행,건조,맑음,교차로 - 교차로부근,승용,여,63세,상해없음,승용,남,35세,경상
2014022200100325,2014년 2월 22일 16시,토요일,충청북도 음성군 음성읍,중상사고,0,1,0,0,차대사람 - 기타,안전운전불이행,건조,맑음,교차로 - 교차로부근,승합,남,35세,상해없음,보행자,여,63세,중상
2014022200100344,2014년 2월 22일 17시,토요일,충청북도 청주시 흥덕구 향정동,중상사고,0,1,2,0,차대차 - 정면충돌,안전운전불이행,건조,맑음,단일로 - 기타,승용,여,32세,경상,승용,여,51세,중상
2014022200100373,2014년 2월 22일 18시,토요일,충청북도 청주시 상당구 금천동,경상사고,0,0,3,0,차대차 - 기타,안전운전불이행,건조,맑음,교차로 - 교차로부근,승용,남,59세,경상,승용,남,55세,경상
2014022200100374,2014년 2월 22일 18시,토요일,충청북도 청주시 흥덕구 복대동,경상사고,0,0,3,0,차대차 - 추돌 - 주정차중,안전운전불이행,건조,맑음,교차로 - 교차로부근,승용,남,52세,상해없음,승용,여,31세,경상
2014022200100408,2014년 2월 22일 19시,토요일,충청북도 증평군 증평읍,경상사고,0,0,1,0,차대차 - 측면직각충돌,신호위반,건조,맑음,교차로 - 교차로안,승용,남,48세,상해없음,승용,남,30세,경상
2014022200100409,2014년 2월 22일 19시,토요일,충청북도 청주시 서원구 개신동,경상사고,0,0,1,0,차대차 - 측면직각충돌,안전운전불이행,건조,맑음,교차로 - 교차로안,이륜,남,45세,상해없음,이륜,남,38세,경상
2014022200100440,2014년 2월 22일 20시,토요일,충청북도 음성군 감곡면,경상사고,0,0,2,0,차대차 - 측면직각충돌,신호위반,건조,맑음,교차로 - 교차로안,승용,남,36세,상해없음,승용,남,34세,경상
2014022200100468,2014년 2월 22일 21시,토요일,충청북도 충주시 교현동,중상사고,0,1,0,0,차대사람 - 횡단중,안전운전불이행,건조,맑음,교차로 - 교차로부근,원동기,남,20세,상해없음,보행자,여,47세,중상
2014022200100501,2014년 2월 22일 22시,토요일,충청북도 제천시 장락동,경상사고,0,0,1,0,차대차 - 측면직각충돌,안전운전불이행,건조,맑음,단일로 - 기타,승용,남,48세,상해없음,승용,남,46세,경상
2014022300100010,2014년 2월 23일 00시,일요일,충청북도 제천시 고암동,사망사고,1,1,0,0,차대차 - 추돌 - 주정차중,안전운전불이행,건조,맑음,단일로 - 기타,승용,여,38세,중상,화물,남,45세,상해없음
2014022300100027,2014년 2월 23일 01시,일요일,충청북도 청주시 청원구 율량동,경상사고,0,0,1,0,차대차 - 추돌 - 주정차중,안전거리미확보,건조,맑음,교차로 - 교차로안,원동기,남,23세,상해없음,원동기,남,27세,경상
2014022300100068,2014년 2월 23일 04시,일요일,충청북도 청주시 흥덕구 복대동,경상사고,0,0,2,0,차대차 - 측면직각충돌,중앙선침범,건조,맑음,단일로 - 기타,승용,남,32세,상해없음,승용,남,39세,경상
2014022300100166,2014년 2월 23일 12시,일요일,충청북도 청주시 흥덕구 옥산면,경상사고,0,0,3,0,차대차 - 추돌 - 주정차중,안전운전불이행,건조,맑음,단일로 - 기타,승합,남,58세,상해없음,승용,여,36세,경상
2014022300100182,2014년 2월 23일 13시,일요일,충청북도 제천시 화산동,중상사고,0,1,0,0,차대사람 - 기타,안전운전불이행,건조,맑음,단일로 - 기타,승용,여,67세,상해없음,보행자,남,79세,중상
2014022300100199,2014년 2월 23일 14시,일요일,충청북도 청주시 흥덕구 강내면,경상사고,0,0,4,0,차대차 - 측면직각충돌,안전운전불이행,건조,맑음,교차로 - 교차로안,승용,여,57세,상해없음,화물,남,41세,상해없음
2014022300100210,2014년 2월 23일 15시,일요일,충청북도 충주시 엄정면,경상사고,0,0,1,0,차량단독 - 기타,안전운전불이행,건조,맑음,단일로 - 기타,승용,남,29세,상해없음,,,,
2014022300100211,2014년 2월 23일 15시,일요일,충청북도 청주시 흥덕구 오송읍,경상사고,0,0,4,0,차대차 - 기타,안전운전불이행,건조,맑음,기타 - 기타,승용,남,21세,경상,승합,여,25세,경상
2014022300100237,2014년 2월 23일 16시,일요일,충청북도 충주시 금릉동,경상사고,0,0,1,0,차대차 - 기타,안전운전불이행,건조,맑음,단일로 - 기타,화물,남,57세,상해없음,자전거,남,55세,경상
2014022300100281,2014년 2월 23일 18시,일요일,충청북도 청주시 서원구 남이면,경상사고,0,0,1,0,차량단독 - 기타,기타,건조,맑음,단일로 - 기타,승합,여,50세,상해없음,,,,
2014022300100308,2014년 2월 23일 19시,일요일,충청북도 충주시 문화동,경상사고,0,0,1,0,차대차 - 기타,안전거리미확보,건조,맑음,단일로 - 기타,승용,남,48세,상해없음,원동기,남,16세,경상
2014022300100309,2014년 2월 23일 19시,일요일,충청북도 제천시 명지동,경상사고,0,0,11,0,차대차 - 추돌 - 진행중,과속,건조,맑음,단일로 - 기타,승용,남,60세,상해없음,승합,남,31세,경상
2014022300100328,2014년 2월 23일 20시,일요일,충청북도 충주시 연수동,경상사고,0,0,2,0,차대차 - 기타,안전운전불이행,건조,맑음,교차로 - 교차로부근,승합,남,49세,상해없음,승용,남,46세,경상
2014022300100349,2014년 2월 23일 21시,일요일,충청북도 진천군 덕산면,경상사고,0,0,2,0,차량단독 - 기타,안전운전불이행,건조,맑음,단일로 - 기타,승용,남,26세,상해없음,,,,
2014022300100350,2014년 2월 23일 21시,일요일,충청북도 청주시 청원구 우암동,중상사고,0,1,0,0,차량단독 - 기타,안전운전불이행,건조,맑음,단일로 - 기타,승합,남,51세,상해없음,,,,
2014022400100018,2014년 2월 24일 01시,월요일,충청북도 청주시 흥덕구 운천동,경상사고,0,0,1,0,차대차 - 측면직각충돌,중앙선침범,건조,맑음,단일로 - 기타,승용,남,52세,상해없음,승용,남,19세,경상
2014022400100060,2014년 2월 24일 06시,월요일,충청북도 청주시 청원구 내수읍,중상사고,0,2,0,0,차대차 - 추돌 - 진행중,안전운전불이행,건조,맑음,단일로 - 기타,원동기,남,67세,중상,승용,여,73세,중상
2014022400100084,2014년 2월 24일 07시,월요일,충청북도 청주시 서원구 분평동,경상사고,0,0,3,0,차대차 - 기타,기타,건조,맑음,교차로 - 교차로안,승용,남,49세,상해없음,화물,남,44세,경상
2014022400100105,2014년 2월 24일 08시,월요일,충청북도 음성군 원남면,중상사고,0,3,0,0,차대차 - 기타,안전운전불이행,건조,맑음,교차로 - 교차로부근,화물,남,56세,상해없음,화물,남,56세,중상
2014022400100106,2014년 2월 24일 08시,월요일,충청북도 청주시 흥덕구 운천동,사망사고,1,0,0,0,차대사람 - 횡단중,보행자보호의무위반,건조,맑음,단일로 - 횡단보도상,화물,남,49세,상해없음,보행자,남,63세,사망
2014022400100107,2014년 2월 24일 08시,월요일,충청북도 청주시 서원구 개신동,경상사고,0,0,1,0,차대차 - 추돌 - 진행중,안전운전불이행,건조,맑음,교차로 - 교차로부근,승용,남,36세,상해없음,승용,남,31세,경상
2014022400100131,2014년 2월 24일 09시,월요일,충청북도 충주시 성내동,중상사고,0,1,0,0,차대사람 - 보도통행중,보행자보호의무위반,건조,맑음,단일로 - 횡단보도상,화물,남,24세,상해없음,보행자,여,80세,중상
2014022400100132,2014년 2월 24일 09시,월요일,충청북도 옥천군 안내면,중상사고,0,1,0,0,차대차 - 측면직각충돌,중앙선침범,건조,맑음,기타 - 기타,승용,남,44세,상해없음,승용,여,54세,중상
2014022400100133,2014년 2월 24일 09시,월요일,충청북도 청주시 흥덕구 복대동,경상사고,0,0,2,0,차대차 - 기타,안전운전불이행,건조,맑음,교차로 - 교차로안,승용,여,26세,기타불명,승합,남,43세,상해없음
2014022400100155,2014년 2월 24일 10시,월요일,충청북도 청주시 흥덕구 옥산면,경상사고,0,0,1,0,차대차 - 추돌 - 주정차중,안전운전불이행,건조,맑음,교차로 - 교차로부근,건설기계,남,59세,상해없음,승용,남,34세,경상
2014022400100201,2014년 2월 24일 12시,월요일,충청북도 진천군 이월면,경상사고,0,0,1,0,차대사람 - 기타,안전운전불이행,건조,맑음,단일로 - 기타,승용,남,69세,상해없음,보행자,남,54세,경상
2014022400100202,2014년 2월 24일 12시,월요일,충청북도 청주시 상당구 남일면,중상사고,0,1,0,0,차대차 - 측면직각충돌,중앙선침범,건조,맑음,단일로 - 기타,자전거,남,82세,중상,화물,남,67세,상해없음
2014022400100250,2014년 2월 24일 14시,월요일,충청북도 청주시 상당구 서운동,경상사고,0,0,1,0,차대사람 - 횡단중,신호위반,건조,맑음,교차로 - 교차로안,승용,남,65세,상해없음,보행자,여,59세,경상
2014022400100251,2014년 2월 24일 14시,월요일,충청북도 진천군 진천읍,중상사고,0,1,0,0,차대사람 - 기타,안전운전불이행,건조,맑음,단일로 - 기타,화물,남,55세,상해없음,보행자,여,47세,중상
2014022400100277,2014년 2월 24일 15시,월요일,충청북도 청주시 상당구 남문로1가동,중상사고,0,1,1,0,차대차 - 기타,안전운전불이행,건조,맑음,단일로 - 기타,승용,남,59세,상해없음,승합,남,38세,상해없음
2014022400100278,2014년 2월 24일 15시,월요일,충청북도 옥천군 안내면,중상사고,0,1,0,0,차대사람 - 기타,안전운전불이행,건조,맑음,교차로 - 교차로안,승용,여,46세,상해없음,보행자,여,78세,중상
2014022400100300,2014년 2월 24일 16시,월요일,충청북도 청주시 청원구 율량동,중상사고,0,1,0,0,차대차 - 측면직각충돌,안전운전불이행,건조,맑음,교차로 - 교차로안,자전거,여,63세,중상,승용,남,46세,상해없음
2014022400100301,2014년 2월 24일 16시,월요일,충청북도 충주시 연수동,중상사고,0,1,0,0,차대차 - 측면직각충돌,중앙선침범,건조,흐림,단일로 - 기타,승용,남,56세,상해없음,원동기,남,75세,중상
2014022400100302,2014년 2월 24일 16시,월요일,충청북도 제천시 신백동,경상사고,0,0,1,0,차량단독 - 전도전복,안전운전불이행,건조,맑음,교차로 - 교차로부근,승용,남,69세,상해없음,,,,
2014022400100303,2014년 2월 24일 16시,월요일,충청북도 청주시 흥덕구 오송읍,사망사고,1,0,0,0,차대차 - 추돌 - 진행중,차로위반,건조,맑음,단일로 - 기타,원동기,남,78세,사망,승용,남,42세,상해없음
2014022400100326,2014년 2월 24일 17시,월요일,충청북도 제천시 장락동,경상사고,0,0,4,0,차대차 - 기타,직진우회전진행방해,건조,맑음,교차로 - 교차로안,승합,남,19세,상해없음,승용,남,54세,경상
2014022400100327,2014년 2월 24일 17시,월요일,충청북도 제천시 모산동,중상사고,0,1,0,0,차대차 - 기타,안전운전불이행,건조,맑음,교차로 - 교차로부근,승합,남,39세,상해없음,승용,남,23세,중상
2014022400100328,2014년 2월 24일 17시,월요일,충청북도 영동군 영동읍,경상사고,0,0,2,0,차대차 - 기타,안전거리미확보,건조,맑음,교차로 - 교차로부근,승용,남,55세,상해없음,승용,남,50세,경상
2014022400100329,2014년 2월 24일 17시,월요일,충청북도 청주시 상당구 용암동,경상사고,0,0,1,0,차대차 - 측면직각충돌,안전거리미확보,건조,맑음,단일로 - 기타,승용,남,59세,상해없음,이륜,남,23세,경상
2014022400100359,2014년 2월 24일 18시,월요일,충청북도 청주시 청원구 내수읍,중상사고,0,1,0,0,차대차 - 기타,교차로운행방법위반,건조,맑음,교차로 - 교차로안,승합,여,66세,상해없음,원동기,남,74세,중상
2014022400100360,2014년 2월 24일 18시,월요일,충청북도 옥천군 옥천읍,경상사고,0,0,1,0,차대차 - 측면직각충돌,기타,건조,맑음,교차로 - 교차로안,승용,남,66세,상해없음,승합,남,64세,경상
2014022400100361,2014년 2월 24일 18시,월요일,충청북도 청주시 서원구 사직동,중상사고,0,1,2,0,차대차 - 측면직각충돌,신호위반,건조,맑음,교차로 - 교차로안,이륜,남,16세,중상,승합,남,62세,상해없음
2014022400100400,2014년 2월 24일 19시,월요일,충청북도 충주시 교현동,중상사고,0,1,0,0,차대차 - 추돌 - 주정차중,안전거리미확보,건조,맑음,교차로 - 교차로부근,승용,남,41세,상해없음,승용,여,49세,중상
2014022400100430,2014년 2월 24일 20시,월요일,충청북도 충주시 교현동,중상사고,0,1,0,0,차대사람 - 기타,안전운전불이행,건조,맑음,단일로 - 기타,승용,남,38세,상해없음,보행자,여,21세,중상
2014022400100431,2014년 2월 24일 20시,월요일,충청북도 제천시 화산동,중상사고,0,1,0,0,차대사람 - 기타,안전운전불이행,건조,맑음,교차로 - 교차로안,승용,남,58세,상해없음,보행자,남,63세,중상
2014022400100432,2014년 2월 24일 20시,월요일,충청북도 청주시 서원구 수곡동,중상사고,0,1,0,0,차대사람 - 횡단중,신호위반,건조,맑음,단일로 - 횡단보도상,승용,남,64세,상해없음,보행자,남,59세,중상
2014022400100502,2014년 2월 24일 23시,월요일,충청북도 청주시 흥덕구 봉명동,경상사고,0,0,1,0,차대차 - 추돌 - 진행중,안전거리미확보,건조,맑음,교차로 - 교차로안,승용,남,38세,상해없음,승합,여,47세,경상
2014022500100024,2014년 2월 25일 01시,화요일,충청북도 청주시 서원구 산남동,경상사고,0,0,1,0,차대사람 - 횡단중,보행자보호의무위반,건조,맑음,단일로 - 횡단보도상,승용,남,48세,상해없음,보행자,남,16세,경상
2014022500100055,2014년 2월 25일 04시,화요일,충청북도 충주시 금릉동,경상사고,0,0,3,0,차대차 - 추돌 - 진행중,신호위반,건조,맑음,교차로 - 교차로안,승용,남,25세,상해없음,화물,남,49세,경상
2014022500100082,2014년 2월 25일 07시,화요일,충청북도 청주시 흥덕구 오송읍,경상사고,0,0,1,0,차대차 - 측면직각충돌,신호위반,건조,맑음,교차로 - 교차로안,승용,여,22세,상해없음,승용,남,58세,경상
2014022500100104,2014년 2월 25일 08시,화요일,충청북도 청주시 흥덕구 오송읍,경상사고,0,0,2,0,차대차 - 측면직각충돌,안전거리미확보,건조,맑음,교차로 - 교차로부근,승용,남,42세,상해없음,승용,여,42세,경상
2014022500100125,2014년 2월 25일 09시,화요일,충청북도 청주시 서원구 사직동,경상사고,0,0,1,0,차대사람 - 횡단중,안전운전불이행,건조,맑음,단일로 - 기타,승용,남,75세,상해없음,보행자,여,71세,경상
2014022500100154,2014년 2월 25일 10시,화요일,충청북도 제천시 청전동,경상사고,0,0,2,0,차대차 - 기타,안전거리미확보,건조,맑음,교차로 - 교차로부근,승용,남,35세,상해없음,화물,남,49세,경상
2014022500100174,2014년 2월 25일 11시,화요일,충청북도 제천시 고암동,중상사고,0,1,1,0,차대차 - 기타,안전거리미확보,건조,맑음,단일로 - 기타,승용,여,42세,경상,화물,남,53세,상해없음
2014022500100192,2014년 2월 25일 12시,화요일,충청북도 청주시 흥덕구 봉명동,경상사고,0,0,3,0,차대차 - 측면직각충돌,교차로운행방법위반,건조,맑음,교차로 - 교차로안,승용,여,52세,경상,승용,남,68세,경상
2014022500100213,2014년 2월 25일 13시,화요일,충청북도 진천군 덕산면,경상사고,0,0,1,0,차대차 - 추돌 - 진행중,안전거리미확보,건조,맑음,단일로 - 기타,승용,남,70세,상해없음,승용,남,22세,상해없음
2014022500100234,2014년 2월 25일 14시,화요일,충청북도 청주시 청원구 사천동,경상사고,0,0,3,0,차대차 - 기타,교차로운행방법위반,건조,맑음,교차로 - 교차로안,원동기,남,17세,경상,화물,남,56세,경상
2014022500100268,2014년 2월 25일 15시,화요일,충청북도 충주시 대소원면,부상신고사고,0,0,0,1,차량단독 - 전도전복,안전운전불이행,건조,맑음,기타 - 기타,화물,남,70세,부상신고,,,,
2014022500100269,2014년 2월 25일 15시,화요일,충청북도 음성군 감곡면,중상사고,0,1,0,0,차대사람 - 기타,안전운전불이행,건조,맑음,교차로 - 교차로부근,승용,남,53세,상해없음,보행자,여,68세,중상
2014022500100292,2014년 2월 25일 16시,화요일,충청북도 제천시 고암동,중상사고,0,1,1,0,차대차 - 측면직각충돌,안전운전불이행,건조,맑음,교차로 - 교차로안,승용,남,65세,상해없음,승용,남,33세,경상
2014022500100293,2014년 2월 25일 16시,화요일,충청북도 청주시 서원구 모충동,경상사고,0,0,3,0,차대차 - 기타,안전운전불이행,건조,맑음,단일로 - 기타,승합,남,62세,상해없음,승용,남,36세,경상
2014022500100313,2014년 2월 25일 17시,화요일,충청북도 청주시 흥덕구 송정동,부상신고사고,0,0,0,1,차대차 - 측면직각충돌,안전운전불이행,건조,맑음,단일로 - 기타,자전거,남,53세,부상신고,승용,남,32세,상해없음
2014022500100332,2014년 2월 25일 18시,화요일,충청북도 제천시 봉양읍,경상사고,0,0,1,0,차대차 - 정면충돌,중앙선침범,건조,맑음,단일로 - 기타,승용,여,36세,상해없음,승용,남,35세,경상
2014022500100390,2014년 2월 25일 20시,화요일,충청북도 청주시 청원구 주성동,중상사고,0,2,10,0,차대차 - 측면직각충돌,신호위반,건조,맑음,교차로 - 교차로안,승용,남,56세,중상,승합,남,43세,경상
2014022500100424,2014년 2월 25일 21시,화요일,충청북도 충주시 대소원면,경상사고,0,0,2,0,차대차 - 추돌 - 진행중,신호위반,건조,맑음,교차로 - 교차로안,승용,남,48세,상해없음,승용,남,31세,경상
2014022500100457,2014년 2월 25일 22시,화요일,충청북도 충주시 연수동,경상사고,0,0,3,0,차대차 - 측면직각충돌,직진우회전진행방해,건조,맑음,교차로 - 교차로안,승용,여,19세,경상,승용,여,49세,경상
2014022500100458,2014년 2월 25일 22시,화요일,충청북도 청주시 흥덕구 오송읍,중상사고,0,1,1,0,차대차 - 기타,안전거리미확보,건조,맑음,교차로 - 교차로부근,승용,남,30세,상해없음,승용,남,49세,경상
2014022600100013,2014년 2월 26일 00시,수요일,충청북도 청주시 상당구 용암동,경상사고,0,0,1,0,차대사람 - 기타,안전운전불이행,건조,기타,교차로 - 교차로안,승용,남,36세,상해없음,보행자,남,42세,경상
2014022600100029,2014년 2월 26일 01시,수요일,충청북도 음성군 삼성면,경상사고,0,0,1,0,차량단독 - 도로외이탈 - 기타,안전운전불이행,건조,맑음,단일로 - 기타,승용,남,31세,경상,,,,
2014022600100030,2014년 2월 26일 01시,수요일,충청북도 옥천군 옥천읍,부상신고사고,0,0,0,1,차량단독 - 기타,안전운전불이행,건조,맑음,단일로 - 기타,승용,남,29세,부상신고,,,,
2014022600100052,2014년 2월 26일 03시,수요일,충청북도 청주시 서원구 남이면,중상사고,0,1,0,0,차량단독 - 공작물충돌,안전운전불이행,건조,맑음,단일로 - 기타,승용,남,18세,중상,,,,
2014022600100100,2014년 2월 26일 07시,수요일,충청북도 청주시 상당구 용암동,경상사고,0,0,2,0,차대차 - 기타,신호위반,건조,맑음,교차로 - 교차로안,승용,남,37세,상해없음,승용,여,44세,경상
2014022600100249,2014년 2월 26일 13시,수요일,충청북도 청주시 흥덕구 비하동,경상사고,0,0,1,0,차대차 - 측면직각충돌,안전운전불이행,건조,맑음,단일로 - 기타,승용,남,32세,상해없음,자전거,남,75세,경상
2014022600100279,2014년 2월 26일 14시,수요일,충청북도 청주시 청원구 율량동,경상사고,0,0,3,0,차대차 - 기타,교차로운행방법위반,건조,맑음,교차로 - 교차로안,승용,남,64세,상해없음,승용,여,34세,경상
2014022600100280,2014년 2월 26일 14시,수요일,충청북도 충주시 대소원면,중상사고,0,2,1,0,차대차 - 측면직각충돌,안전거리미확보,건조,맑음,단일로 - 기타,승용,여,48세,경상,승용,남,72세,중상
2014022600100332,2014년 2월 26일 16시,수요일,충청북도 충주시 목행동,경상사고,0,0,2,0,차대차 - 기타,중앙선침범,건조,맑음,교차로 - 교차로부근,승용,남,48세,경상,승용,남,54세,경상