사고번호,사고일시,요일,시군구,사고내용,사망자수,중상자수,경상자수,부상신고자수,사고유형,법규위반,노면상태,기상상태,도로형태,가해운전자 차종,가해운전자 성별,가해운전자 연령,가해운전자 상해정도,피해운전자 차종,피해운전자 성별,피해운전자 연령,피해운전자 상해정도
2014022600100333,2014년 2월 26일 16시,수요일,충청북도 단양군 단성면,중상사고,0,1,1,0,차량단독 - 기타,안전운전불이행,건조,맑음,단일로 - 기타,승용,남,70세,상해없음,,,,
2014022600100334,2014년 2월 26일 16시,수요일,충청북도 청주시 흥덕구 석곡동,중상사고,0,1,0,0,차대차 - 추돌 - 주정차중,과속,건조,맑음,단일로 - 기타,승용,남,30세,상해없음,승용,여,52세,중상
2014022600100351,2014년 2월 26일 17시,수요일,충청북도 충주시 문화동,경상사고,0,0,2,0,차대차 - 기타,기타,건조,맑음,교차로 - 교차로안,승용,여,32세,경상,화물,남,37세,상해없음
2014022600100386,2014년 2월 26일 18시,수요일,충청북도 충주시 충인동,경상사고,0,0,1,0,차대사람 - 기타,안전운전불이행,건조,맑음,단일로 - 기타,화물,남,69세,상해없음,보행자,남,52세,경상
2014022600100387,2014년 2월 26일 18시,수요일,충청북도 청주시 흥덕구 복대동,경상사고,0,0,1,0,차대사람 - 기타,안전운전불이행,건조,맑음,단일로 - 기타,이륜,남,23세,상해없음,보행자,여,16세,경상
2014022600100436,2014년 2월 26일 19시,수요일,충청북도 청주시 청원구 율량동,경상사고,0,0,1,0,차대사람 - 기타,안전운전불이행,건조,맑음,단일로 - 기타,승용,남,52세,상해없음,보행자,여,48세,경상
2014022600100437,2014년 2월 26일 19시,수요일,충청북도 청주시 흥덕구 가경동,경상사고,0,0,4,0,차대차 - 추돌 - 진행중,안전운전불이행,건조,맑음,단일로 - 기타,승용,남,65세,상해없음,승용,남,34세,경상
2014022600100469,2014년 2월 26일 20시,수요일,충청북도 청주시 청원구 내덕동,경상사고,0,0,2,0,차대차 - 기타,안전운전불이행,건조,맑음,단일로 - 기타,승용,남,55세,상해없음,승용,남,48세,경상
2014022600100470,2014년 2월 26일 20시,수요일,충청북도 청주시 상당구 용암동,중상사고,0,1,3,0,차대차 - 추돌 - 진행중,안전운전불이행,건조,맑음,교차로 - 교차로부근,승용,남,47세,상해없음,승용,남,40세,경상
2014022600100547,2014년 2월 26일 22시,수요일,충청북도 청주시 상당구 영동,부상신고사고,0,0,0,1,차대사람 - 횡단중,보행자보호의무위반,건조,맑음,교차로 - 교차로안,기타불명,기타불명,기타불명,기타불명,보행자,남,19세,부상신고
2014022600100573,2014년 2월 26일 23시,수요일,충청북도 음성군 대소면,경상사고,0,0,3,0,차대차 - 기타,안전운전불이행,건조,맑음,교차로 - 교차로안,승용,남,51세,상해없음,승용,남,34세,경상
2014022700100055,2014년 2월 27일 02시,목요일,충청북도 청주시 청원구 우암동,경상사고,0,0,2,0,차대차 - 측면직각충돌,안전운전불이행,건조,맑음,교차로 - 교차로부근,승용,여,54세,상해없음,이륜,남,19세,경상
2014022700100076,2014년 2월 27일 05시,목요일,충청북도 청주시 흥덕구 오송읍,중상사고,0,2,0,0,차대차 - 기타,중앙선침범,습기,맑음,교차로 - 교차로부근,승용,여,52세,상해없음,화물,남,20세,중상
2014022700100089,2014년 2월 27일 06시,목요일,충청북도 청주시 서원구 사창동,경상사고,0,0,1,0,차대차 - 추돌 - 진행중,안전운전불이행,건조,맑음,교차로 - 교차로부근,승용,남,51세,상해없음,승용,여,46세,경상
2014022700100131,2014년 2월 27일 08시,목요일,충청북도 영동군 영동읍,중상사고,0,1,0,0,차대차 - 기타,교차로운행방법위반,건조,맑음,교차로 - 교차로부근,승용,남,29세,상해없음,자전거,여,65세,중상
2014022700100132,2014년 2월 27일 08시,목요일,충청북도 증평군 증평읍,중상사고,0,1,0,0,차대차 - 측면직각충돌,직진우회전진행방해,건조,맑음,교차로 - 교차로안,이륜,남,68세,중상,승용,남,74세,상해없음
2014022700100157,2014년 2월 27일 09시,목요일,충청북도 음성군 맹동면,경상사고,0,0,1,0,차대차 - 기타,신호위반,건조,맑음,교차로 - 교차로안,화물,남,53세,경상,건설기계,남,48세,상해없음
2014022700100203,2014년 2월 27일 11시,목요일,충청북도 음성군 대소면,경상사고,0,0,2,0,차대차 - 기타,안전운전불이행,건조,맑음,교차로 - 교차로안,화물,남,56세,경상,승용,남,22세,경상
2014022700100267,2014년 2월 27일 14시,목요일,충청북도 청주시 서원구 사직동,중상사고,0,1,0,0,차대차 - 측면직각충돌,안전운전불이행,건조,맑음,단일로 - 기타,이륜,남,77세,상해없음,자전거,남,71세,중상
2014022700100292,2014년 2월 27일 15시,목요일,충청북도 충주시 연수동,경상사고,0,0,3,0,차대차 - 추돌 - 진행중,안전운전불이행,건조,맑음,단일로 - 기타,승용,남,27세,상해없음,승용,여,40세,경상
2014022700100293,2014년 2월 27일 15시,목요일,충청북도 제천시 신백동,경상사고,0,0,1,0,차대사람 - 기타,안전운전불이행,건조,맑음,교차로 - 교차로부근,승용,여,43세,상해없음,보행자,남,53세,경상
2014022700100348,2014년 2월 27일 17시,목요일,충청북도 제천시 서부동,중상사고,0,1,0,0,차대차 - 기타,안전운전불이행,건조,맑음,단일로 - 기타,승합,남,45세,상해없음,원동기,남,29세,중상
2014022700100375,2014년 2월 27일 18시,목요일,충청북도 청주시 상당구 금천동,경상사고,0,0,3,0,차대차 - 측면직각충돌,안전운전불이행,건조,맑음,교차로 - 교차로안,승용,남,72세,경상,승용,남,43세,경상
2014022700100376,2014년 2월 27일 18시,목요일,충청북도 옥천군 옥천읍,중상사고,0,1,0,0,차대사람 - 횡단중,보행자보호의무위반,건조,맑음,교차로 - 교차로안,승용,여,42세,상해없음,보행자,남,72세,중상
2014022700100377,2014년 2월 27일 18시,목요일,충청북도 청주시 상당구 미원면,경상사고,0,0,1,0,차량단독 - 도로외이탈 - 추락,안전운전불이행,건조,맑음,단일로 - 기타,이륜,남,69세,경상,,,,
2014022700100415,2014년 2월 27일 19시,목요일,충청북도 청주시 상당구 금천동,경상사고,0,0,1,0,차대차 - 기타,안전운전불이행,건조,맑음,단일로 - 기타,이륜,남,19세,경상,승용,남,46세,상해없음
2014022700100456,2014년 2월 27일 20시,목요일,충청북도 음성군 금왕읍,경상사고,0,0,1,0,차대차 - 기타,중앙선침범,건조,맑음,단일로 - 기타,승용,여,41세,상해없음,승합,남,41세,경상
2014022700100457,2014년 2월 27일 20시,목요일,충청북도 청주시 상당구 용암동,경상사고,0,0,1,0,차대차 - 추돌 - 주정차중,안전운전불이행,건조,맑음,단일로 - 기타,승용,남,52세,상해없음,이륜,남,42세,경상
2014022700100485,2014년 2월 27일 21시,목요일,충청북도 충주시 연수동,경상사고,0,0,2,0,차대사람 - 기타,안전운전불이행,건조,맑음,단일로 - 기타,원동기,남,44세,상해없음,보행자,여,57세,경상
2014022700100486,2014년 2월 27일 21시,목요일,충청북도 제천시 장락동,경상사고,0,0,1,0,차대차 - 기타,직진우회전진행방해,건조,맑음,교차로 - 교차로안,승용,남,56세,상해없음,승용,남,50세,상해없음
2014022700100519,2014년 2월 27일 22시,목요일,충청북도 청주시 상당구 용정동,경상사고,0,0,1,0,차대차 - 기타,신호위반,건조,맑음,교차로 - 교차로안,승용,여,51세,상해없음,승용,남,59세,경상
2014022700100541,2014년 2월 27일 23시,목요일,충청북도 청주시 청원구 율량동,사망사고,1,2,0,0,차대차 - 정면충돌,중앙선침범,건조,맑음,단일로 - 기타,승용,남,25세,중상,승용,남,41세,중상
2014022800100021,2014년 2월 28일 01시,금요일,충청북도 청주시 흥덕구 오송읍,중상사고,0,1,0,0,차량단독 - 공작물충돌,안전운전불이행,건조,맑음,교차로 - 교차로부근,승용,남,32세,중상,,,,
2014022800100050,2014년 2월 28일 05시,금요일,충청북도 충주시 금릉동,중상사고,0,1,1,0,차대차 - 추돌 - 주정차중,안전운전불이행,건조,맑음,단일로 - 기타,승용,남,22세,상해없음,승합,여,41세,경상
2014022800100142,2014년 2월 28일 10시,금요일,충청북도 청주시 흥덕구 강내면,중상사고,0,1,0,0,차대차 - 기타,중앙선침범,건조,맑음,교차로 - 교차로부근,화물,남,34세,상해없음,화물,남,40세,중상
2014022800100186,2014년 2월 28일 12시,금요일,충청북도 제천시 의림동,중상사고,0,1,0,0,차대사람 - 기타,안전운전불이행,건조,맑음,단일로 - 기타,승용,남,38세,상해없음,보행자,남,78세,중상
2014022800100205,2014년 2월 28일 13시,금요일,충청북도 괴산군 감물면,중상사고,0,1,4,0,차대차 - 기타,안전운전불이행,건조,맑음,단일로 - 기타,승용,남,33세,상해없음,농기계,남,73세,중상
2014022800100234,2014년 2월 28일 14시,금요일,충청북도 청주시 상당구 석교동,중상사고,0,1,0,0,차대차 - 측면직각충돌,안전운전불이행,건조,맑음,단일로 - 기타,자전거,남,90세 이상,중상,화물,남,90세 이상,상해없음
2014022800100275,2014년 2월 28일 15시,금요일,충청북도 청주시 청원구 오동동,중상사고,0,1,0,0,차대차 - 측면직각충돌,신호위반,건조,맑음,교차로 - 교차로안,승용,여,40세,상해없음,승용,여,28세,중상
2014022800100276,2014년 2월 28일 15시,금요일,충청북도 충주시 용산동,경상사고,0,0,1,0,차대차 - 추돌 - 진행중,안전운전불이행,건조,맑음,교차로 - 교차로부근,화물,남,35세,상해없음,자전거,남,5세,경상
2014022800100277,2014년 2월 28일 15시,금요일,충청북도 충주시 칠금동,중상사고,0,1,0,0,차대사람 - 기타,보행자보호의무위반,건조,맑음,교차로 - 교차로안,승용,남,57세,상해없음,보행자,여,51세,중상
2014022800100278,2014년 2월 28일 15시,금요일,충청북도 제천시 남천동,중상사고,0,1,0,0,차대차 - 기타,직진우회전진행방해,건조,맑음,교차로 - 교차로안,승용,여,54세,상해없음,농기계,남,77세,중상
2014022800100314,2014년 2월 28일 16시,금요일,충청북도 청주시 흥덕구 복대동,경상사고,0,0,1,0,차대사람 - 길가장자리구역통행중,안전운전불이행,건조,맑음,단일로 - 기타,승용,남,64세,상해없음,보행자,남,7세,경상
2014022800100352,2014년 2월 28일 17시,금요일,충청북도 음성군 대소면,경상사고,0,0,2,0,차대차 - 측면직각충돌,교차로운행방법위반,건조,맑음,교차로 - 교차로안,승용,여,33세,경상,화물,남,53세,경상
2014022800100353,2014년 2월 28일 17시,금요일,충청북도 진천군 진천읍,경상사고,0,0,1,0,차대사람 - 차도통행중,안전운전불이행,건조,맑음,단일로 - 기타,승용,남,55세,상해없음,보행자,남,23세,경상
2014022800100354,2014년 2월 28일 17시,금요일,충청북도 청주시 서원구 사창동,경상사고,0,0,1,0,차대사람 - 길가장자리구역통행중,안전운전불이행,건조,맑음,단일로 - 기타,화물,남,42세,기타불명,보행자,여,23세,경상
2014022800100355,2014년 2월 28일 17시,금요일,충청북도 청주시 서원구 장암동,경상사고,0,0,1,0,차량단독 - 전도전복,안전운전불이행,건조,맑음,기타 - 기타,원동기,남,72세,경상,,,,
2014022800100382,2014년 2월 28일 18시,금요일,충청북도 청주시 청원구 오창읍,중상사고,0,1,4,0,차대차 - 추돌 - 진행중,안전운전불이행,건조,맑음,교차로 - 교차로부근,승용,여,49세,경상,승용,여,52세,경상
2014022800100430,2014년 2월 28일 19시,금요일,충청북도 청주시 청원구 오동동,경상사고,0,0,1,0,차대차 - 추돌 - 주정차중,안전운전불이행,건조,맑음,단일로 - 기타,승용,남,43세,상해없음,승용,남,44세,경상
2014022800100431,2014년 2월 28일 19시,금요일,충청북도 충주시 목벌동,사망사고,1,0,0,0,차대사람 - 차도통행중,안전운전불이행,건조,흐림,단일로 - 기타,승용,남,46세,상해없음,보행자,남,62세,사망
2014022800100432,2014년 2월 28일 19시,금요일,충청북도 충주시 교현동,중상사고,0,2,1,0,차대차 - 추돌 - 진행중,기타,건조,맑음,교차로 - 교차로안,승용,남,45세,중상,승용,남,50세,경상
2014022800100433,2014년 2월 28일 19시,금요일,충청북도 제천시 의림동,경상사고,0,0,1,0,차대차 - 측면직각충돌,중앙선침범,건조,맑음,단일로 - 기타,승용,남,34세,기타불명,화물,남,42세,상해없음
2014022800100434,2014년 2월 28일 19시,금요일,충청북도 청주시 상당구 영운동,경상사고,0,0,1,0,차대사람 - 길가장자리구역통행중,중앙선침범,건조,맑음,단일로 - 기타,승용,남,41세,상해없음,보행자,남,55세,경상
2014022800100511,2014년 2월 28일 21시,금요일,충청북도 충주시 연수동,경상사고,0,0,1,0,차대차 - 추돌 - 진행중,안전운전불이행,건조,맑음,단일로 - 기타,승용,남,37세,상해없음,원동기,남,30세,경상
2014022800100546,2014년 2월 28일 22시,금요일,충청북도 충주시 연수동,경상사고,0,0,1,0,차대차 - 추돌 - 진행중,불법유턴,건조,맑음,단일로 - 기타,승용,남,40세,상해없음,화물,남,23세,경상
2014022800100583,2014년 2월 28일 23시,금요일,충청북도 제천시 청전동,경상사고,0,0,1,0,차대사람 - 기타,안전운전불이행,건조,맑음,교차로 - 교차로부근,승용,남,30세,상해없음,보행자,남,38세,경상
2014022800100584,2014년 2월 28일 23시,금요일,충청북도 음성군 대소면,중상사고,0,1,1,0,차대차 - 기타,안전운전불이행,건조,맑음,교차로 - 교차로안,승용,남,47세,상해없음,승용,남,34세,경상
2014022800100585,2014년 2월 28일 23시,금요일,충청북도 괴산군 연풍면,중상사고,0,1,0,0,차대차 - 추돌 - 진행중,안전운전불이행,건조,맑음,단일로 - 터널,승용,여,30세,중상,화물,남,52세,상해없음
2014030100100101,2014년 3월 1일 03시,토요일,충청북도 청주시 서원구 성화동,중상사고,0,2,1,0,차량단독 - 전도전복,안전운전불이행,건조,맑음,단일로 - 기타,승용,남,25세,경상,,,,
2014030100100143,2014년 3월 1일 06시,토요일,충청북도 충주시 주덕읍,경상사고,0,0,1,0,차대차 - 기타,안전운전불이행,건조,맑음,단일로 - 기타,화물,남,39세,상해없음,건설기계,남,39세,경상
2014030100100207,2014년 3월 1일 10시,토요일,충청북도 진천군 광혜원면,경상사고,0,0,1,0,차대차 - 추돌 - 진행중,안전운전불이행,건조,맑음,교차로 - 교차로안,승용,남,41세,경상,승용,남,75세,상해없음
2014030100100226,2014년 3월 1일 11시,토요일,충청북도 청주시 청원구 오창읍,사망사고,1,0,0,0,차량단독 - 도로외이탈 - 기타,안전운전불이행,건조,맑음,단일로 - 기타,특수,남,31세,사망,,,,
2014030100100227,2014년 3월 1일 11시,토요일,충청북도 제천시 중앙로1가,중상사고,0,1,1,0,차대차 - 기타,안전운전불이행,건조,맑음,단일로 - 기타,승용,남,28세,상해없음,승용,남,52세,상해없음
2014030100100248,2014년 3월 1일 12시,토요일,충청북도 영동군 황간면,중상사고,0,1,0,0,차대차 - 추돌 - 주정차중,안전운전불이행,건조,맑음,단일로 - 기타,승용,여,43세,상해없음,화물,남,45세,중상
2014030100100308,2014년 3월 1일 14시,토요일,충청북도 청주시 상당구 석교동,중상사고,0,1,0,0,차대차 - 측면직각충돌,안전운전불이행,건조,맑음,단일로 - 기타,승용,남,41세,상해없음,자전거,남,58세,중상
2014030100100309,2014년 3월 1일 14시,토요일,충청북도 충주시 성서동,경상사고,0,0,2,0,차대차 - 추돌 - 주정차중,안전운전불이행,건조,맑음,기타 - 기타,화물,남,42세,상해없음,승용,여,31세,경상
2014030100100310,2014년 3월 1일 14시,토요일,충청북도 진천군 진천읍,중상사고,0,1,0,0,차대차 - 추돌 - 주정차중,안전운전불이행,건조,맑음,단일로 - 기타,화물,남,42세,상해없음,승용,여,47세,중상
2014030100100311,2014년 3월 1일 14시,토요일,충청북도 청주시 서원구 성화동,경상사고,0,0,3,0,차대차 - 측면직각충돌,안전운전불이행,건조,맑음,단일로 - 기타,건설기계,남,49세,상해없음,화물,남,67세,경상
2014030100100352,2014년 3월 1일 16시,토요일,충청북도 영동군 황간면,경상사고,0,0,1,0,차량단독 - 공작물충돌,안전운전불이행,건조,맑음,단일로 - 기타,승용,남,51세,경상,,,,
2014030100100399,2014년 3월 1일 18시,토요일,충청북도 청주시 서원구 분평동,중상사고,0,1,0,0,차대사람 - 기타,안전운전불이행,건조,맑음,단일로 - 기타,승용,남,63세,상해없음,보행자,여,55세,중상
2014030100100438,2014년 3월 1일 19시,토요일,충청북도 충주시 교현동,중상사고,0,1,0,0,차대사람 - 기타,안전운전불이행,건조,맑음,교차로 - 교차로안,화물,남,37세,상해없음,보행자,남,65세,중상
2014030100100439,2014년 3월 1일 19시,토요일,충청북도 진천군 진천읍,경상사고,0,0,1,0,차대차 - 추돌 - 진행중,안전운전불이행,건조,맑음,교차로 - 교차로안,화물,남,67세,상해없음,승용,여,40세,경상
2014030100100440,2014년 3월 1일 19시,토요일,충청북도 청주시 상당구 용암동,경상사고,0,0,1,0,차대사람 - 기타,안전운전불이행,건조,맑음,기타 - 기타,승용,남,50세,상해없음,보행자,남,54세,경상
2014030100100505,2014년 3월 1일 21시,토요일,충청북도 청주시 청원구 주중동,경상사고,0,0,1,0,차량단독 - 주차차량충돌,안전운전불이행,건조,맑음,단일로 - 기타,승용,남,53세,경상,,,,
2014030100100506,2014년 3월 1일 21시,토요일,충청북도 충주시 봉방동,중상사고,0,2,0,0,차대차 - 측면직각충돌,신호위반,건조,맑음,교차로 - 교차로안,승용,남,34세,상해없음,승용,여,34세,중상
2014030100100507,2014년 3월 1일 21시,토요일,충청북도 청주시 흥덕구 복대동,중상사고,0,1,4,0,차대사람 - 횡단중,안전운전불이행,건조,맑음,단일로 - 기타,승용,남,47세,상해없음,보행자,남,16세,중상
2014030200100012,2014년 3월 2일 00시,일요일,충청북도 청주시 흥덕구 가경동,경상사고,0,0,1,0,차대차 - 측면직각충돌,불법유턴,건조,맑음,교차로 - 교차로안,승용,남,46세,상해없음,승용,남,55세,경상
2014030200100070,2014년 3월 2일 03시,일요일,충청북도 청주시 서원구 분평동,경상사고,0,0,2,0,차대차 - 기타,안전운전불이행,건조,맑음,단일로 - 기타,승용,남,30세,상해없음,승용,남,18세,경상
2014030200100083,2014년 3월 2일 04시,일요일,충청북도 충주시 성서동,경상사고,0,0,1,0,차대차 - 기타,안전운전불이행,건조,맑음,단일로 - 기타,승용,여,21세,상해없음,승용,여,68세,상해없음
2014030200100084,2014년 3월 2일 04시,일요일,충청북도 청주시 흥덕구 봉명동,경상사고,0,0,1,0,차대차 - 추돌 - 진행중,안전운전불이행,건조,맑음,교차로 - 교차로부근,승용,여,39세,상해없음,승용,여,36세,경상
2014030200100111,2014년 3월 2일 07시,일요일,충청북도 증평군 증평읍,경상사고,0,0,1,0,차대차 - 기타,신호위반,건조,맑음,교차로 - 교차로안,승용,남,46세,상해없음,화물,남,38세,경상
2014030200100166,2014년 3월 2일 11시,일요일,충청북도 제천시 송학면,경상사고,0,0,3,0,차대차 - 기타,안전운전불이행,건조,맑음,단일로 - 기타,승용,남,61세,상해없음,승용,남,40세,경상
2014030200100256,2014년 3월 2일 15시,일요일,충청북도 청주시 청원구 오창읍,경상사고,0,0,2,0,차대차 - 기타,신호위반,건조,맑음,교차로 - 교차로안,승용,여,49세,상해없음,승용,남,30세,경상
2014030200100303,2014년 3월 2일 17시,일요일,충청북도 청주시 상당구 용암동,경상사고,0,0,1,0,차대차 - 측면직각충돌,안전운전불이행,기타,맑음,교차로 - 교차로부근,화물,남,45세,기타불명,승용,남,32세,경상
2014030200100338,2014년 3월 2일 18시,일요일,충청북도 진천군 초평면,경상사고,0,0,2,0,차대차 - 추돌 - 진행중,안전운전불이행,건조,맑음,단일로 - 기타,승용,남,26세,상해없음,승용,여,50세,경상
2014030200100371,2014년 3월 2일 19시,일요일,충청북도 청주시 청원구 율량동,경상사고,0,0,2,0,차대차 - 기타,안전운전불이행,건조,맑음,단일로 - 기타,승용,남,52세,상해없음,승용,남,45세,경상
2014030200100372,2014년 3월 2일 19시,일요일,충청북도 청주시 상당구 용암동,경상사고,0,0,1,0,차대사람 - 기타,안전운전불이행,건조,맑음,단일로 - 횡단보도부근,승용,남,60세,상해없음,보행자,여,57세,경상
2014030200100456,2014년 3월 2일 23시,일요일,충청북도 충주시 용산동,경상사고,0,0,1,0,차대차 - 추돌 - 진행중,안전거리미확보,건조,맑음,교차로 - 교차로부근,승용,남,52세,상해없음,승용,남,37세,경상
2014030200100457,2014년 3월 2일 23시,일요일,충청북도 음성군 감곡면,중상사고,0,1,0,0,차량단독 - 기타,안전운전불이행,건조,맑음,단일로 - 기타,승용,남,47세,중상,,,,
2014030300100005,2014년 3월 3일 00시,월요일,충청북도 청주시 서원구 성화동,경상사고,0,0,1,0,차량단독 - 공작물충돌,안전운전불이행,건조,맑음,교차로 - 교차로부근,승용,남,25세,상해없음,,,,
2014030300100030,2014년 3월 3일 04시,월요일,충청북도 청주시 서원구 개신동,경상사고,0,0,1,0,차량단독 - 공작물충돌,안전운전불이행,건조,맑음,단일로 - 터널,승용,남,42세,경상,,,,
2014030300100035,2014년 3월 3일 05시,월요일,충청북도 보은군 회인면,사망사고,1,0,0,0,차량단독 - 전도전복,안전운전불이행,건조,맑음,단일로 - 기타,이륜,여,82세,사망,,,,
2014030300100042,2014년 3월 3일 06시,월요일,충청북도 청주시 흥덕구 강내면,경상사고,0,0,2,0,차대차 - 추돌 - 주정차중,안전거리미확보,건조,맑음,교차로 - 교차로안,승용,남,39세,상해없음,승용,남,58세,경상
2014030300100060,2014년 3월 3일 07시,월요일,충청북도 충주시 안림동,부상신고사고,0,0,0,1,차대차 - 추돌 - 진행중,안전운전불이행,건조,맑음,단일로 - 기타,기타불명,기타불명,기타불명,기타불명,원동기,남,51세,부상신고
2014030300100102,2014년 3월 3일 08시,월요일,충청북도 충주시 대소원면,경상사고,0,0,3,0,차대차 - 추돌 - 진행중,안전운전불이행,건조,맑음,단일로 - 기타,화물,남,26세,상해없음,승용,여,45세,상해없음
2014030300100103,2014년 3월 3일 08시,월요일,충청북도 음성군 대소면,경상사고,0,0,1,0,차대차 - 기타,교차로운행방법위반,건조,맑음,교차로 - 교차로안,원동기,남,29세,경상,승용,여,43세,상해없음
2014030300100104,2014년 3월 3일 08시,월요일,충청북도 청주시 흥덕구 운천동,경상사고,0,0,1,0,차대차 - 기타,안전운전불이행,건조,맑음,단일로 - 횡단보도상,승용,남,49세,상해없음,자전거,남,18세,경상
2014030300100105,2014년 3월 3일 08시,월요일,충청북도 청주시 흥덕구 복대동,경상사고,0,0,1,0,차대사람 - 횡단중,안전운전불이행,건조,맑음,교차로 - 교차로안,승용,남,52세,상해없음,보행자,여,51세,경상
2014030300100151,2014년 3월 3일 09시,월요일,충청북도 충주시 연수동,중상사고,0,1,1,0,차대차 - 추돌 - 진행중,직진우회전진행방해,건조,맑음,교차로 - 교차로부근,화물,남,69세,상해없음,승합,남,76세,경상
2014030300100152,2014년 3월 3일 09시,월요일,충청북도 청주시 서원구 성화동,중상사고,0,1,1,0,차대차 - 측면직각충돌,교차로운행방법위반,건조,맑음,교차로 - 교차로안,이륜,남,78세,경상,승용,남,43세,상해없음
2014030300100180,2014년 3월 3일 10시,월요일,충청북도 청주시 상당구 서문동,경상사고,0,0,1,0,차대차 - 기타,안전거리미확보,건조,맑음,단일로 - 기타,승용,남,63세,상해없음,승용,남,33세,경상
2014030300100229,2014년 3월 3일 12시,월요일,충청북도 음성군 삼성면,경상사고,0,0,1,0,차대차 - 기타,중앙선침범,건조,맑음,단일로 - 기타,원동기,남,76세,경상,화물,남,52세,상해없음
2014030300100258,2014년 3월 3일 13시,월요일,충청북도 제천시 장락동,중상사고,0,1,0,0,차대차 - 기타,안전운전불이행,건조,맑음,교차로 - 교차로안,승용,남,37세,상해없음,승용,남,64세,중상
2014030300100259,2014년 3월 3일 13시,월요일,충청북도 증평군 증평읍,경상사고,0,0,1,0,차대차 - 측면직각충돌,직진우회전진행방해,건조,맑음,교차로 - 교차로안,화물,남,50세,상해없음,승용,남,49세,상해없음
2014030300100260,2014년 3월 3일 13시,월요일,충청북도 청주시 흥덕구 서촌동,경상사고,0,0,1,0,차대차 - 기타,안전거리미확보,건조,맑음,단일로 - 기타,승용,여,50세,상해없음,승용,여,37세,경상
2014030300100298,2014년 3월 3일 14시,월요일,충청북도 청주시 청원구 우암동,중상사고,0,1,0,0,차대차 - 기타,중앙선침범,건조,맑음,단일로 - 기타,자전거,여,60세,중상,승용,남,26세,상해없음
2014030300100299,2014년 3월 3일 14시,월요일,충청북도 보은군 보은읍,중상사고,0,2,0,0,차대차 - 측면직각충돌,교차로운행방법위반,건조,맑음,교차로 - 교차로안,이륜,남,73세,중상,승용,남,71세,상해없음
2014030300100300,2014년 3월 3일 14시,월요일,충청북도 보은군 내북면,경상사고,0,0,1,0,차대차 - 기타,안전운전불이행,건조,맑음,기타 - 기타,승용,여,56세,상해없음,화물,남,44세,경상
2014030300100301,2014년 3월 3일 14시,월요일,충청북도 청주시 흥덕구 가경동,경상사고,0,0,1,0,차대사람 - 횡단중,보행자보호의무위반,건조,맑음,교차로 - 교차로안,승용,남,62세,상해없음,보행자,남,28세,경상
2014030300100302,2014년 3월 3일 14시,월요일,충청북도 청주시 서원구 남이면,중상사고,0,2,0,0,차대차 - 기타,안전운전불이행,건조,맑음,단일로 - 기타,승용,남,24세,상해없음,승용,남,57세,중상
2014030300100340,2014년 3월 3일 15시,월요일,충청북도 제천시 서부동,경상사고,0,0,1,0,차대차 - 기타,안전운전불이행,건조,맑음,교차로 - 교차로안,승합,여,46세,상해없음,자전거,남,68세,경상
2014030300100368,2014년 3월 3일 16시,월요일,충청북도 청주시 청원구 내수읍,경상사고,0,0,1,0,차대차 - 기타,교차로운행방법위반,건조,맑음,교차로 - 교차로안,승용,남,21세,상해없음,승용,여,34세,경상
2014030300100369,2014년 3월 3일 16시,월요일,충청북도 제천시 청전동,중상사고,0,1,0,0,차대사람 - 횡단중,기타,건조,맑음,단일로 - 기타,승용,여,54세,상해없음,보행자,남,8세,중상
2014030300100370,2014년 3월 3일 16시,월요일,충청북도 괴산군 괴산읍,경상사고,0,0,3,0,차대차 - 기타,직진우회전진행방해,건조,맑음,교차로 - 교차로안,화물,남,71세,경상,승용,남,49세,경상
2014030300100371,2014년 3월 3일 16시,월요일,충청북도 옥천군 옥천읍,중상사고,0,2,0,0,차대차 - 측면직각충돌,안전운전불이행,건조,맑음,교차로 - 교차로안,이륜,남,16세,중상,화물,남,36세,상해없음
2014030300100433,2014년 3월 3일 18시,월요일,충청북도 청주시 청원구 사천동,경상사고,0,0,1,0,차대사람 - 기타,보행자보호의무위반,건조,맑음,교차로 - 교차로안,승용,남,52세,상해없음,보행자,남,2세,경상
2014030300100434,2014년 3월 3일 18시,월요일,충청북도 진천군 진천읍,경상사고,0,0,1,0,차대사람 - 기타,안전운전불이행,건조,맑음,단일로 - 기타,승용,남,50세,상해없음,보행자,남,37세,경상
2014030300100435,2014년 3월 3일 18시,월요일,충청북도 청주시 흥덕구 복대동,경상사고,0,0,1,0,차대차 - 기타,안전운전불이행,건조,맑음,교차로 - 교차로부근,승용,남,56세,상해없음,승합,남,51세,경상
2014030300100468,2014년 3월 3일 19시,월요일,충청북도 증평군 증평읍,중상사고,0,1,0,0,차대사람 - 횡단중,보행자보호의무위반,건조,맑음,단일로 - 횡단보도상,승합,남,66세,상해없음,보행자,여,59세,중상
2014030300100505,2014년 3월 3일 20시,월요일,충청북도 제천시 봉양읍,경상사고,0,0,1,0,차대사람 - 기타,안전운전불이행,건조,맑음,단일로 - 기타,승용,남,55세,상해없음,보행자,남,41세,경상
2014030300100506,2014년 3월 3일 20시,월요일,충청북도 제천시 하소동,경상사고,0,0,1,0,차대사람 - 기타,안전운전불이행,건조,맑음,단일로 - 횡단보도부근,승용,남,34세,상해없음,보행자,남,42세,경상
2014030300100507,2014년 3월 3일 20시,월요일,충청북도 청주시 서원구 성화동,경상사고,0,0,2,0,차대차 - 추돌 - 진행중,안전운전불이행,건조,맑음,단일로 - 기타,승용,남,32세,상해없음,승용,남,59세,경상