사고번호,사고일시,요일,시군구,사고내용,사망자수,중상자수,경상자수,부상신고자수,사고유형,법규위반,노면상태,기상상태,도로형태,가해운전자 차종,가해운전자 성별,가해운전자 연령,가해운전자 상해정도,피해운전자 차종,피해운전자 성별,피해운전자 연령,피해운전자 상해정도
2014030300100508,2014년 3월 3일 20시,월요일,충청북도 청주시 상당구 남일면,중상사고,0,1,1,0,차대차 - 기타,중앙선침범,건조,맑음,단일로 - 기타,이륜,남,51세,중상,승용,여,56세,경상
2014030300100541,2014년 3월 3일 21시,월요일,충청북도 청주시 서원구 개신동,경상사고,0,0,2,0,차대차 - 추돌 - 주정차중,안전운전불이행,건조,맑음,기타 - 기타,승용,남,36세,상해없음,승용,남,52세,경상
2014030300100569,2014년 3월 3일 22시,월요일,충청북도 충주시 대소원면,중상사고,0,1,0,0,차대차 - 추돌 - 진행중,안전운전불이행,건조,흐림,단일로 - 기타,승용,남,39세,상해없음,승용,남,40세,중상
2014030300100570,2014년 3월 3일 22시,월요일,충청북도 청주시 흥덕구 가경동,경상사고,0,0,1,0,차대사람 - 횡단중,안전운전불이행,건조,맑음,교차로 - 교차로부근,승용,남,48세,상해없음,보행자,남,39세,경상
2014030300100595,2014년 3월 3일 23시,월요일,충청북도 청주시 상당구 금천동,경상사고,0,0,1,0,차대차 - 추돌 - 주정차중,안전운전불이행,건조,맑음,교차로 - 교차로부근,승용,남,38세,상해없음,승용,남,38세,경상
2014030400100010,2014년 3월 4일 00시,화요일,충청북도 청주시 청원구 사천동,경상사고,0,0,1,0,차대차 - 추돌 - 주정차중,안전운전불이행,건조,맑음,교차로 - 교차로안,승용,남,34세,상해없음,승용,남,31세,경상
2014030400100026,2014년 3월 4일 02시,화요일,충청북도 청주시 상당구 용암동,경상사고,0,0,2,0,차대차 - 기타,안전운전불이행,건조,맑음,교차로 - 교차로안,승용,남,62세,상해없음,승용,남,56세,경상
2014030400100036,2014년 3월 4일 04시,화요일,충청북도 제천시 청풍면,부상신고사고,0,0,0,1,차량단독 - 공작물충돌,안전운전불이행,건조,맑음,단일로 - 기타,승용,남,24세,부상신고,,,,
2014030400100043,2014년 3월 4일 05시,화요일,충청북도 충주시 지현동,중상사고,0,1,0,0,차대사람 - 보도통행중,안전운전불이행,건조,맑음,기타 - 기타,승용,여,55세,상해없음,보행자,남,72세,중상
2014030400100089,2014년 3월 4일 08시,화요일,충청북도 충주시 연수동,경상사고,0,0,4,0,차대차 - 추돌 - 주정차중,안전거리미확보,건조,맑음,단일로 - 기타,승용,남,52세,상해없음,승용,남,61세,경상
2014030400100090,2014년 3월 4일 08시,화요일,충청북도 괴산군 괴산읍,경상사고,0,0,3,0,차대차 - 측면직각충돌,교차로운행방법위반,건조,맑음,교차로 - 교차로안,승합,남,56세,상해없음,승용,여,23세,경상
2014030400100157,2014년 3월 4일 11시,화요일,충청북도 청주시 청원구 율량동,중상사고,0,1,0,0,차대사람 - 기타,안전운전불이행,건조,맑음,교차로 - 교차로부근,이륜,남,31세,상해없음,보행자,남,77세,중상
2014030400100183,2014년 3월 4일 12시,화요일,충청북도 청주시 흥덕구 복대동,중상사고,0,1,0,0,차대차 - 측면직각충돌,신호위반,건조,맑음,교차로 - 교차로안,승용,여,40세,상해없음,승용,남,53세,중상
2014030400100207,2014년 3월 4일 13시,화요일,충청북도 제천시 봉양읍,경상사고,0,0,1,0,차대차 - 추돌 - 진행중,안전거리미확보,건조,맑음,단일로 - 기타,승용,남,51세,상해없음,승용,남,24세,경상
2014030400100208,2014년 3월 4일 13시,화요일,충청북도 청주시 서원구 개신동,사망사고,1,0,0,0,차대사람 - 차도통행중,안전운전불이행,건조,맑음,단일로 - 기타,승용,남,27세,상해없음,보행자,남,83세,사망
2014030400100256,2014년 3월 4일 15시,화요일,충청북도 보은군 탄부면,중상사고,0,1,0,0,차대사람 - 기타,안전운전불이행,건조,맑음,단일로 - 기타,승용,남,39세,상해없음,보행자,여,89세,중상
2014030400100316,2014년 3월 4일 17시,화요일,충청북도 청주시 흥덕구 봉명동,경상사고,0,0,1,0,차대차 - 기타,교차로운행방법위반,건조,맑음,교차로 - 교차로안,기타불명,기타불명,기타불명,기타불명,승합,남,44세,상해없음
2014030400100420,2014년 3월 4일 20시,화요일,충청북도 청주시 상당구 용암동,중상사고,0,1,0,0,차대차 - 기타,신호위반,건조,맑음,교차로 - 교차로안,승용,남,47세,상해없음,승용,여,40세,중상
2014030400100421,2014년 3월 4일 20시,화요일,충청북도 청주시 상당구 남일면,중상사고,0,2,1,0,차대차 - 기타,신호위반,건조,맑음,교차로 - 교차로안,승용,남,44세,상해없음,승용,남,24세,경상
2014030400100447,2014년 3월 4일 21시,화요일,충청북도 청주시 흥덕구 가경동,경상사고,0,0,1,0,차대차 - 측면직각충돌,교차로운행방법위반,건조,맑음,교차로 - 교차로안,승용,남,32세,상해없음,승용,남,51세,경상
2014030400100467,2014년 3월 4일 22시,화요일,충청북도 청주시 흥덕구 봉명동,중상사고,0,1,0,0,차대차 - 측면직각충돌,안전운전불이행,건조,맑음,교차로 - 교차로안,승용,여,55세,상해없음,이륜,남,20세,중상
2014030400100494,2014년 3월 4일 23시,화요일,충청북도 청주시 상당구 대성동,경상사고,0,0,3,0,차대차 - 측면직각충돌,안전운전불이행,건조,맑음,교차로 - 교차로안,승용,남,24세,경상,승용,남,47세,경상
2014030500100014,2014년 3월 5일 00시,수요일,충청북도 음성군 감곡면,경상사고,0,0,1,0,차량단독 - 기타,안전운전불이행,건조,맑음,단일로 - 기타,승용,여,25세,경상,,,,
2014030500100089,2014년 3월 5일 07시,수요일,충청북도 청주시 서원구 개신동,경상사고,0,0,1,0,차대차 - 추돌 - 진행중,안전운전불이행,건조,맑음,교차로 - 교차로안,승합,남,65세,상해없음,자전거,남,34세,경상
2014030500100118,2014년 3월 5일 08시,수요일,충청북도 제천시 의림동,중상사고,0,1,0,0,차대차 - 기타,안전운전불이행,건조,맑음,교차로 - 교차로안,승용,남,61세,상해없음,화물,남,51세,중상
2014030500100158,2014년 3월 5일 09시,수요일,충청북도 충주시 동량면,중상사고,0,1,0,1,차대차 - 측면직각충돌,직진우회전진행방해,건조,맑음,교차로 - 교차로안,승용,남,46세,부상신고,화물,남,45세,중상
2014030500100181,2014년 3월 5일 10시,수요일,충청북도 충주시 칠금동,경상사고,0,0,2,0,차대차 - 측면직각충돌,직진우회전진행방해,건조,맑음,교차로 - 교차로안,승용,남,63세,경상,승용,남,46세,경상
2014030500100182,2014년 3월 5일 10시,수요일,충청북도 음성군 생극면,중상사고,0,1,0,0,차대차 - 기타,차로위반,건조,맑음,교차로 - 교차로안,화물,여,44세,상해없음,원동기,여,65세,중상
2014030500100208,2014년 3월 5일 11시,수요일,충청북도 제천시 봉양읍,경상사고,0,0,1,0,차대차 - 기타,안전운전불이행,건조,맑음,교차로 - 교차로부근,승용,남,60세,상해없음,화물,남,60세,경상
2014030500100209,2014년 3월 5일 11시,수요일,충청북도 청주시 서원구 분평동,중상사고,0,1,0,0,차대차 - 기타,안전운전불이행,건조,맑음,단일로 - 기타,승용,여,48세,상해없음,승용,여,72세,중상
2014030500100387,2014년 3월 5일 17시,수요일,충청북도 충주시 성남동,중상사고,0,1,0,0,차대사람 - 횡단중,안전운전불이행,건조,맑음,교차로 - 교차로안,승용,남,49세,상해없음,보행자,남,12세,중상
2014030500100388,2014년 3월 5일 17시,수요일,충청북도 충주시 달천동,중상사고,0,1,2,0,차대차 - 측면직각충돌,신호위반,건조,맑음,교차로 - 교차로안,승합,남,56세,중상,승용,여,43세,경상
2014030500100389,2014년 3월 5일 17시,수요일,충청북도 청주시 흥덕구 가경동,경상사고,0,0,1,0,차대차 - 측면직각충돌,안전운전불이행,건조,맑음,단일로 - 기타,승용,여,34세,상해없음,승용,여,44세,경상
2014030500100421,2014년 3월 5일 18시,수요일,충청북도 음성군 금왕읍,경상사고,0,0,3,0,차대차 - 기타,안전운전불이행,건조,맑음,교차로 - 교차로부근,승용,여,55세,상해없음,승용,남,38세,기타불명
2014030500100462,2014년 3월 5일 19시,수요일,충청북도 제천시 장락동,경상사고,0,0,1,0,차대차 - 추돌 - 진행중,안전운전불이행,건조,맑음,교차로 - 교차로부근,승용,남,51세,상해없음,승용,남,32세,경상
2014030500100463,2014년 3월 5일 19시,수요일,충청북도 음성군 금왕읍,중상사고,0,1,2,0,차대차 - 기타,안전운전불이행,건조,맑음,교차로 - 교차로안,화물,남,51세,중상,승용,남,34세,경상
2014030500100464,2014년 3월 5일 19시,수요일,충청북도 청주시 흥덕구 비하동,경상사고,0,0,1,0,차대사람 - 횡단중,신호위반,건조,맑음,단일로 - 횡단보도상,승용,남,42세,상해없음,보행자,남,51세,경상
2014030500100535,2014년 3월 5일 21시,수요일,충청북도 청주시 서원구 모충동,경상사고,0,0,1,0,차대차 - 기타,안전운전불이행,건조,맑음,교차로 - 교차로부근,승용,남,51세,상해없음,승용,남,60세,경상
2014030600100069,2014년 3월 6일 06시,목요일,충청북도 청주시 청원구 북이면,경상사고,0,0,7,0,차대차 - 측면직각충돌,교차로운행방법위반,건조,맑음,교차로 - 교차로안,승용,남,51세,경상,승용,남,27세,경상
2014030600100070,2014년 3월 6일 06시,목요일,충청북도 증평군 증평읍,경상사고,0,0,1,0,차대차 - 측면직각충돌,안전운전불이행,건조,맑음,교차로 - 교차로안,이륜,남,71세,경상,승용,남,53세,상해없음
2014030600100127,2014년 3월 6일 08시,목요일,충청북도 영동군 영동읍,경상사고,0,0,1,0,차대사람 - 기타,안전운전불이행,건조,맑음,기타 - 기타,승용,남,56세,상해없음,보행자,남,23세,경상
2014030600100128,2014년 3월 6일 08시,목요일,충청북도 청주시 흥덕구 석곡동,중상사고,0,2,2,0,차대차 - 측면직각충돌,교차로운행방법위반,건조,맑음,교차로 - 교차로안,화물,남,41세,상해없음,승용,여,45세,중상
2014030600100129,2014년 3월 6일 08시,목요일,충청북도 청주시 서원구 개신동,경상사고,0,0,2,0,차대차 - 측면직각충돌,신호위반,건조,맑음,교차로 - 교차로안,승용,남,26세,경상,승합,남,63세,경상
2014030600100152,2014년 3월 6일 09시,목요일,충청북도 청주시 흥덕구 복대동,중상사고,0,1,0,0,차대차 - 측면직각충돌,안전운전불이행,건조,맑음,교차로 - 교차로안,승용,남,49세,상해없음,승용,남,32세,중상
2014030600100175,2014년 3월 6일 10시,목요일,충청북도 청주시 흥덕구 봉명동,경상사고,0,0,2,0,차대차 - 측면직각충돌,안전운전불이행,건조,맑음,교차로 - 교차로안,승용,남,29세,상해없음,승용,남,30세,경상
2014030600100203,2014년 3월 6일 11시,목요일,충청북도 음성군 금왕읍,경상사고,0,0,2,0,차대차 - 기타,중앙선침범,건조,맑음,단일로 - 기타,승용,남,49세,상해없음,승용,남,55세,경상
2014030600100223,2014년 3월 6일 12시,목요일,충청북도 단양군 영춘면,경상사고,0,0,1,0,차대차 - 측면직각충돌,직진우회전진행방해,건조,맑음,교차로 - 교차로안,승용,남,52세,상해없음,승용,남,59세,상해없음
2014030600100268,2014년 3월 6일 14시,목요일,충청북도 진천군 이월면,경상사고,0,0,1,0,차대차 - 추돌 - 주정차중,안전운전불이행,습기,맑음,기타 - 기타,화물,남,51세,상해없음,승용,남,53세,경상
2014030600100299,2014년 3월 6일 15시,목요일,충청북도 충주시 교현동,중상사고,0,2,1,0,차대차 - 추돌 - 진행중,안전운전불이행,건조,맑음,단일로 - 기타,승용,남,44세,상해없음,승용,남,39세,중상
2014030600100300,2014년 3월 6일 15시,목요일,충청북도 청주시 서원구 성화동,경상사고,0,0,3,0,차대차 - 측면직각충돌,교차로운행방법위반,건조,맑음,교차로 - 교차로부근,승용,여,29세,경상,승용,남,48세,경상
2014030600100329,2014년 3월 6일 16시,목요일,충청북도 청주시 청원구 내덕동,중상사고,0,1,0,0,차대사람 - 기타,안전운전불이행,건조,맑음,단일로 - 기타,승용,남,40세,상해없음,보행자,여,52세,중상
2014030600100330,2014년 3월 6일 16시,목요일,충청북도 청주시 상당구 금천동,경상사고,0,0,1,0,차대차 - 측면직각충돌,교차로운행방법위반,건조,맑음,교차로 - 교차로안,승용,여,41세,상해없음,승용,여,51세,경상
2014030600100331,2014년 3월 6일 16시,목요일,충청북도 제천시 하소동,경상사고,0,0,1,0,차대사람 - 기타,안전운전불이행,건조,맑음,단일로 - 기타,승용,남,41세,상해없음,보행자,여,33세,경상
2014030600100332,2014년 3월 6일 16시,목요일,충청북도 보은군 보은읍,중상사고,0,1,0,0,차대차 - 측면직각충돌,신호위반,건조,맑음,교차로 - 교차로안,승용,여,29세,상해없음,자전거,여,67세,중상
2014030600100333,2014년 3월 6일 16시,목요일,충청북도 청주시 흥덕구 가경동,경상사고,0,0,1,0,차대차 - 측면직각충돌,교차로운행방법위반,건조,맑음,교차로 - 교차로부근,승용,여,33세,상해없음,승용,여,24세,경상
2014030600100354,2014년 3월 6일 17시,목요일,충청북도 음성군 대소면,중상사고,0,1,0,0,차대차 - 기타,안전운전불이행,건조,맑음,단일로 - 기타,화물,남,74세,상해없음,원동기,남,69세,중상
2014030600100355,2014년 3월 6일 17시,목요일,충청북도 청주시 흥덕구 옥산면,중상사고,0,1,1,0,차대차 - 측면직각충돌,교차로운행방법위반,건조,맑음,교차로 - 교차로안,승용,남,32세,경상,승용,남,51세,중상
2014030600100378,2014년 3월 6일 18시,목요일,충청북도 청주시 청원구 내덕동,중상사고,0,2,0,0,차대차 - 기타,신호위반,건조,맑음,교차로 - 교차로안,승용,남,28세,상해없음,승용,남,31세,중상
2014030600100437,2014년 3월 6일 20시,목요일,충청북도 증평군 증평읍,경상사고,0,0,1,0,차대차 - 기타,기타,건조,맑음,교차로 - 교차로부근,이륜,남,30세,경상,승용,남,51세,상해없음
2014030600100458,2014년 3월 6일 21시,목요일,충청북도 청주시 청원구 내덕동,경상사고,0,0,2,0,차대차 - 기타,안전운전불이행,건조,맑음,단일로 - 기타,화물,남,32세,상해없음,승용,남,62세,경상
2014030600100459,2014년 3월 6일 21시,목요일,충청북도 제천시 청전동,중상사고,0,3,1,0,차대차 - 기타,직진우회전진행방해,건조,맑음,교차로 - 교차로안,승용,남,57세,상해없음,승용,남,29세,경상
2014030600100488,2014년 3월 6일 22시,목요일,충청북도 청주시 상당구 금천동,경상사고,0,0,2,0,차대차 - 기타,교차로운행방법위반,건조,맑음,교차로 - 교차로안,승용,여,43세,상해없음,이륜,남,23세,경상
2014030600100517,2014년 3월 6일 23시,목요일,충청북도 청주시 청원구 오창읍,경상사고,0,0,2,0,차대차 - 추돌 - 주정차중,안전운전불이행,건조,맑음,교차로 - 교차로부근,승용,남,58세,상해없음,승합,남,35세,경상
2014030600100518,2014년 3월 6일 23시,목요일,충청북도 청주시 흥덕구 복대동,경상사고,0,0,1,0,차대차 - 측면직각충돌,안전운전불이행,건조,맑음,단일로 - 기타,승용,남,25세,상해없음,이륜,남,42세,경상
2014030700100020,2014년 3월 7일 01시,금요일,충청북도 청주시 서원구 사창동,경상사고,0,0,3,0,차대차 - 측면직각충돌,안전운전불이행,건조,맑음,교차로 - 교차로안,화물,남,27세,경상,승용,여,37세,상해없음
2014030700100021,2014년 3월 7일 01시,금요일,충청북도 청주시 흥덕구 신봉동,경상사고,0,0,3,0,차대차 - 추돌 - 주정차중,중앙선침범,건조,맑음,교차로 - 교차로안,승용,남,31세,경상,승용,남,40세,경상
2014030700100033,2014년 3월 7일 02시,금요일,충청북도 충주시 연수동,중상사고,0,1,0,0,차대차 - 측면직각충돌,신호위반,건조,맑음,교차로 - 교차로안,승용,남,23세,상해없음,승용,여,38세,중상
2014030700100043,2014년 3월 7일 03시,금요일,충청북도 청주시 흥덕구 복대동,중상사고,0,1,0,0,차대차 - 정면충돌,중앙선침범,건조,맑음,단일로 - 기타,승용,남,36세,상해없음,승용,남,50세,중상
2014030700100124,2014년 3월 7일 08시,금요일,충청북도 충주시 연수동,중상사고,0,1,0,0,차대차 - 추돌 - 진행중,신호위반,건조,맑음,교차로 - 교차로안,승용,남,41세,상해없음,승용,남,52세,중상
2014030700100125,2014년 3월 7일 08시,금요일,충청북도 괴산군 괴산읍,경상사고,0,0,1,0,차대차 - 기타,안전운전불이행,건조,맑음,교차로 - 교차로안,승용,여,21세,경상,승용,여,29세,상해없음
2014030700100126,2014년 3월 7일 08시,금요일,충청북도 청주시 상당구 용암동,경상사고,0,0,2,0,차대차 - 기타,안전운전불이행,건조,맑음,단일로 - 기타,승용,여,29세,상해없음,승합,남,51세,상해없음
2014030700100178,2014년 3월 7일 10시,금요일,충청북도 청주시 상당구 석교동,경상사고,0,0,2,0,차대사람 - 기타,안전운전불이행,건조,맑음,단일로 - 기타,승용,여,55세,상해없음,보행자,남,72세,경상
2014030700100179,2014년 3월 7일 10시,금요일,충청북도 청주시 청원구 율량동,중상사고,0,1,1,0,차대차 - 측면직각충돌,교차로운행방법위반,건조,맑음,교차로 - 교차로안,승용,여,29세,경상,승용,남,41세,중상
2014030700100180,2014년 3월 7일 10시,금요일,충청북도 보은군 보은읍,경상사고,0,0,4,0,차대차 - 측면직각충돌,기타,건조,맑음,기타 - 기타,화물,남,47세,상해없음,승합,남,49세,경상
2014030700100181,2014년 3월 7일 10시,금요일,충청북도 청주시 서원구 사직동,경상사고,0,0,1,0,차대사람 - 기타,안전운전불이행,건조,맑음,단일로 - 기타,승용,남,56세,상해없음,보행자,여,31세,경상
2014030700100204,2014년 3월 7일 11시,금요일,충청북도 청주시 흥덕구 오송읍,경상사고,0,0,2,0,차대차 - 측면직각충돌,신호위반,건조,맑음,교차로 - 교차로안,승용,여,44세,경상,화물,남,59세,경상
2014030700100251,2014년 3월 7일 13시,금요일,충청북도 영동군 영동읍,경상사고,0,0,1,0,차대사람 - 횡단중,보행자보호의무위반,건조,맑음,교차로 - 교차로안,원동기,남,65세,상해없음,보행자,남,8세,경상
2014030700100275,2014년 3월 7일 14시,금요일,충청북도 청주시 청원구 주중동,경상사고,0,0,1,0,차대차 - 측면직각충돌,안전운전불이행,건조,맑음,단일로 - 기타,승용,남,28세,상해없음,화물,남,57세,경상
2014030700100296,2014년 3월 7일 15시,금요일,충청북도 제천시 중앙로2가,중상사고,0,1,2,0,차대차 - 기타,직진우회전진행방해,건조,맑음,교차로 - 교차로안,승용,남,47세,경상,화물,남,36세,중상
2014030700100320,2014년 3월 7일 16시,금요일,충청북도 충주시 문화동,경상사고,0,0,1,0,차대차 - 측면직각충돌,안전거리미확보,건조,맑음,단일로 - 기타,승용,남,18세,상해없음,승용,여,33세,경상
2014030700100321,2014년 3월 7일 16시,금요일,충청북도 충주시 지현동,경상사고,0,0,1,0,차대차 - 측면직각충돌,교차로운행방법위반,건조,맑음,교차로 - 교차로안,승용,여,35세,상해없음,승용,남,63세,경상
2014030700100322,2014년 3월 7일 16시,금요일,충청북도 제천시 강제동,중상사고,0,1,0,0,차대차 - 측면직각충돌,직진우회전진행방해,건조,맑음,교차로 - 교차로안,승용,여,34세,상해없음,승용,남,64세,중상
2014030700100323,2014년 3월 7일 16시,금요일,충청북도 음성군 생극면,경상사고,0,0,5,0,차대차 - 기타,안전운전불이행,건조,맑음,교차로 - 교차로안,화물,남,43세,경상,승용,여,30세,경상
2014030700100351,2014년 3월 7일 17시,금요일,충청북도 청주시 상당구 남문로1가동,중상사고,0,1,0,0,차대차 - 기타,기타,건조,맑음,교차로 - 교차로안,원동기,남,22세,중상,화물,남,54세,상해없음
2014030700100352,2014년 3월 7일 17시,금요일,충청북도 충주시 산척면,경상사고,0,0,1,0,차대사람 - 기타,안전운전불이행,건조,맑음,단일로 - 기타,화물,남,45세,상해없음,보행자,남,47세,경상
2014030700100386,2014년 3월 7일 18시,금요일,충청북도 음성군 대소면,중상사고,0,1,0,0,차대차 - 기타,신호위반,건조,맑음,교차로 - 교차로안,원동기,남,53세,중상,승용,여,31세,상해없음
2014030700100422,2014년 3월 7일 19시,금요일,충청북도 청주시 서원구 사창동,경상사고,0,0,1,0,차대차 - 측면직각충돌,안전운전불이행,건조,맑음,단일로 - 기타,승용,남,30세,상해없음,자전거,남,26세,경상
2014030700100489,2014년 3월 7일 21시,금요일,충청북도 청주시 청원구 내덕동,중상사고,0,1,0,0,차대차 - 기타,중앙선침범,건조,맑음,단일로 - 기타,승합,남,54세,기타불명,승용,여,53세,중상
2014030700100490,2014년 3월 7일 21시,금요일,충청북도 충주시 문화동,경상사고,0,0,2,0,차대차 - 기타,교차로운행방법위반,건조,맑음,교차로 - 교차로안,원동기,남,68세,경상,자전거,남,16세,경상
2014030700100527,2014년 3월 7일 22시,금요일,충청북도 청주시 흥덕구 가경동,중상사고,0,1,2,0,차대차 - 추돌 - 주정차중,안전운전불이행,건조,맑음,교차로 - 교차로부근,승용,남,58세,상해없음,승용,남,47세,경상
2014030700100555,2014년 3월 7일 23시,금요일,충청북도 충주시 교현동,경상사고,0,0,1,0,차대차 - 기타,안전운전불이행,건조,맑음,교차로 - 교차로부근,원동기,남,17세,경상,승합,남,50세,상해없음
2014030700100556,2014년 3월 7일 23시,금요일,충청북도 청주시 서원구 분평동,중상사고,0,1,1,0,차대차 - 측면직각충돌,안전운전불이행,건조,맑음,단일로 - 기타,이륜,남,32세,경상,승용,남,59세,상해없음
2014030800100045,2014년 3월 8일 01시,토요일,충청북도 제천시 영천동,경상사고,0,0,1,0,차대차 - 기타,안전운전불이행,건조,맑음,단일로 - 기타,승용,남,60세,상해없음,승용,남,37세,상해없음
2014030800100062,2014년 3월 8일 02시,토요일,충청북도 충주시 성남동,경상사고,0,0,2,0,차대차 - 기타,안전운전불이행,건조,맑음,교차로 - 교차로안,화물,남,31세,상해없음,승용,남,49세,경상
2014030800100111,2014년 3월 8일 06시,토요일,충청북도 충주시 봉방동,중상사고,0,1,0,0,차대차 - 측면직각충돌,중앙선침범,건조,맑음,단일로 - 기타,자전거,여,61세,중상,승용,남,50세,상해없음
2014030800100112,2014년 3월 8일 06시,토요일,충청북도 음성군 음성읍,중상사고,0,1,2,0,차량단독 - 기타,안전운전불이행,건조,맑음,단일로 - 기타,화물,남,59세,경상,,,,
2014030800100126,2014년 3월 8일 07시,토요일,충청북도 진천군 이월면,경상사고,0,0,4,0,차대차 - 측면직각충돌,안전운전불이행,건조,맑음,단일로 - 기타,승용,여,40세,상해없음,승합,남,31세,경상
2014030800100127,2014년 3월 8일 07시,토요일,충청북도 청주시 흥덕구 가경동,경상사고,0,0,1,0,차대차 - 측면직각충돌,안전운전불이행,건조,맑음,단일로 - 기타,승용,여,53세,상해없음,승용,남,66세,경상
2014030800100140,2014년 3월 8일 08시,토요일,충청북도 청주시 상당구 남문로1가동,중상사고,0,1,0,0,차대차 - 측면직각충돌,교차로운행방법위반,건조,맑음,교차로 - 교차로안,승용,남,60세,상해없음,원동기,남,48세,중상
2014030800100141,2014년 3월 8일 08시,토요일,충청북도 충주시 문화동,경상사고,0,0,1,0,차대차 - 추돌 - 진행중,직진우회전진행방해,건조,맑음,교차로 - 교차로안,승용,남,49세,상해없음,승용,여,53세,상해없음
2014030800100142,2014년 3월 8일 08시,토요일,충청북도 청주시 흥덕구 봉명동,중상사고,0,3,0,0,차대차 - 정면충돌,안전운전불이행,건조,맑음,단일로 - 기타,승용,남,26세,상해없음,승용,여,48세,중상
2014030800100206,2014년 3월 8일 11시,토요일,충청북도 제천시 송학면,경상사고,0,0,1,0,차대차 - 측면직각충돌,중앙선침범,건조,맑음,단일로 - 기타,화물,남,78세,상해없음,화물,남,57세,상해없음
2014030800100230,2014년 3월 8일 12시,토요일,충청북도 충주시 문화동,경상사고,0,0,1,0,차대차 - 기타,안전운전불이행,건조,맑음,교차로 - 교차로부근,승용,남,41세,상해없음,자전거,남,25세,경상
2014030800100259,2014년 3월 8일 13시,토요일,충청북도 청주시 서원구 남이면,경상사고,0,0,3,0,차대차 - 추돌 - 주정차중,안전운전불이행,건조,맑음,교차로 - 교차로부근,화물,남,49세,상해없음,승용,남,39세,경상
2014030800100366,2014년 3월 8일 17시,토요일,충청북도 제천시 고명동,경상사고,0,0,1,0,차대차 - 추돌 - 진행중,안전거리미확보,건조,맑음,단일로 - 기타,승용,남,50세,상해없음,승용,여,52세,경상
2014030800100367,2014년 3월 8일 17시,토요일,충청북도 청주시 서원구 분평동,경상사고,0,0,2,0,차대차 - 추돌 - 주정차중,안전운전불이행,건조,맑음,단일로 - 기타,화물,남,53세,상해없음,승용,남,65세,경상
2014030800100389,2014년 3월 8일 18시,토요일,충청북도 청주시 흥덕구 가경동,경상사고,0,0,1,0,차대차 - 측면직각충돌,안전운전불이행,건조,맑음,교차로 - 교차로안,승용,남,26세,상해없음,승용,여,55세,경상
2014030800100432,2014년 3월 8일 19시,토요일,충청북도 괴산군 감물면,경상사고,0,0,1,0,차대차 - 기타,안전운전불이행,건조,맑음,단일로 - 기타,승용,남,38세,상해없음,농기계,남,54세,경상
2014030800100433,2014년 3월 8일 19시,토요일,충청북도 옥천군 옥천읍,경상사고,0,0,1,0,차대차 - 측면직각충돌,안전운전불이행,건조,맑음,교차로 - 교차로안,승합,여,40세,상해없음,승용,남,33세,상해없음
2014030800100434,2014년 3월 8일 19시,토요일,충청북도 청주시 서원구 분평동,경상사고,0,0,1,0,차대차 - 기타,안전운전불이행,건조,맑음,단일로 - 기타,이륜,남,17세,경상,승용,남,26세,상해없음
2014030800100473,2014년 3월 8일 20시,토요일,충청북도 청주시 상당구 용암동,중상사고,0,1,0,0,차대차 - 기타,기타,건조,맑음,단일로 - 기타,승용,남,45세,상해없음,이륜,남,33세,중상
2014030800100474,2014년 3월 8일 20시,토요일,충청북도 청주시 서원구 수곡동,중상사고,0,1,0,0,차대차 - 기타,안전운전불이행,건조,맑음,단일로 - 기타,이륜,여,35세,중상,자전거,여,71세,상해없음
2014030800100560,2014년 3월 8일 23시,토요일,충청북도 제천시 청전동,경상사고,0,0,3,0,차대차 - 추돌 - 진행중,안전운전불이행,건조,맑음,교차로 - 교차로부근,화물,남,43세,상해없음,승합,남,59세,경상
2014030900100040,2014년 3월 9일 01시,일요일,충청북도 청주시 흥덕구 복대동,경상사고,0,0,1,0,차대사람 - 길가장자리구역통행중,안전운전불이행,건조,맑음,단일로 - 기타,승용,남,23세,상해없음,보행자,남,31세,경상
2014030900100041,2014년 3월 9일 01시,일요일,충청북도 청주시 흥덕구 봉명동,경상사고,0,0,1,0,차대차 - 측면직각충돌,안전거리미확보,건조,맑음,교차로 - 교차로안,승용,남,23세,상해없음,승용,남,47세,경상
2014030900100092,2014년 3월 9일 04시,일요일,충청북도 청주시 흥덕구 가경동,경상사고,0,0,2,0,차대차 - 측면직각충돌,신호위반,습기,눈,교차로 - 교차로안,승용,남,55세,상해없음,승용,남,46세,경상
2014030900100116,2014년 3월 9일 06시,일요일,충청북도 청주시 청원구 오창읍,경상사고,0,0,1,0,차량단독 - 공작물충돌,안전운전불이행,적설,눈,단일로 - 기타,승용,남,26세,경상,,,,
2014030900100117,2014년 3월 9일 06시,일요일,충청북도 옥천군 옥천읍,중상사고,0,2,0,0,차대차 - 측면직각충돌,신호위반,습기,비,교차로 - 교차로안,승용,남,70세,상해없음,이륜,남,62세,중상
2014030900100118,2014년 3월 9일 06시,일요일,충청북도 청주시 서원구 개신동,중상사고,0,1,1,0,차량단독 - 공작물충돌,안전운전불이행,적설,눈,교차로 - 교차로안,승용,여,30세,경상,,,,
2014030900100123,2014년 3월 9일 07시,일요일,충청북도 제천시 봉양읍,중상사고,0,1,0,0,차대차 - 추돌 - 진행중,안전운전불이행,적설,눈,단일로 - 기타,승용,남,41세,상해없음,승용,남,57세,중상
2014030900100124,2014년 3월 9일 07시,일요일,충청북도 제천시 신동,부상신고사고,0,0,0,1,차량단독 - 공작물충돌,안전운전불이행,적설,눈,단일로 - 기타,승용,여,50세,부상신고,,,,