사고번호,사고일시,요일,시군구,사고내용,사망자수,중상자수,경상자수,부상신고자수,사고유형,법규위반,노면상태,기상상태,도로형태,가해운전자 차종,가해운전자 성별,가해운전자 연령,가해운전자 상해정도,피해운전자 차종,피해운전자 성별,피해운전자 연령,피해운전자 상해정도
2014030900100125,2014년 3월 9일 07시,일요일,충청북도 음성군 감곡면,경상사고,0,0,3,0,차대차 - 측면직각충돌,안전운전불이행,적설,눈,단일로 - 기타,승용,남,55세,경상,승용,남,34세,상해없음
2014030900100218,2014년 3월 9일 13시,일요일,충청북도 청주시 서원구 산남동,경상사고,0,0,1,0,차대사람 - 기타,안전운전불이행,건조,맑음,단일로 - 기타,승용,여,64세,상해없음,보행자,여,47세,경상
2014030900100219,2014년 3월 9일 13시,일요일,충청북도 청주시 상당구 명암동,경상사고,0,0,1,0,차대사람 - 기타,안전운전불이행,건조,맑음,기타 - 기타,승용,기타불명,기타불명,기타불명,보행자,여,49세,경상
2014030900100271,2014년 3월 9일 15시,일요일,충청북도 청주시 흥덕구 강서동,경상사고,0,0,2,0,차대사람 - 횡단중,보행자보호의무위반,건조,맑음,단일로 - 횡단보도상,승용,남,49세,상해없음,보행자,남,45세,경상
2014030900100326,2014년 3월 9일 17시,일요일,충청북도 청주시 서원구 분평동,중상사고,0,2,1,0,차대차 - 기타,신호위반,건조,맑음,교차로 - 교차로안,승용,남,58세,상해없음,승용,남,65세,경상
2014030900100357,2014년 3월 9일 18시,일요일,충청북도 청주시 상당구 북문로1가동,경상사고,0,0,1,0,차대차 - 기타,안전운전불이행,건조,맑음,단일로 - 기타,승용,남,51세,상해없음,이륜,남,26세,경상
2014030900100358,2014년 3월 9일 18시,일요일,충청북도 청주시 서원구 수곡동,사망사고,1,0,0,0,차대사람 - 횡단중,보행자보호의무위반,건조,맑음,교차로 - 교차로안,화물,남,54세,상해없음,보행자,남,62세,사망
2014030900100383,2014년 3월 9일 19시,일요일,충청북도 청주시 상당구 수동,경상사고,0,0,1,0,차대차 - 측면직각충돌,교차로운행방법위반,건조,맑음,교차로 - 교차로안,승용,남,46세,상해없음,승용,여,57세,경상
2014030900100384,2014년 3월 9일 19시,일요일,충청북도 청주시 서원구 사창동,경상사고,0,0,2,0,차대차 - 측면직각충돌,안전운전불이행,건조,맑음,단일로 - 기타,승용,남,43세,상해없음,승용,여,25세,경상
2014030900100446,2014년 3월 9일 21시,일요일,충청북도 청주시 서원구 산남동,경상사고,0,0,2,0,차대차 - 측면직각충돌,신호위반,건조,맑음,교차로 - 교차로안,승용,여,47세,상해없음,화물,남,43세,경상
2014030900100466,2014년 3월 9일 22시,일요일,충청북도 충주시 지현동,경상사고,0,0,1,0,차대차 - 추돌 - 주정차중,안전운전불이행,건조,맑음,단일로 - 기타,승용,남,31세,상해없음,승용,남,30세,상해없음
2014030900100467,2014년 3월 9일 22시,일요일,충청북도 청주시 흥덕구 복대동,경상사고,0,0,1,0,차대차 - 추돌 - 진행중,차로위반,건조,맑음,단일로 - 기타,승용,남,33세,상해없음,이륜,남,45세,경상
2014031000100052,2014년 3월 10일 05시,월요일,충청북도 제천시 영천동,중상사고,0,2,1,0,차대차 - 기타,신호위반,건조,맑음,교차로 - 교차로안,화물,남,52세,상해없음,승용,남,58세,경상
2014031000100089,2014년 3월 10일 07시,월요일,충청북도 제천시 강제동,경상사고,0,0,1,0,차대차 - 기타,신호위반,건조,맑음,교차로 - 교차로안,건설기계,남,63세,상해없음,화물,남,48세,경상
2014031000100190,2014년 3월 10일 10시,월요일,충청북도 청주시 상당구 남주동,경상사고,0,0,1,0,차대차 - 측면직각충돌,교차로운행방법위반,건조,맑음,교차로 - 교차로안,승용,남,61세,상해없음,원동기,남,66세,경상
2014031000100219,2014년 3월 10일 11시,월요일,충청북도 괴산군 문광면,중상사고,0,2,0,0,차대차 - 기타,중앙선침범,건조,맑음,단일로 - 기타,화물,남,67세,상해없음,승용,여,48세,중상
2014031000100241,2014년 3월 10일 12시,월요일,충청북도 제천시 송학면,경상사고,0,0,1,0,차대차 - 기타,중앙선침범,건조,맑음,단일로 - 기타,승용,남,80세,상해없음,승용,여,62세,경상
2014031000100302,2014년 3월 10일 14시,월요일,충청북도 충주시 연수동,중상사고,0,2,0,0,차대차 - 추돌 - 진행중,직진우회전진행방해,건조,맑음,교차로 - 교차로안,승용,남,34세,중상,원동기,남,49세,중상
2014031000100439,2014년 3월 10일 18시,월요일,충청북도 충주시 성서동,경상사고,0,0,1,0,차대차 - 기타,중앙선침범,건조,맑음,단일로 - 기타,자전거,여,71세,경상,화물,남,35세,상해없음
2014031000100440,2014년 3월 10일 18시,월요일,충청북도 제천시 명동,경상사고,0,0,2,0,차대차 - 기타,교차로운행방법위반,건조,맑음,교차로 - 교차로안,승합,남,42세,상해없음,승용,남,36세,경상
2014031000100485,2014년 3월 10일 19시,월요일,충청북도 청주시 청원구 오창읍,중상사고,0,1,0,0,차대사람 - 기타,안전운전불이행,건조,맑음,단일로 - 기타,승용,남,42세,상해없음,보행자,남,40세,중상
2014031000100486,2014년 3월 10일 19시,월요일,충청북도 청주시 청원구 주중동,중상사고,0,1,1,0,차대차 - 추돌 - 주정차중,안전운전불이행,건조,맑음,교차로 - 교차로부근,승용,남,22세,상해없음,승용,남,30세,중상
2014031000100529,2014년 3월 10일 20시,월요일,충청북도 청주시 청원구 내덕동,사망사고,1,0,0,0,차대사람 - 횡단중,안전운전불이행,건조,맑음,단일로 - 기타,승합,남,46세,상해없음,보행자,남,79세,사망
2014031000100530,2014년 3월 10일 20시,월요일,충청북도 청주시 흥덕구 가경동,중상사고,0,1,0,0,차대차 - 측면직각충돌,신호위반,건조,맑음,교차로 - 교차로안,이륜,남,43세,중상,승용,남,23세,상해없음
2014031000100552,2014년 3월 10일 21시,월요일,충청북도 제천시 화산동,경상사고,0,0,3,0,차대차 - 측면직각충돌,안전운전불이행,건조,맑음,교차로 - 교차로안,승용,남,49세,상해없음,승용,남,39세,경상
2014031000100585,2014년 3월 10일 22시,월요일,충청북도 청주시 상당구 영운동,경상사고,0,0,1,0,차대차 - 측면직각충돌,안전운전불이행,건조,맑음,교차로 - 교차로안,승용,남,51세,상해없음,원동기,남,23세,경상
2014031100100037,2014년 3월 11일 02시,화요일,충청북도 음성군 음성읍,사망사고,1,1,1,0,차량단독 - 전도전복,안전운전불이행,건조,맑음,교차로 - 교차로안,승용,남,28세,경상,,,,
2014031100100049,2014년 3월 11일 05시,화요일,충청북도 증평군 증평읍,경상사고,0,0,2,0,차대차 - 기타,신호위반,건조,맑음,교차로 - 교차로안,승용,남,49세,경상,승용,여,49세,경상
2014031100100079,2014년 3월 11일 07시,화요일,충청북도 청주시 상당구 금천동,경상사고,0,0,1,0,차대사람 - 보도통행중,안전운전불이행,건조,맑음,단일로 - 기타,승용,여,30세,상해없음,보행자,남,44세,경상
2014031100100111,2014년 3월 11일 08시,화요일,충청북도 청주시 청원구 오창읍,경상사고,0,0,1,0,차대차 - 측면직각충돌,교차로운행방법위반,건조,맑음,교차로 - 교차로안,화물,남,51세,기타불명,승용,남,59세,상해없음
2014031100100112,2014년 3월 11일 08시,화요일,충청북도 증평군 증평읍,경상사고,0,0,2,0,차대차 - 측면직각충돌,신호위반,건조,맑음,교차로 - 교차로안,승용,남,29세,상해없음,화물,남,45세,경상
2014031100100113,2014년 3월 11일 08시,화요일,충청북도 진천군 문백면,중상사고,0,1,4,0,차대차 - 추돌 - 진행중,안전운전불이행,건조,맑음,단일로 - 기타,승용,여,26세,경상,승용,남,48세,경상
2014031100100114,2014년 3월 11일 08시,화요일,충청북도 청주시 흥덕구 오송읍,경상사고,0,0,2,0,차대차 - 측면직각충돌,직진우회전진행방해,건조,맑음,교차로 - 교차로안,승용,남,30세,경상,승합,남,49세,경상
2014031100100115,2014년 3월 11일 08시,화요일,충청북도 청주시 흥덕구 외북동,경상사고,0,0,2,0,차대차 - 측면직각충돌,안전운전불이행,건조,맑음,교차로 - 교차로부근,승합,남,54세,상해없음,승용,남,32세,경상
2014031100100141,2014년 3월 11일 09시,화요일,충청북도 제천시 두학동,경상사고,0,0,1,0,차량단독 - 공작물충돌,안전운전불이행,건조,맑음,단일로 - 기타,승합,남,52세,상해없음,,,,
2014031100100142,2014년 3월 11일 09시,화요일,충청북도 청주시 흥덕구 가경동,경상사고,0,0,1,0,차대차 - 측면직각충돌,안전운전불이행,건조,맑음,단일로 - 기타,승합,남,59세,상해없음,승용,여,48세,경상
2014031100100143,2014년 3월 11일 09시,화요일,충청북도 청주시 흥덕구 복대동,경상사고,0,0,4,0,차대차 - 측면직각충돌,안전운전불이행,건조,맑음,단일로 - 기타,승용,남,47세,상해없음,승용,여,34세,경상
2014031100100206,2014년 3월 11일 12시,화요일,충청북도 충주시 지현동,부상신고사고,0,0,0,1,차대차 - 측면직각충돌,직진우회전진행방해,건조,맑음,교차로 - 교차로안,원동기,남,71세,부상신고,화물,남,33세,상해없음
2014031100100207,2014년 3월 11일 12시,화요일,충청북도 제천시 하소동,경상사고,0,0,2,0,차대차 - 기타,안전운전불이행,건조,맑음,단일로 - 기타,승용,남,52세,상해없음,승용,남,47세,경상
2014031100100208,2014년 3월 11일 12시,화요일,충청북도 옥천군 이원면,중상사고,0,2,0,0,차대차 - 측면직각충돌,중앙선침범,건조,맑음,단일로 - 기타,화물,남,64세,중상,화물,남,66세,중상
2014031100100237,2014년 3월 11일 13시,화요일,충청북도 청주시 청원구 내덕동,경상사고,0,0,1,0,차대차 - 측면직각충돌,불법유턴,건조,맑음,단일로 - 기타,승용,남,70세,상해없음,승용,여,19세,경상
2014031100100265,2014년 3월 11일 14시,화요일,충청북도 청주시 흥덕구 복대동,경상사고,0,0,1,0,차대차 - 추돌 - 주정차중,안전운전불이행,건조,맑음,교차로 - 교차로안,승용,남,57세,상해없음,승용,여,54세,경상
2014031100100297,2014년 3월 11일 15시,화요일,충청북도 청주시 상당구 금천동,경상사고,0,0,1,0,차대사람 - 기타,불법유턴,건조,맑음,교차로 - 교차로부근,화물,남,44세,상해없음,보행자,여,78세,경상
2014031100100298,2014년 3월 11일 15시,화요일,충청북도 옥천군 옥천읍,경상사고,0,0,1,0,차대차 - 측면직각충돌,안전운전불이행,건조,맑음,단일로 - 기타,화물,남,55세,상해없음,화물,남,49세,경상
2014031100100351,2014년 3월 11일 17시,화요일,충청북도 음성군 금왕읍,중상사고,0,1,0,0,차대차 - 기타,안전운전불이행,건조,맑음,교차로 - 교차로안,건설기계,남,39세,상해없음,원동기,남,76세,중상
2014031100100352,2014년 3월 11일 17시,화요일,충청북도 청주시 서원구 성화동,경상사고,0,0,1,0,차대차 - 측면직각충돌,안전운전불이행,건조,맑음,단일로 - 기타,승용,남,39세,경상,승용,여,45세,상해없음
2014031100100382,2014년 3월 11일 18시,화요일,충청북도 청주시 흥덕구 비하동,경상사고,0,0,1,0,차대차 - 측면직각충돌,기타,건조,맑음,단일로 - 기타,승용,남,45세,상해없음,자전거,남,27세,경상
2014031100100413,2014년 3월 11일 19시,화요일,충청북도 청주시 흥덕구 복대동,경상사고,0,0,2,0,차대차 - 측면직각충돌,차로위반,건조,맑음,단일로 - 기타,승용,남,25세,상해없음,승용,남,40세,경상
2014031100100414,2014년 3월 11일 19시,화요일,충청북도 청주시 서원구 사창동,중상사고,0,1,3,0,차대차 - 추돌 - 진행중,안전운전불이행,건조,맑음,단일로 - 기타,승용,남,30세,경상,승용,남,50세,중상
2014031100100443,2014년 3월 11일 20시,화요일,충청북도 충주시 용산동,중상사고,0,1,0,0,차대차 - 추돌 - 주정차중,안전운전불이행,건조,맑음,단일로 - 기타,승용,남,44세,상해없음,승용,남,38세,중상
2014031100100497,2014년 3월 11일 22시,화요일,충청북도 청주시 청원구 사천동,경상사고,0,0,1,0,차대차 - 측면직각충돌,안전운전불이행,건조,맑음,교차로 - 교차로안,승용,남,46세,상해없음,자전거,남,14세,경상
2014031200100026,2014년 3월 12일 01시,수요일,충청북도 충주시 봉방동,중상사고,0,3,0,0,차대차 - 측면직각충돌,신호위반,건조,맑음,교차로 - 교차로안,승용,남,39세,상해없음,승용,남,46세,중상
2014031200100061,2014년 3월 12일 05시,수요일,충청북도 청주시 서원구 개신동,경상사고,0,0,2,0,차대차 - 측면직각충돌,안전거리미확보,건조,맑음,교차로 - 교차로부근,승용,남,52세,상해없음,승용,남,51세,경상
2014031200100071,2014년 3월 12일 06시,수요일,충청북도 청주시 상당구 용암동,경상사고,0,0,1,0,차대차 - 기타,중앙선침범,건조,맑음,단일로 - 기타,기타불명,기타불명,기타불명,기타불명,승용,남,42세,경상
2014031200100118,2014년 3월 12일 08시,수요일,충청북도 청주시 서원구 분평동,경상사고,0,0,6,0,차대차 - 기타,신호위반,건조,맑음,교차로 - 교차로안,승용,남,52세,상해없음,승용,남,63세,경상
2014031200100139,2014년 3월 12일 09시,수요일,충청북도 청주시 흥덕구 봉명동,경상사고,0,0,1,1,차대차 - 추돌 - 주정차중,안전운전불이행,건조,흐림,교차로 - 교차로안,승용,남,25세,부상신고,화물,남,35세,경상
2014031200100162,2014년 3월 12일 10시,수요일,충청북도 청주시 상당구 수동,경상사고,0,0,1,0,차대차 - 측면직각충돌,안전운전불이행,습기,비,단일로 - 기타,승용,여,49세,상해없음,자전거,남,58세,경상
2014031200100163,2014년 3월 12일 10시,수요일,충청북도 제천시 청전동,중상사고,0,1,0,0,차대사람 - 기타,안전운전불이행,건조,맑음,단일로 - 기타,승용,여,45세,상해없음,보행자,남,41세,중상
2014031200100164,2014년 3월 12일 10시,수요일,충청북도 청주시 흥덕구 복대동,경상사고,0,0,1,0,차대차 - 추돌 - 주정차중,안전거리미확보,습기,비,단일로 - 기타,승용,여,42세,상해없음,승용,남,48세,경상
2014031200100192,2014년 3월 12일 11시,수요일,충청북도 음성군 금왕읍,경상사고,0,0,3,0,차대차 - 기타,교차로운행방법위반,건조,맑음,교차로 - 교차로안,화물,남,72세,경상,건설기계,여,39세,경상
2014031200100193,2014년 3월 12일 11시,수요일,충청북도 청주시 서원구 현도면,경상사고,0,0,1,0,차대차 - 추돌 - 주정차중,안전운전불이행,습기,비,교차로 - 교차로부근,승용,남,59세,상해없음,승용,여,34세,경상
2014031200100214,2014년 3월 12일 12시,수요일,충청북도 청주시 상당구 남문로1가동,중상사고,0,1,0,0,차대차 - 기타,안전운전불이행,건조,맑음,단일로 - 기타,승용,여,31세,상해없음,승합,남,55세,상해없음
2014031200100267,2014년 3월 12일 14시,수요일,충청북도 충주시 교현동,경상사고,0,0,1,0,차대차 - 추돌 - 진행중,신호위반,습기,비,교차로 - 교차로안,건설기계,남,61세,상해없음,승용,남,43세,경상
2014031200100268,2014년 3월 12일 14시,수요일,충청북도 충주시 연수동,경상사고,0,0,2,0,차대차 - 추돌 - 진행중,신호위반,습기,비,교차로 - 교차로안,승합,남,55세,상해없음,승용,남,47세,경상
2014031200100308,2014년 3월 12일 15시,수요일,충청북도 음성군 소이면,경상사고,0,0,1,0,차대차 - 기타,안전운전불이행,건조,맑음,단일로 - 기타,화물,남,45세,상해없음,승용,남,61세,상해없음
2014031200100345,2014년 3월 12일 16시,수요일,충청북도 청주시 흥덕구 강내면,경상사고,0,0,3,0,차대차 - 측면직각충돌,교차로운행방법위반,습기,비,교차로 - 교차로안,승용,여,59세,상해없음,승용,남,23세,경상
2014031200100388,2014년 3월 12일 17시,수요일,충청북도 청주시 상당구 문의면,경상사고,0,0,1,0,차대차 - 기타,안전운전불이행,기타,흐림,교차로 - 교차로부근,승합,남,61세,기타불명,승용,여,61세,경상
2014031200100422,2014년 3월 12일 18시,수요일,충청북도 제천시 하소동,경상사고,0,0,2,0,차대차 - 기타,신호위반,습기,비,교차로 - 교차로안,승용,남,46세,상해없음,승용,남,52세,경상
2014031200100423,2014년 3월 12일 18시,수요일,충청북도 음성군 감곡면,중상사고,0,2,0,0,차대차 - 정면충돌,중앙선침범,습기,흐림,단일로 - 기타,승용,남,45세,중상,승용,여,43세,중상
2014031200100424,2014년 3월 12일 18시,수요일,충청북도 청주시 흥덕구 가경동,중상사고,0,1,0,0,차대사람 - 기타,안전운전불이행,건조,맑음,단일로 - 기타,승용,남,49세,상해없음,보행자,남,16세,중상
2014031200100425,2014년 3월 12일 18시,수요일,충청북도 청주시 흥덕구 가경동,중상사고,0,1,0,0,차대사람 - 횡단중,보행자보호의무위반,습기,비,단일로 - 횡단보도상,화물,남,46세,상해없음,보행자,여,48세,중상
2014031200100490,2014년 3월 12일 19시,수요일,충청북도 청주시 상당구 방서동,경상사고,0,0,3,0,차대차 - 기타,안전운전불이행,습기,흐림,교차로 - 교차로안,승용,남,21세,경상,승용,여,37세,경상
2014031200100550,2014년 3월 12일 20시,수요일,충청북도 제천시 하소동,경상사고,0,0,1,0,차대차 - 기타,안전운전불이행,습기,비,단일로 - 기타,승용,남,58세,상해없음,승용,남,51세,경상
2014031200100551,2014년 3월 12일 20시,수요일,충청북도 청주시 서원구 사직동,경상사고,0,0,1,0,차대사람 - 횡단중,보행자보호의무위반,습기,비,단일로 - 횡단보도상,승용,남,58세,상해없음,보행자,여,58세,경상
2014031200100552,2014년 3월 12일 20시,수요일,충청북도 청주시 서원구 개신동,경상사고,0,0,1,0,차대차 - 측면직각충돌,안전거리미확보,습기,비,단일로 - 기타,승용,여,48세,상해없음,승용,남,74세,경상
2014031200100660,2014년 3월 12일 22시,수요일,충청북도 증평군 증평읍,중상사고,0,1,1,0,차대차 - 추돌 - 진행중,안전운전불이행,습기,비,단일로 - 기타,승용,남,39세,경상,승용,남,52세,중상
2014031200100661,2014년 3월 12일 22시,수요일,충청북도 청주시 흥덕구 강서동,중상사고,0,1,1,0,차대차 - 측면직각충돌,신호위반,건조,맑음,교차로 - 교차로안,이륜,남,31세,중상,승용,남,24세,경상
2014031200100662,2014년 3월 12일 22시,수요일,충청북도 청주시 상당구 남일면,경상사고,0,0,2,0,차대차 - 기타,신호위반,습기,흐림,교차로 - 교차로안,승용,남,49세,상해없음,승합,남,70세,경상
2014031200100663,2014년 3월 12일 22시,수요일,충청북도 옥천군 옥천읍,사망사고,1,1,0,0,차대차 - 추돌 - 진행중,안전운전불이행,습기,비,단일로 - 기타,화물,남,50세,사망,화물,남,48세,중상
2014031300100036,2014년 3월 13일 01시,목요일,충청북도 청주시 흥덕구 복대동,경상사고,0,0,1,0,차대차 - 측면직각충돌,중앙선침범,습기,비,교차로 - 교차로부근,승용,남,27세,기타불명,승용,남,50세,경상
2014031300100069,2014년 3월 13일 03시,목요일,충청북도 청주시 청원구 오창읍,경상사고,0,0,1,0,차대차 - 측면직각충돌,안전운전불이행,건조,맑음,단일로 - 기타,승용,남,38세,상해없음,원동기,남,34세,경상
2014031300100178,2014년 3월 13일 09시,목요일,충청북도 청주시 서원구 개신동,경상사고,0,0,1,0,차대차 - 추돌 - 주정차중,안전운전불이행,건조,맑음,교차로 - 교차로부근,승용,남,46세,상해없음,승용,남,31세,경상
2014031300100233,2014년 3월 13일 11시,목요일,충청북도 청주시 서원구 미평동,경상사고,0,0,2,0,차대차 - 기타,안전운전불이행,습기,비,교차로 - 교차로안,승합,남,54세,상해없음,승용,여,36세,경상
2014031300100367,2014년 3월 13일 16시,목요일,충청북도 청주시 청원구 율량동,중상사고,0,1,0,0,차대사람 - 횡단중,보행자보호의무위반,건조,맑음,교차로 - 교차로부근,승용,여,44세,상해없음,보행자,남,5세,중상
2014031300100368,2014년 3월 13일 16시,목요일,충청북도 제천시 하소동,경상사고,0,0,4,0,차대차 - 기타,신호위반,건조,맑음,교차로 - 교차로안,승용,여,38세,경상,승용,여,50세,경상
2014031300100369,2014년 3월 13일 16시,목요일,충청북도 음성군 생극면,중상사고,0,1,0,0,차대차 - 추돌 - 주정차중,안전운전불이행,건조,맑음,단일로 - 기타,화물,남,50세,상해없음,화물,남,40세,중상
2014031300100370,2014년 3월 13일 16시,목요일,충청북도 보은군 회인면,경상사고,0,0,3,0,차대차 - 측면직각충돌,안전운전불이행,습기,비,단일로 - 기타,승용,남,27세,상해없음,승용,남,44세,경상
2014031300100397,2014년 3월 13일 17시,목요일,충청북도 제천시 덕산면,중상사고,0,1,0,0,차대차 - 측면직각충돌,중앙선침범,건조,맑음,교차로 - 교차로부근,승용,여,47세,상해없음,승용,남,27세,중상
2014031300100398,2014년 3월 13일 17시,목요일,충청북도 보은군 마로면,중상사고,0,1,0,0,차량단독 - 공작물충돌,안전운전불이행,습기,비,단일로 - 기타,승용,남,49세,중상,,,,
2014031300100440,2014년 3월 13일 18시,목요일,충청북도 옥천군 옥천읍,경상사고,0,0,1,0,차대차 - 추돌 - 진행중,안전운전불이행,습기,비,단일로 - 기타,승용,여,47세,상해없음,승용,여,27세,경상
2014031300100441,2014년 3월 13일 18시,목요일,충청북도 진천군 광혜원면,경상사고,0,0,2,0,차대차 - 추돌 - 주정차중,안전운전불이행,건조,맑음,단일로 - 기타,화물,남,43세,상해없음,승용,남,27세,경상
2014031300100442,2014년 3월 13일 18시,목요일,충청북도 청주시 서원구 남이면,중상사고,0,1,0,0,차대사람 - 횡단중,안전운전불이행,건조,맑음,단일로 - 기타,승용,남,29세,상해없음,보행자,남,70세,중상
2014031300100488,2014년 3월 13일 19시,목요일,충청북도 음성군 원남면,경상사고,0,0,2,0,차대차 - 기타,신호위반,건조,맑음,교차로 - 교차로안,승용,여,28세,경상,승합,여,39세,경상
2014031300100489,2014년 3월 13일 19시,목요일,충청북도 청주시 서원구 성화동,경상사고,0,0,1,0,차대차 - 측면직각충돌,안전운전불이행,습기,비,단일로 - 기타,승용,여,42세,상해없음,승용,남,56세,경상
2014031300100527,2014년 3월 13일 20시,목요일,충청북도 청주시 상당구 탑동,경상사고,0,0,1,0,차대차 - 추돌 - 주정차중,안전운전불이행,건조,맑음,단일로 - 기타,승용,남,52세,경상,화물,남,66세,기타불명
2014031300100528,2014년 3월 13일 20시,목요일,충청북도 청주시 서원구 죽림동,중상사고,0,1,0,0,차대사람 - 기타,신호위반,습기,비,교차로 - 교차로안,승용,여,45세,상해없음,보행자,여,47세,중상
2014031300100529,2014년 3월 13일 20시,목요일,충청북도 청주시 서원구 산남동,경상사고,0,0,1,0,차대차 - 기타,안전운전불이행,건조,기타,단일로 - 기타,승용,남,44세,상해없음,승용,여,50세,경상
2014031300100564,2014년 3월 13일 21시,목요일,충청북도 청주시 흥덕구 가경동,경상사고,0,0,1,0,차대차 - 기타,교차로운행방법위반,건조,맑음,교차로 - 교차로안,이륜,남,57세,경상,화물,남,47세,상해없음
2014031300100598,2014년 3월 13일 22시,목요일,충청북도 청주시 흥덕구 오송읍,경상사고,0,0,2,0,차대차 - 추돌 - 주정차중,안전운전불이행,습기,비,교차로 - 교차로부근,승용,남,27세,상해없음,승용,여,47세,경상
2014031300100599,2014년 3월 13일 22시,목요일,충청북도 청주시 서원구 수곡동,중상사고,0,2,0,0,차대차 - 측면직각충돌,안전운전불이행,건조,맑음,교차로 - 교차로부근,승용,여,36세,상해없음,승용,남,46세,중상
2014031300100626,2014년 3월 13일 23시,목요일,충청북도 제천시 명동,경상사고,0,0,1,0,차대차 - 기타,신호위반,건조,맑음,교차로 - 교차로안,승용,남,29세,상해없음,승용,남,41세,경상
2014031400100051,2014년 3월 14일 03시,금요일,충청북도 충주시 연수동,경상사고,0,0,1,0,차대사람 - 기타,안전운전불이행,건조,맑음,단일로 - 기타,승용,남,29세,상해없음,보행자,여,37세,경상
2014031400100058,2014년 3월 14일 04시,금요일,충청북도 청주시 상당구 용암동,경상사고,0,0,1,0,차대차 - 측면직각충돌,안전운전불이행,건조,맑음,교차로 - 교차로부근,화물,남,57세,상해없음,승용,남,32세,경상
2014031400100064,2014년 3월 14일 05시,금요일,충청북도 음성군 음성읍,경상사고,0,0,1,0,차대사람 - 횡단중,안전운전불이행,건조,맑음,단일로 - 횡단보도상,화물,남,33세,상해없음,보행자,남,37세,경상
2014031400100092,2014년 3월 14일 07시,금요일,충청북도 청주시 청원구 내수읍,중상사고,0,3,2,0,차대차 - 추돌 - 진행중,안전운전불이행,건조,맑음,단일로 - 기타,화물,남,40세,상해없음,승합,남,49세,상해없음
2014031400100178,2014년 3월 14일 09시,금요일,충청북도 청주시 청원구 사천동,경상사고,0,0,1,0,차대차 - 기타,안전운전불이행,건조,맑음,교차로 - 교차로부근,기타불명,기타불명,기타불명,기타불명,승용,남,44세,상해없음
2014031400100216,2014년 3월 14일 10시,금요일,충청북도 충주시 칠금동,경상사고,0,0,3,0,차대차 - 측면직각충돌,중앙선침범,건조,맑음,단일로 - 기타,승용,남,67세,상해없음,승용,남,56세,경상
2014031400100242,2014년 3월 14일 11시,금요일,충청북도 증평군 증평읍,중상사고,0,1,0,0,차대차 - 측면직각충돌,안전운전불이행,건조,맑음,단일로 - 기타,승용,여,68세,상해없음,이륜,남,71세,중상
2014031400100243,2014년 3월 14일 11시,금요일,충청북도 진천군 진천읍,중상사고,0,1,2,0,차대차 - 추돌 - 진행중,안전운전불이행,건조,맑음,교차로 - 교차로부근,화물,남,37세,상해없음,승용,남,43세,경상
2014031400100276,2014년 3월 14일 12시,금요일,충청북도 청주시 흥덕구 복대동,중상사고,0,1,1,0,차대차 - 측면직각충돌,안전거리미확보,건조,맑음,단일로 - 기타,승용,남,49세,상해없음,승합,남,52세,상해없음
2014031400100333,2014년 3월 14일 14시,금요일,충청북도 제천시 하소동,경상사고,0,0,1,0,차대사람 - 기타,기타,건조,맑음,단일로 - 기타,승용,남,51세,상해없음,보행자,남,7세,경상
2014031400100476,2014년 3월 14일 18시,금요일,충청북도 충주시 연수동,경상사고,0,0,1,0,차대차 - 추돌 - 주정차중,안전거리미확보,건조,맑음,단일로 - 기타,승용,남,40세,상해없음,승용,여,24세,경상
2014031400100477,2014년 3월 14일 18시,금요일,충청북도 충주시 금릉동,부상신고사고,0,0,0,1,차대차 - 측면직각충돌,직진우회전진행방해,건조,맑음,교차로 - 교차로안,승용,남,59세,부상신고,승용,남,51세,상해없음
2014031400100478,2014년 3월 14일 18시,금요일,충청북도 충주시 금릉동,경상사고,0,0,1,1,차대차 - 측면직각충돌,직진우회전진행방해,건조,맑음,교차로 - 교차로안,승용,여,33세,부상신고,승용,남,31세,경상
2014031400100574,2014년 3월 14일 20시,금요일,충청북도 청주시 상당구 남일면,중상사고,0,1,0,0,차대차 - 기타,안전운전불이행,건조,맑음,단일로 - 기타,승용,여,45세,상해없음,이륜,남,51세,중상
2014031400100609,2014년 3월 14일 21시,금요일,충청북도 청주시 흥덕구 향정동,경상사고,0,0,1,0,차대차 - 측면직각충돌,차로위반,건조,맑음,단일로 - 기타,승용,여,28세,상해없음,승용,남,48세,경상
2014031400100656,2014년 3월 14일 22시,금요일,충청북도 증평군 증평읍,중상사고,0,1,0,0,차대차 - 기타,안전운전불이행,건조,맑음,교차로 - 교차로안,승용,여,42세,상해없음,이륜,남,57세,중상
2014031400100697,2014년 3월 14일 23시,금요일,충청북도 청주시 상당구 용암동,경상사고,0,0,1,0,차대사람 - 기타,보행자보호의무위반,건조,맑음,교차로 - 교차로부근,승용,남,31세,상해없음,보행자,남,45세,경상
2014031500100012,2014년 3월 15일 00시,토요일,충청북도 제천시 신백동,중상사고,0,2,0,0,차대차 - 추돌 - 주정차중,안전운전불이행,건조,맑음,교차로 - 교차로부근,승용,남,41세,상해없음,승합,남,49세,중상
2014031500100013,2014년 3월 15일 00시,토요일,충청북도 청주시 흥덕구 봉명동,중상사고,0,2,0,0,차대차 - 추돌 - 주정차중,안전운전불이행,건조,맑음,단일로 - 기타,승용,여,40세,상해없음,승용,남,28세,중상
2014031500100049,2014년 3월 15일 01시,토요일,충청북도 청주시 서원구 성화동,경상사고,0,0,1,0,차대사람 - 길가장자리구역통행중,안전운전불이행,건조,맑음,교차로 - 교차로부근,승용,남,34세,상해없음,보행자,남,40세,경상