사고번호,사고일시,요일,시군구,사고내용,사망자수,중상자수,경상자수,부상신고자수,사고유형,법규위반,노면상태,기상상태,도로형태,가해운전자 차종,가해운전자 성별,가해운전자 연령,가해운전자 상해정도,피해운전자 차종,피해운전자 성별,피해운전자 연령,피해운전자 상해정도
2014031500100071,2014년 3월 15일 02시,토요일,충청북도 청주시 흥덕구 비하동,경상사고,0,0,2,0,차대차 - 추돌 - 주정차중,안전운전불이행,건조,맑음,교차로 - 교차로안,화물,남,46세,상해없음,승용,남,31세,경상
2014031500100172,2014년 3월 15일 09시,토요일,충청북도 충주시 앙성면,부상신고사고,0,0,0,1,차대사람 - 기타,기타,건조,맑음,단일로 - 기타,기타불명,기타불명,기타불명,기타불명,보행자,남,45세,부상신고
2014031500100173,2014년 3월 15일 09시,토요일,충청북도 진천군 진천읍,경상사고,0,0,1,0,차대사람 - 길가장자리구역통행중,안전운전불이행,건조,맑음,단일로 - 기타,승용,여,63세,상해없음,보행자,남,53세,경상
2014031500100174,2014년 3월 15일 09시,토요일,충청북도 청주시 흥덕구 옥산면,경상사고,0,0,1,0,차대차 - 측면직각충돌,신호위반,건조,맑음,교차로 - 교차로안,원동기,남,78세,경상,화물,남,34세,상해없음
2014031500100198,2014년 3월 15일 10시,토요일,충청북도 청주시 청원구 사천동,경상사고,0,0,1,0,차대차 - 기타,교차로운행방법위반,건조,맑음,교차로 - 교차로부근,승용,남,43세,상해없음,자전거,남,23세,경상
2014031500100199,2014년 3월 15일 10시,토요일,충청북도 제천시 송학면,중상사고,0,1,0,0,차대차 - 측면직각충돌,안전거리미확보,건조,맑음,교차로 - 교차로부근,원동기,남,71세,중상,승용,남,66세,상해없음
2014031500100200,2014년 3월 15일 10시,토요일,충청북도 영동군 영동읍,경상사고,0,0,1,0,차대사람 - 보도통행중,안전운전불이행,건조,맑음,단일로 - 기타,승용,여,54세,상해없음,보행자,여,66세,경상
2014031500100264,2014년 3월 15일 12시,토요일,충청북도 충주시 호암동,중상사고,0,2,0,0,차대차 - 추돌 - 진행중,안전운전불이행,건조,맑음,교차로 - 교차로부근,승용,남,55세,상해없음,화물,남,29세,중상
2014031500100265,2014년 3월 15일 12시,토요일,충청북도 청주시 서원구 장성동,경상사고,0,0,1,0,차대차 - 측면직각충돌,안전운전불이행,건조,맑음,교차로 - 교차로안,승용,남,61세,상해없음,화물,여,51세,경상
2014031500100266,2014년 3월 15일 12시,토요일,충청북도 청주시 상당구 남일면,경상사고,0,0,1,0,차대차 - 기타,교차로운행방법위반,건조,맑음,교차로 - 교차로안,화물,남,69세,상해없음,화물,남,58세,경상
2014031500100363,2014년 3월 15일 15시,토요일,충청북도 괴산군 괴산읍,중상사고,0,2,0,0,차대차 - 추돌 - 주정차중,안전운전불이행,건조,맑음,교차로 - 교차로안,화물,남,67세,상해없음,승용,남,45세,상해없음
2014031500100434,2014년 3월 15일 17시,토요일,충청북도 괴산군 장연면,중상사고,0,1,3,0,차대차 - 정면충돌,중앙선침범,건조,맑음,단일로 - 기타,승용,여,34세,경상,승용,남,42세,중상
2014031500100435,2014년 3월 15일 17시,토요일,충청북도 청주시 상당구 용암동,중상사고,0,1,6,0,차대차 - 기타,신호위반,건조,맑음,교차로 - 교차로안,이륜,남,16세,중상,승합,남,33세,상해없음
2014031500100552,2014년 3월 15일 20시,토요일,충청북도 영동군 황간면,중상사고,0,1,1,0,차대차 - 기타,직진우회전진행방해,건조,맑음,교차로 - 교차로안,원동기,여,29세,중상,승용,여,52세,경상
2014031500100553,2014년 3월 15일 20시,토요일,충청북도 진천군 진천읍,중상사고,0,1,0,0,차대사람 - 길가장자리구역통행중,안전운전불이행,건조,맑음,교차로 - 교차로안,승용,남,36세,상해없음,보행자,남,59세,중상
2014031500100584,2014년 3월 15일 21시,토요일,충청북도 음성군 음성읍,중상사고,0,2,0,0,차대차 - 정면충돌,중앙선침범,건조,맑음,교차로 - 교차로부근,승용,남,51세,상해없음,승용,여,41세,중상
2014031600100032,2014년 3월 16일 01시,일요일,충청북도 청주시 흥덕구 가경동,경상사고,0,0,2,0,차대차 - 측면직각충돌,신호위반,건조,맑음,교차로 - 교차로안,화물,남,47세,상해없음,승용,남,50세,경상
2014031600100058,2014년 3월 16일 02시,일요일,충청북도 청주시 흥덕구 비하동,경상사고,0,0,1,0,차대차 - 기타,안전운전불이행,건조,맑음,단일로 - 기타,승용,남,29세,경상,승용,남,36세,상해없음
2014031600100076,2014년 3월 16일 03시,일요일,충청북도 청주시 흥덕구 운천동,경상사고,0,0,1,0,차대차 - 기타,안전운전불이행,건조,맑음,단일로 - 기타,승용,남,27세,경상,승용,남,54세,기타불명
2014031600100115,2014년 3월 16일 06시,일요일,충청북도 증평군 증평읍,중상사고,0,1,0,0,차대차 - 측면직각충돌,신호위반,건조,맑음,교차로 - 교차로안,승용,남,53세,상해없음,승용,남,50세,중상
2014031600100125,2014년 3월 16일 07시,일요일,충청북도 음성군 금왕읍,중상사고,0,2,0,0,차량단독 - 기타,안전운전불이행,건조,맑음,교차로 - 교차로안,화물,남,56세,중상,,,,
2014031600100126,2014년 3월 16일 07시,일요일,충청북도 청주시 서원구 남이면,중상사고,0,2,1,0,차대차 - 추돌 - 주정차중,안전운전불이행,건조,맑음,단일로 - 기타,승용,남,30세,중상,승용,남,30세,경상
2014031600100187,2014년 3월 16일 11시,일요일,충청북도 청주시 상당구 남일면,중상사고,0,1,0,0,차대차 - 측면직각충돌,안전운전불이행,건조,맑음,단일로 - 기타,승합,남,52세,기타불명,자전거,남,60세,중상
2014031600100207,2014년 3월 16일 12시,일요일,충청북도 청주시 흥덕구 비하동,경상사고,0,0,1,0,차대차 - 측면직각충돌,중앙선침범,건조,맑음,단일로 - 기타,승용,여,40세,상해없음,승용,남,36세,경상
2014031600100208,2014년 3월 16일 12시,일요일,충청북도 청주시 서원구 현도면,중상사고,0,1,0,0,차대차 - 측면직각충돌,안전운전불이행,건조,맑음,교차로 - 교차로부근,승용,남,52세,상해없음,이륜,남,43세,중상
2014031600100263,2014년 3월 16일 14시,일요일,충청북도 청주시 상당구 용정동,중상사고,0,1,0,0,차대차 - 측면직각충돌,안전운전불이행,건조,맑음,교차로 - 교차로안,승용,여,28세,상해없음,자전거,남,50세,중상
2014031600100264,2014년 3월 16일 14시,일요일,충청북도 보은군 회인면,경상사고,0,0,1,0,차대차 - 추돌 - 진행중,안전운전불이행,건조,맑음,단일로 - 기타,이륜,남,48세,경상,승용,남,57세,상해없음
2014031600100296,2014년 3월 16일 15시,일요일,충청북도 청주시 상당구 산성동,중상사고,0,1,0,0,차대차 - 측면직각충돌,중앙선침범,건조,맑음,단일로 - 기타,승용,남,50세,상해없음,자전거,남,54세,중상
2014031600100325,2014년 3월 16일 16시,일요일,충청북도 청주시 청원구 우암동,경상사고,0,0,2,0,차대차 - 기타,교차로운행방법위반,건조,맑음,교차로 - 교차로부근,승용,남,31세,상해없음,승용,남,27세,경상
2014031600100326,2014년 3월 16일 16시,일요일,충청북도 충주시 교현동,경상사고,0,0,3,0,차대차 - 기타,안전운전불이행,건조,맑음,단일로 - 기타,화물,남,50세,상해없음,승용,남,66세,경상
2014031600100327,2014년 3월 16일 16시,일요일,충청북도 청주시 흥덕구 가경동,경상사고,0,0,1,0,차대사람 - 기타,안전운전불이행,건조,맑음,단일로 - 기타,기타불명,기타불명,기타불명,기타불명,보행자,여,8세,경상
2014031600100363,2014년 3월 16일 17시,일요일,충청북도 진천군 문백면,경상사고,0,0,2,0,차대차 - 추돌 - 진행중,중앙선침범,건조,맑음,단일로 - 기타,승용,남,47세,상해없음,화물,남,42세,경상
2014031600100389,2014년 3월 16일 18시,일요일,충청북도 청주시 상당구 가덕면,경상사고,0,0,3,0,차대차 - 정면충돌,중앙선침범,건조,맑음,단일로 - 기타,승용,남,28세,상해없음,승용,여,40세,경상
2014031600100417,2014년 3월 16일 19시,일요일,충청북도 음성군 대소면,중상사고,0,1,0,0,차량단독 - 기타,안전운전불이행,건조,맑음,단일로 - 기타,승합,남,55세,중상,,,,
2014031600100418,2014년 3월 16일 19시,일요일,충청북도 청주시 흥덕구 강내면,경상사고,0,0,1,0,차대차 - 추돌 - 진행중,차로위반,건조,맑음,단일로 - 교량,승용,남,36세,상해없음,이륜,남,31세,경상
2014031600100447,2014년 3월 16일 20시,일요일,충청북도 충주시 교현동,경상사고,0,0,2,0,차대차 - 기타,안전운전불이행,건조,맑음,교차로 - 교차로부근,승용,남,26세,상해없음,승용,남,54세,경상
2014031600100474,2014년 3월 16일 21시,일요일,충청북도 청주시 상당구 남문로1가동,경상사고,0,0,1,0,차대차 - 추돌 - 주정차중,안전운전불이행,건조,맑음,교차로 - 교차로부근,기타불명,기타불명,기타불명,기타불명,승합,남,32세,상해없음
2014031600100475,2014년 3월 16일 21시,일요일,충청북도 제천시 하소동,중상사고,0,1,0,0,차대차 - 기타,신호위반,건조,맑음,교차로 - 교차로안,승용,남,41세,상해없음,승용,남,32세,중상
2014031600100476,2014년 3월 16일 21시,일요일,충청북도 청주시 상당구 용암동,경상사고,0,0,1,0,차대사람 - 길가장자리구역통행중,안전운전불이행,건조,맑음,기타 - 기타,승용,여,52세,상해없음,보행자,남,42세,경상
2014031600100501,2014년 3월 16일 22시,일요일,충청북도 청주시 흥덕구 복대동,경상사고,0,0,1,0,차대차 - 측면직각충돌,안전운전불이행,건조,맑음,교차로 - 교차로안,승용,여,48세,상해없음,승용,남,56세,경상
2014031700100041,2014년 3월 17일 05시,월요일,충청북도 충주시 앙성면,경상사고,0,0,1,1,차대차 - 추돌 - 진행중,안전운전불이행,건조,맑음,단일로 - 기타,승용,남,19세,부상신고,특수,남,67세,경상
2014031700100078,2014년 3월 17일 07시,월요일,충청북도 청주시 청원구 오동동,경상사고,0,0,1,0,차대차 - 추돌 - 진행중,안전운전불이행,건조,맑음,단일로 - 기타,승용,남,28세,상해없음,승용,남,31세,경상
2014031700100079,2014년 3월 17일 07시,월요일,충청북도 충주시 봉방동,중상사고,0,1,0,0,차대차 - 추돌 - 진행중,안전거리미확보,건조,맑음,단일로 - 기타,건설기계,남,53세,상해없음,승용,남,33세,중상
2014031700100080,2014년 3월 17일 07시,월요일,충청북도 청주시 흥덕구 가경동,부상신고사고,0,0,0,1,차대차 - 추돌 - 진행중,안전운전불이행,건조,맑음,단일로 - 기타,승용,남,63세,부상신고,건설기계,남,46세,상해없음
2014031700100081,2014년 3월 17일 07시,월요일,충청북도 청주시 서원구 수곡동,경상사고,0,0,1,0,차대사람 - 기타,안전운전불이행,건조,맑음,단일로 - 기타,승용,남,25세,상해없음,보행자,여,53세,경상
2014031700100082,2014년 3월 17일 07시,월요일,충청북도 청주시 서원구 분평동,중상사고,0,1,0,0,차대차 - 기타,안전운전불이행,건조,맑음,단일로 - 기타,승용,남,44세,상해없음,승용,남,47세,중상
2014031700100120,2014년 3월 17일 08시,월요일,충청북도 청주시 청원구 내수읍,경상사고,0,0,1,0,차대차 - 측면직각충돌,교차로운행방법위반,건조,맑음,교차로 - 교차로안,화물,남,86세,상해없음,승용,여,45세,경상
2014031700100121,2014년 3월 17일 08시,월요일,충청북도 청주시 청원구 사천동,경상사고,0,0,1,0,차대차 - 기타,안전거리미확보,건조,맑음,교차로 - 교차로부근,승용,남,69세,상해없음,승용,여,59세,경상
2014031700100122,2014년 3월 17일 08시,월요일,충청북도 충주시 교현동,경상사고,0,0,1,0,차대차 - 추돌 - 진행중,신호위반,건조,맑음,교차로 - 교차로안,승용,남,33세,상해없음,승용,남,59세,경상
2014031700100123,2014년 3월 17일 08시,월요일,충청북도 괴산군 감물면,중상사고,0,1,0,0,차대차 - 측면직각충돌,중앙선침범,건조,기타,단일로 - 기타,화물,남,55세,상해없음,승용,남,28세,중상
2014031700100124,2014년 3월 17일 08시,월요일,충청북도 청주시 흥덕구 봉명동,경상사고,0,0,2,0,차대차 - 추돌 - 진행중,차로위반,건조,맑음,단일로 - 기타,승용,남,52세,상해없음,승합,남,65세,상해없음
2014031700100213,2014년 3월 17일 11시,월요일,충청북도 음성군 생극면,중상사고,0,1,0,0,차대차 - 기타,신호위반,건조,맑음,교차로 - 교차로안,화물,남,57세,상해없음,승용,남,55세,중상
2014031700100214,2014년 3월 17일 11시,월요일,충청북도 진천군 진천읍,중상사고,0,1,1,0,차대차 - 측면직각충돌,교차로운행방법위반,건조,맑음,교차로 - 교차로안,승용,남,56세,경상,화물,남,52세,중상
2014031700100235,2014년 3월 17일 12시,월요일,충청북도 청주시 상당구 금천동,중상사고,0,1,2,0,차대차 - 기타,신호위반,건조,맑음,교차로 - 교차로안,승용,남,75세,상해없음,승용,여,66세,경상
2014031700100292,2014년 3월 17일 14시,월요일,충청북도 제천시 중앙로1가,경상사고,0,0,1,0,차대차 - 추돌 - 진행중,안전거리미확보,건조,맑음,교차로 - 교차로부근,승용,남,66세,상해없음,승용,남,51세,경상
2014031700100325,2014년 3월 17일 15시,월요일,충청북도 제천시 고암동,중상사고,0,1,0,0,차대차 - 기타,안전운전불이행,건조,맑음,교차로 - 교차로안,화물,남,48세,상해없음,승용,남,64세,중상
2014031700100350,2014년 3월 17일 16시,월요일,충청북도 청주시 상당구 남문로1가동,중상사고,0,1,0,0,차대차 - 기타,안전운전불이행,건조,맑음,단일로 - 기타,기타불명,기타불명,기타불명,기타불명,자전거,남,61세,중상
2014031700100392,2014년 3월 17일 17시,월요일,충청북도 제천시 송학면,중상사고,0,1,0,0,차대차 - 정면충돌,안전운전불이행,건조,맑음,교차로 - 교차로부근,화물,남,30세,상해없음,승용,남,26세,중상
2014031700100393,2014년 3월 17일 17시,월요일,충청북도 청주시 흥덕구 복대동,중상사고,0,1,0,0,차대사람 - 횡단중,보행자보호의무위반,건조,맑음,단일로 - 기타,승용,여,53세,상해없음,보행자,남,6세,중상
2014031700100394,2014년 3월 17일 17시,월요일,충청북도 청주시 서원구 죽림동,경상사고,0,0,1,0,차대차 - 추돌 - 주정차중,안전운전불이행,건조,맑음,교차로 - 교차로부근,승용,남,63세,상해없음,승용,여,40세,경상
2014031700100425,2014년 3월 17일 18시,월요일,충청북도 제천시 고암동,중상사고,0,1,0,0,차대차 - 기타,직진우회전진행방해,건조,맑음,교차로 - 교차로안,승용,남,53세,상해없음,원동기,남,28세,중상
2014031700100466,2014년 3월 17일 19시,월요일,충청북도 청주시 상당구 금천동,경상사고,0,0,2,0,차대차 - 기타,안전운전불이행,건조,맑음,단일로 - 기타,승용,여,30세,상해없음,승용,남,36세,경상
2014031700100467,2014년 3월 17일 19시,월요일,충청북도 청주시 흥덕구 봉명동,경상사고,0,0,2,0,차대차 - 측면직각충돌,안전운전불이행,건조,맑음,단일로 - 기타,승용,남,35세,상해없음,승용,남,37세,경상
2014031700100578,2014년 3월 17일 22시,월요일,충청북도 청주시 흥덕구 봉명동,경상사고,0,0,1,0,차대차 - 추돌 - 주정차중,안전운전불이행,건조,맑음,교차로 - 교차로부근,기타불명,기타불명,기타불명,기타불명,승용,남,37세,경상
2014031700100610,2014년 3월 17일 23시,월요일,충청북도 청주시 흥덕구 복대동,경상사고,0,0,1,0,차량단독 - 기타,안전운전불이행,건조,맑음,교차로 - 교차로부근,승용,남,58세,기타불명,,,,
2014031700100611,2014년 3월 17일 23시,월요일,충청북도 청주시 상당구 용암동,경상사고,0,0,1,0,차대차 - 추돌 - 주정차중,안전운전불이행,건조,흐림,단일로 - 기타,승용,남,43세,상해없음,승용,남,58세,경상
2014031800100011,2014년 3월 18일 00시,화요일,충청북도 청주시 흥덕구 가경동,경상사고,0,0,1,0,차대차 - 추돌 - 주정차중,안전운전불이행,건조,맑음,단일로 - 기타,화물,남,49세,상해없음,승용,여,39세,경상
2014031800100082,2014년 3월 18일 06시,화요일,충청북도 청주시 청원구 율량동,경상사고,0,0,1,0,차량단독 - 공작물충돌,안전운전불이행,건조,흐림,교차로 - 교차로안,승용,남,57세,상해없음,,,,
2014031800100133,2014년 3월 18일 08시,화요일,충청북도 충주시 교현동,중상사고,0,2,0,0,차대차 - 추돌 - 진행중,신호위반,건조,맑음,교차로 - 교차로안,승용,남,48세,상해없음,승용,여,43세,중상
2014031800100161,2014년 3월 18일 09시,화요일,충청북도 옥천군 옥천읍,중상사고,0,1,0,0,차대차 - 측면직각충돌,안전운전불이행,건조,맑음,단일로 - 기타,화물,남,28세,상해없음,이륜,남,32세,중상
2014031800100162,2014년 3월 18일 09시,화요일,충청북도 진천군 진천읍,경상사고,0,0,2,0,차대차 - 측면직각충돌,중앙선침범,건조,맑음,단일로 - 기타,승용,여,54세,상해없음,승용,남,37세,경상
2014031800100163,2014년 3월 18일 09시,화요일,충청북도 청주시 상당구 용암동,경상사고,0,0,1,0,차대차 - 기타,안전운전불이행,건조,맑음,단일로 - 기타,승용,남,67세,상해없음,승용,남,21세,경상
2014031800100165,2014년 3월 18일 09시,화요일,충청북도 청주시 흥덕구 옥산면,경상사고,0,0,5,2,차대차 - 기타,안전운전불이행,건조,맑음,단일로 - 기타,승용,남,32세,상해없음,승합,남,56세,경상
2014031800100187,2014년 3월 18일 10시,화요일,충청북도 옥천군 옥천읍,경상사고,0,0,1,0,차대차 - 측면직각충돌,교차로운행방법위반,건조,맑음,교차로 - 교차로안,이륜,남,65세,경상,승용,여,41세,상해없음
2014031800100188,2014년 3월 18일 10시,화요일,충청북도 옥천군 옥천읍,중상사고,0,2,0,0,차대사람 - 기타,안전운전불이행,건조,맑음,단일로 - 기타,승용,남,55세,상해없음,보행자,남,55세,중상
2014031800100189,2014년 3월 18일 10시,화요일,충청북도 진천군 진천읍,경상사고,0,0,1,0,차대차 - 추돌 - 주정차중,안전운전불이행,건조,맑음,교차로 - 교차로부근,승용,남,65세,상해없음,승용,남,24세,경상
2014031800100208,2014년 3월 18일 11시,화요일,충청북도 옥천군 안남면,중상사고,0,1,0,0,차대차 - 추돌 - 진행중,안전거리미확보,건조,맑음,단일로 - 교량,건설기계,남,50세,상해없음,농기계,남,56세,중상
2014031800100234,2014년 3월 18일 12시,화요일,충청북도 영동군 용산면,중상사고,0,2,0,0,차대차 - 측면직각충돌,신호위반,건조,맑음,교차로 - 교차로안,승용,남,75세,중상,화물,남,44세,상해없음
2014031800100266,2014년 3월 18일 13시,화요일,충청북도 충주시 엄정면,중상사고,0,2,0,0,차대차 - 추돌 - 진행중,직진우회전진행방해,건조,맑음,교차로 - 교차로안,승용,여,40세,상해없음,이륜,남,81세,중상
2014031800100267,2014년 3월 18일 13시,화요일,충청북도 진천군 이월면,경상사고,0,0,1,0,차대차 - 추돌 - 진행중,중앙선침범,건조,맑음,단일로 - 기타,승용,남,53세,기타불명,화물,남,49세,경상
2014031800100292,2014년 3월 18일 14시,화요일,충청북도 충주시 중앙탑면,경상사고,0,0,2,0,차대차 - 정면충돌,중앙선침범,건조,맑음,단일로 - 기타,승용,남,52세,상해없음,화물,남,52세,경상
2014031800100329,2014년 3월 18일 15시,화요일,충청북도 충주시 봉방동,부상신고사고,0,0,0,1,차대차 - 추돌 - 진행중,안전거리미확보,건조,맑음,단일로 - 기타,이륜,남,18세,부상신고,승용,남,73세,상해없음
2014031800100330,2014년 3월 18일 15시,화요일,충청북도 충주시 살미면,경상사고,0,0,1,0,차대차 - 추돌 - 진행중,안전운전불이행,건조,맑음,교차로 - 교차로부근,화물,남,47세,상해없음,승용,남,40세,경상
2014031800100369,2014년 3월 18일 16시,화요일,충청북도 보은군 보은읍,중상사고,0,1,6,0,차대차 - 측면직각충돌,기타,건조,맑음,교차로 - 교차로안,화물,남,46세,경상,승용,남,81세,중상
2014031800100370,2014년 3월 18일 16시,화요일,충청북도 단양군 매포읍,경상사고,0,0,1,0,차대차 - 기타,안전운전불이행,건조,맑음,단일로 - 기타,승용,여,28세,경상,건설기계,남,61세,상해없음
2014031800100371,2014년 3월 18일 16시,화요일,충청북도 청주시 서원구 사창동,경상사고,0,0,1,0,차대사람 - 횡단중,안전운전불이행,건조,맑음,교차로 - 교차로부근,기타불명,기타불명,기타불명,기타불명,보행자,여,22세,경상
2014031800100399,2014년 3월 18일 17시,화요일,충청북도 충주시 용산동,경상사고,0,0,1,0,차대사람 - 기타,안전운전불이행,건조,맑음,교차로 - 교차로부근,승용,여,41세,상해없음,보행자,남,59세,경상
2014031800100400,2014년 3월 18일 17시,화요일,충청북도 제천시 청전동,중상사고,0,1,0,0,차대차 - 기타,안전거리미확보,건조,맑음,교차로 - 교차로부근,기타불명,기타불명,기타불명,기타불명,원동기,남,60세,중상
2014031800100439,2014년 3월 18일 18시,화요일,충청북도 청주시 흥덕구 복대동,중상사고,0,1,0,0,차대차 - 기타,안전거리미확보,건조,맑음,단일로 - 기타,승용,남,50세,상해없음,승합,남,43세,상해없음
2014031800100440,2014년 3월 18일 18시,화요일,충청북도 청주시 흥덕구 봉명동,경상사고,0,0,1,0,차대차 - 측면직각충돌,기타,건조,맑음,단일로 - 기타,승용,남,40세,상해없음,승용,남,46세,경상
2014031800100483,2014년 3월 18일 19시,화요일,충청북도 청주시 청원구 오창읍,경상사고,0,0,3,0,차대차 - 측면직각충돌,안전운전불이행,건조,맑음,단일로 - 기타,승용,남,27세,상해없음,승용,남,52세,경상
2014031800100484,2014년 3월 18일 19시,화요일,충청북도 옥천군 옥천읍,경상사고,0,0,1,0,차대사람 - 기타,안전운전불이행,건조,맑음,교차로 - 교차로부근,승용,남,54세,상해없음,보행자,여,13세,경상
2014031800100520,2014년 3월 18일 20시,화요일,충청북도 청주시 청원구 내덕동,경상사고,0,0,1,0,차대사람 - 기타,안전운전불이행,건조,맑음,단일로 - 기타,승용,여,51세,상해없음,보행자,남,52세,경상
2014031800100521,2014년 3월 18일 20시,화요일,충청북도 제천시 왕암동,경상사고,0,0,1,0,차대차 - 기타,안전거리미확보,건조,맑음,단일로 - 기타,승용,남,65세,상해없음,승용,여,37세,경상
2014031800100544,2014년 3월 18일 21시,화요일,충청북도 청주시 서원구 개신동,경상사고,0,0,1,0,차대사람 - 횡단중,안전운전불이행,건조,맑음,단일로 - 횡단보도상,이륜,남,42세,상해없음,보행자,여,19세,경상
2014031800100545,2014년 3월 18일 21시,화요일,충청북도 청주시 흥덕구 봉명동,경상사고,0,0,1,0,차대사람 - 기타,안전운전불이행,건조,맑음,교차로 - 교차로안,승용,남,30세,상해없음,보행자,남,46세,경상
2014031800100577,2014년 3월 18일 22시,화요일,충청북도 청주시 흥덕구 가경동,중상사고,0,1,2,0,차대차 - 측면직각충돌,중앙선침범,건조,맑음,교차로 - 교차로부근,승용,남,40세,상해없음,승용,남,49세,경상
2014031900100058,2014년 3월 19일 05시,수요일,충청북도 청주시 서원구 분평동,중상사고,0,1,1,0,차대차 - 기타,신호위반,건조,맑음,교차로 - 교차로안,승용,남,61세,상해없음,승합,남,60세,상해없음
2014031900100083,2014년 3월 19일 07시,수요일,충청북도 충주시 목행동,부상신고사고,0,0,0,1,차대차 - 기타,안전거리미확보,건조,맑음,단일로 - 기타,승용,남,29세,부상신고,승합,남,65세,상해없음
2014031900100084,2014년 3월 19일 07시,수요일,충청북도 청주시 흥덕구 석곡동,중상사고,0,1,0,0,차대차 - 측면직각충돌,중앙선침범,건조,맑음,단일로 - 기타,건설기계,남,58세,상해없음,화물,남,61세,중상
2014031900100085,2014년 3월 19일 07시,수요일,충청북도 청주시 서원구 모충동,경상사고,0,0,1,0,차대차 - 측면직각충돌,교차로운행방법위반,건조,맑음,교차로 - 교차로안,승용,남,63세,상해없음,화물,남,59세,경상
2014031900100114,2014년 3월 19일 08시,수요일,충청북도 음성군 삼성면,경상사고,0,0,1,0,차대차 - 기타,교차로운행방법위반,건조,맑음,교차로 - 교차로안,승합,남,48세,상해없음,승용,남,29세,경상
2014031900100150,2014년 3월 19일 09시,수요일,충청북도 충주시 용산동,경상사고,0,0,1,0,차대차 - 추돌 - 진행중,안전운전불이행,건조,흐림,단일로 - 기타,승용,남,56세,상해없음,승용,남,49세,경상
2014031900100197,2014년 3월 19일 11시,수요일,충청북도 충주시 칠금동,중상사고,0,1,0,0,차대차 - 추돌 - 진행중,신호위반,건조,맑음,교차로 - 교차로안,승용,여,42세,상해없음,승용,여,40세,중상
2014031900100273,2014년 3월 19일 14시,수요일,충청북도 청주시 흥덕구 오송읍,중상사고,0,3,0,0,차대차 - 측면직각충돌,교차로운행방법위반,건조,맑음,교차로 - 교차로안,승용,여,41세,중상,승용,여,33세,중상
2014031900100295,2014년 3월 19일 15시,수요일,충청북도 청주시 서원구 사직동,중상사고,0,1,0,0,차대차 - 추돌 - 주정차중,안전운전불이행,건조,맑음,교차로 - 교차로부근,승용,여,32세,상해없음,승용,여,41세,중상
2014031900100325,2014년 3월 19일 16시,수요일,충청북도 청주시 상당구 용암동,경상사고,0,0,1,0,차대차 - 기타,안전운전불이행,건조,맑음,교차로 - 교차로안,승용,여,37세,상해없음,이륜,남,20세,경상
2014031900100358,2014년 3월 19일 17시,수요일,충청북도 충주시 살미면,경상사고,0,0,1,0,차대차 - 기타,안전운전불이행,건조,맑음,단일로 - 기타,기타불명,기타불명,기타불명,기타불명,승용,남,28세,경상
2014031900100359,2014년 3월 19일 17시,수요일,충청북도 진천군 진천읍,중상사고,0,1,0,0,차대차 - 측면직각충돌,안전운전불이행,건조,맑음,교차로 - 교차로안,이륜,남,17세,상해없음,화물,남,24세,중상
2014031900100391,2014년 3월 19일 18시,수요일,충청북도 충주시 지현동,경상사고,0,0,1,0,차대사람 - 기타,보행자보호의무위반,습기,흐림,단일로 - 횡단보도상,승용,남,75세,상해없음,보행자,남,8세,경상
2014031900100392,2014년 3월 19일 18시,수요일,충청북도 음성군 맹동면,경상사고,0,0,1,0,차대차 - 기타,교차로운행방법위반,습기,흐림,교차로 - 교차로안,승용,남,45세,상해없음,승용,남,48세,경상
2014031900100393,2014년 3월 19일 18시,수요일,충청북도 단양군 매포읍,경상사고,0,0,3,0,차대차 - 추돌 - 주정차중,안전운전불이행,습기,비,교차로 - 교차로부근,화물,남,46세,상해없음,승용,남,46세,경상
2014031900100436,2014년 3월 19일 19시,수요일,충청북도 청주시 서원구 성화동,중상사고,0,1,0,0,차대차 - 정면충돌,중앙선침범,건조,맑음,단일로 - 기타,승용,남,31세,상해없음,이륜,남,36세,중상
2014031900100474,2014년 3월 19일 20시,수요일,충청북도 청주시 청원구 율량동,중상사고,0,1,0,0,차대차 - 기타,신호위반,건조,맑음,교차로 - 교차로안,승용,남,55세,상해없음,이륜,남,41세,중상
2014031900100475,2014년 3월 19일 20시,수요일,충청북도 청주시 서원구 사직동,중상사고,0,1,0,0,차대차 - 추돌 - 주정차중,안전운전불이행,건조,맑음,단일로 - 기타,승용,남,42세,상해없음,승용,여,26세,중상
2014031900100476,2014년 3월 19일 20시,수요일,충청북도 청주시 서원구 현도면,경상사고,0,0,2,0,차대차 - 추돌 - 진행중,안전운전불이행,건조,맑음,교차로 - 교차로안,화물,남,53세,상해없음,승용,남,33세,상해없음
2014031900100477,2014년 3월 19일 20시,수요일,충청북도 청주시 상당구 용담동,경상사고,0,0,2,0,차대차 - 기타,안전운전불이행,건조,맑음,단일로 - 기타,승용,남,36세,상해없음,승용,남,28세,경상
2014031900100513,2014년 3월 19일 21시,수요일,충청북도 청주시 서원구 산남동,경상사고,0,0,2,0,차대차 - 정면충돌,안전운전불이행,건조,기타,교차로 - 교차로부근,승용,남,33세,상해없음,승용,남,45세,상해없음
2014031900100534,2014년 3월 19일 22시,수요일,충청북도 충주시 봉방동,중상사고,0,1,0,1,차대차 - 추돌 - 진행중,안전운전불이행,건조,맑음,단일로 - 기타,승용,남,62세,부상신고,승용,남,36세,중상
2014031900100535,2014년 3월 19일 22시,수요일,충청북도 청주시 흥덕구 봉명동,경상사고,0,0,1,0,차대차 - 측면직각충돌,안전운전불이행,건조,맑음,교차로 - 교차로안,승용,남,48세,기타불명,승용,남,40세,상해없음