사고번호,사고일시,요일,시군구,사고내용,사망자수,중상자수,경상자수,부상신고자수,사고유형,법규위반,노면상태,기상상태,도로형태,가해운전자 차종,가해운전자 성별,가해운전자 연령,가해운전자 상해정도,피해운전자 차종,피해운전자 성별,피해운전자 연령,피해운전자 상해정도
2014031900100536,2014년 3월 19일 22시,수요일,충청북도 청주시 상당구 용암동,경상사고,0,0,1,0,차대사람 - 보도통행중,보행자보호의무위반,건조,기타,교차로 - 교차로안,이륜,남,16세,상해없음,보행자,여,51세,경상
2014032000100014,2014년 3월 20일 00시,목요일,충청북도 청주시 흥덕구 지동동,경상사고,0,0,1,0,차대차 - 측면직각충돌,차로위반,건조,맑음,교차로 - 교차로부근,승용,여,42세,상해없음,승용,남,57세,경상
2014032000100028,2014년 3월 20일 01시,목요일,충청북도 청주시 상당구 서문동,경상사고,0,0,1,0,차대차 - 추돌 - 주정차중,안전운전불이행,습기,비,교차로 - 교차로부근,승용,남,30세,상해없음,승용,여,52세,경상
2014032000100138,2014년 3월 20일 09시,목요일,충청북도 충주시 주덕읍,중상사고,0,1,0,0,차대차 - 측면직각충돌,기타,건조,맑음,기타 - 기타,승용,남,69세,중상,기타불명,남,50세,상해없음
2014032000100139,2014년 3월 20일 09시,목요일,충청북도 청주시 상당구 용암동,경상사고,0,0,1,0,차대차 - 기타,안전운전불이행,건조,맑음,단일로 - 기타,승용,여,51세,상해없음,승용,남,59세,경상
2014032000100181,2014년 3월 20일 11시,목요일,충청북도 충주시 산척면,중상사고,0,1,0,0,차대차 - 측면직각충돌,안전운전불이행,건조,맑음,교차로 - 교차로안,승용,여,40세,상해없음,원동기,남,56세,중상
2014032000100234,2014년 3월 20일 13시,목요일,충청북도 청주시 흥덕구 복대동,경상사고,0,0,3,0,차대차 - 기타,교차로운행방법위반,건조,맑음,교차로 - 교차로안,승용,남,30세,상해없음,승용,남,21세,경상
2014032000100235,2014년 3월 20일 13시,목요일,충청북도 충주시 대소원면,중상사고,0,1,2,0,차대차 - 추돌 - 진행중,안전운전불이행,건조,맑음,단일로 - 기타,화물,남,51세,상해없음,승합,남,46세,경상
2014032000100258,2014년 3월 20일 14시,목요일,충청북도 청주시 상당구 낭성면,경상사고,0,0,1,0,차대차 - 측면직각충돌,중앙선침범,건조,맑음,단일로 - 기타,승용,남,50세,상해없음,건설기계,남,47세,경상
2014032000100319,2014년 3월 20일 16시,목요일,충청북도 충주시 봉방동,중상사고,0,1,0,0,차대차 - 측면직각충돌,안전거리미확보,건조,맑음,단일로 - 기타,승용,남,68세,상해없음,화물,남,60세,중상
2014032000100320,2014년 3월 20일 16시,목요일,충청북도 제천시 청전동,사망사고,1,0,0,0,차대차 - 기타,안전운전불이행,습기,눈,교차로 - 교차로안,화물,남,55세,상해없음,자전거,남,95세,사망
2014032000100321,2014년 3월 20일 16시,목요일,충청북도 청주시 흥덕구 복대동,경상사고,0,0,1,0,차대차 - 측면직각충돌,교차로운행방법위반,건조,맑음,교차로 - 교차로안,승용,여,44세,상해없음,이륜,남,19세,경상
2014032000100391,2014년 3월 20일 18시,목요일,충청북도 옥천군 옥천읍,중상사고,0,1,1,0,차대차 - 측면직각충돌,신호위반,건조,맑음,교차로 - 교차로부근,화물,남,72세,중상,승용,남,32세,경상
2014032000100392,2014년 3월 20일 18시,목요일,충청북도 청주시 흥덕구 가경동,경상사고,0,0,1,0,차대차 - 측면직각충돌,안전운전불이행,건조,맑음,교차로 - 교차로부근,승용,남,31세,상해없음,승용,남,30세,경상
2014032000100492,2014년 3월 20일 20시,목요일,충청북도 충주시 칠금동,경상사고,0,0,1,0,차대차 - 측면직각충돌,안전운전불이행,건조,맑음,단일로 - 기타,원동기,남,59세,경상,승용,남,53세,상해없음
2014032000100493,2014년 3월 20일 20시,목요일,충청북도 진천군 광혜원면,사망사고,2,1,0,0,차대차 - 정면충돌,중앙선침범,습기,비,단일로 - 기타,승용,남,63세,중상,화물,남,47세,기타불명
2014032000100494,2014년 3월 20일 20시,목요일,충청북도 청주시 흥덕구 가경동,경상사고,0,0,1,0,차대사람 - 횡단중,안전운전불이행,건조,맑음,교차로 - 교차로부근,승용,여,43세,상해없음,보행자,남,12세,경상
2014032000100538,2014년 3월 20일 21시,목요일,충청북도 청주시 서원구 수곡동,경상사고,0,0,2,0,차대차 - 추돌 - 주정차중,안전운전불이행,습기,비,교차로 - 교차로부근,승용,남,50세,상해없음,승용,여,55세,경상
2014032000100580,2014년 3월 20일 22시,목요일,충청북도 청주시 흥덕구 복대동,중상사고,0,1,0,0,차대사람 - 차도통행중,안전운전불이행,건조,맑음,단일로 - 기타,승용,남,36세,상해없음,보행자,여,25세,중상
2014032000100581,2014년 3월 20일 22시,목요일,충청북도 청주시 서원구 모충동,중상사고,0,1,1,0,차대차 - 기타,중앙선침범,습기,비,교차로 - 교차로부근,승용,남,35세,상해없음,승용,여,45세,중상
2014032000100616,2014년 3월 20일 23시,목요일,충청북도 청주시 흥덕구 화계동,사망사고,1,1,1,0,차대차 - 정면충돌,중앙선침범,습기,비,단일로 - 기타,승용,남,29세,중상,승용,남,46세,사망
2014032000100617,2014년 3월 20일 23시,목요일,충청북도 청주시 흥덕구 복대동,경상사고,0,0,4,0,차대차 - 기타,교차로운행방법위반,습기,비,교차로 - 교차로안,승용,남,42세,상해없음,승용,여,28세,상해없음
2014032000100618,2014년 3월 20일 23시,목요일,충청북도 청주시 상당구 용암동,경상사고,0,0,1,0,차대차 - 기타,안전운전불이행,건조,기타,단일로 - 기타,승용,남,51세,상해없음,승용,여,43세,경상
2014032100100103,2014년 3월 21일 07시,금요일,충청북도 청주시 흥덕구 오송읍,중상사고,0,1,1,0,차대차 - 추돌 - 주정차중,안전운전불이행,건조,맑음,단일로 - 기타,화물,남,73세,상해없음,승용,여,41세,중상
2014032100100104,2014년 3월 21일 07시,금요일,충청북도 청주시 서원구 산남동,경상사고,0,0,1,0,차대차 - 측면직각충돌,중앙선침범,건조,맑음,단일로 - 기타,자전거,남,78세,경상,화물,남,53세,상해없음
2014032100100141,2014년 3월 21일 08시,금요일,충청북도 제천시 천남동,중상사고,0,1,1,0,차대차 - 기타,안전운전불이행,건조,맑음,단일로 - 기타,승용,남,40세,중상,건설기계,남,59세,경상
2014032100100233,2014년 3월 21일 11시,금요일,충청북도 영동군 추풍령면,중상사고,0,2,0,0,차대차 - 기타,안전운전불이행,건조,맑음,단일로 - 기타,승용,여,36세,상해없음,승용,남,55세,중상
2014032100100257,2014년 3월 21일 12시,금요일,충청북도 청주시 청원구 오창읍,경상사고,0,0,2,0,차대차 - 기타,중앙선침범,건조,맑음,단일로 - 기타,승용,남,57세,상해없음,승합,남,34세,경상
2014032100100320,2014년 3월 21일 14시,금요일,충청북도 충주시 금가면,경상사고,0,0,2,0,차대차 - 추돌 - 진행중,안전거리미확보,건조,맑음,교차로 - 교차로부근,화물,남,66세,상해없음,승용,남,57세,경상
2014032100100321,2014년 3월 21일 14시,금요일,충청북도 충주시 칠금동,중상사고,0,1,0,0,차대차 - 추돌 - 진행중,안전운전불이행,건조,맑음,단일로 - 기타,화물,남,45세,상해없음,원동기,남,73세,중상
2014032100100322,2014년 3월 21일 14시,금요일,충청북도 충주시 대소원면,중상사고,0,5,1,0,차대차 - 추돌 - 진행중,안전운전불이행,건조,맑음,교차로 - 교차로부근,화물,남,64세,상해없음,승합,남,45세,경상
2014032100100323,2014년 3월 21일 14시,금요일,충청북도 청주시 흥덕구 석소동,경상사고,0,0,1,0,차대차 - 추돌 - 진행중,기타,건조,맑음,단일로 - 기타,승용,남,35세,상해없음,승용,남,41세,상해없음
2014032100100324,2014년 3월 21일 14시,금요일,충청북도 청주시 흥덕구 복대동,경상사고,0,0,1,0,차대차 - 측면직각충돌,안전운전불이행,건조,맑음,단일로 - 기타,승합,여,25세,상해없음,승용,남,57세,경상
2014032100100325,2014년 3월 21일 14시,금요일,충청북도 청주시 상당구 가덕면,중상사고,0,1,1,0,차대차 - 측면직각충돌,기타,건조,맑음,교차로 - 교차로안,이륜,남,80세,중상,승용,남,40세,경상
2014032100100405,2014년 3월 21일 16시,금요일,충청북도 제천시 남천동,경상사고,0,0,1,0,차대사람 - 횡단중,중앙선침범,건조,맑음,단일로 - 기타,승용,여,48세,상해없음,보행자,여,50세,경상
2014032100100406,2014년 3월 21일 16시,금요일,충청북도 청주시 흥덕구 가경동,경상사고,0,0,1,0,차대차 - 추돌 - 주정차중,안전운전불이행,건조,맑음,교차로 - 교차로부근,승용,여,58세,상해없음,승용,남,24세,경상
2014032100100441,2014년 3월 21일 17시,금요일,충청북도 음성군 감곡면,경상사고,0,0,2,0,차대차 - 기타,교차로운행방법위반,건조,맑음,교차로 - 교차로안,화물,남,47세,상해없음,승합,남,30세,상해없음
2014032100100469,2014년 3월 21일 18시,금요일,충청북도 제천시 교동,경상사고,0,0,1,0,차대차 - 기타,안전운전불이행,건조,맑음,교차로 - 교차로안,승용,남,55세,상해없음,이륜,남,29세,경상
2014032100100470,2014년 3월 21일 18시,금요일,충청북도 보은군 보은읍,중상사고,0,1,4,0,차대차 - 추돌 - 주정차중,안전운전불이행,건조,맑음,기타 - 기타,승용,남,42세,상해없음,승합,남,30세,경상
2014032100100505,2014년 3월 21일 19시,금요일,충청북도 청주시 서원구 모충동,경상사고,0,0,1,0,차대차 - 기타,신호위반,건조,맑음,교차로 - 교차로안,승용,남,46세,상해없음,승용,여,38세,경상
2014032100100568,2014년 3월 21일 20시,금요일,충청북도 충주시 봉방동,중상사고,0,1,0,0,차대사람 - 차도통행중,안전운전불이행,건조,맑음,단일로 - 횡단보도부근,승용,여,53세,상해없음,보행자,남,60세,중상
2014032100100569,2014년 3월 21일 20시,금요일,충청북도 청주시 서원구 사창동,중상사고,0,1,0,0,차대차 - 측면직각충돌,안전운전불이행,건조,맑음,단일로 - 기타,승용,남,39세,상해없음,이륜,남,22세,중상
2014032100100570,2014년 3월 21일 20시,금요일,충청북도 청주시 서원구 현도면,사망사고,1,0,0,0,차대차 - 추돌 - 진행중,안전운전불이행,건조,맑음,단일로 - 기타,화물,남,59세,상해없음,자전거,남,47세,사망
2014032100100600,2014년 3월 21일 21시,금요일,충청북도 청주시 청원구 오창읍,중상사고,0,4,1,0,차대차 - 정면충돌,중앙선침범,건조,맑음,단일로 - 기타,승용,남,28세,상해없음,승용,남,57세,중상
2014032100100601,2014년 3월 21일 21시,금요일,충청북도 청주시 흥덕구 봉명동,중상사고,0,1,0,0,차량단독 - 전도전복,안전운전불이행,건조,맑음,단일로 - 기타,이륜,남,19세,중상,,,,
2014032100100629,2014년 3월 21일 22시,금요일,충청북도 보은군 보은읍,중상사고,0,2,0,0,차대차 - 추돌 - 진행중,안전운전불이행,건조,맑음,기타 - 기타,승용,남,26세,상해없음,이륜,남,59세,중상
2014032100100663,2014년 3월 21일 23시,금요일,충청북도 제천시 고암동,중상사고,0,1,0,0,차대사람 - 기타,안전운전불이행,건조,맑음,교차로 - 교차로안,승용,남,21세,상해없음,보행자,여,25세,중상
2014032100100664,2014년 3월 21일 23시,금요일,충청북도 음성군 금왕읍,경상사고,0,0,1,0,차량단독 - 전도전복,안전운전불이행,건조,맑음,단일로 - 기타,승용,남,22세,경상,,,,
2014032200100163,2014년 3월 22일 08시,토요일,충청북도 괴산군 불정면,중상사고,0,1,0,0,차대차 - 기타,중앙선침범,건조,맑음,단일로 - 기타,화물,여,51세,상해없음,이륜,남,73세,중상
2014032200100188,2014년 3월 22일 09시,토요일,충청북도 충주시 교현동,중상사고,0,1,0,0,차대사람 - 횡단중,안전운전불이행,건조,맑음,교차로 - 교차로안,원동기,남,62세,상해없음,보행자,여,89세,중상
2014032200100189,2014년 3월 22일 09시,토요일,충청북도 옥천군 동이면,중상사고,0,7,3,0,차대차 - 추돌 - 진행중,안전거리미확보,건조,맑음,교차로 - 교차로안,승용,여,63세,경상,승합,남,41세,경상
2014032200100190,2014년 3월 22일 09시,토요일,충청북도 청주시 상당구 용암동,경상사고,0,0,2,0,차대차 - 측면직각충돌,안전운전불이행,건조,맑음,단일로 - 기타,승용,남,41세,상해없음,승용,남,35세,상해없음
2014032200100218,2014년 3월 22일 10시,토요일,충청북도 진천군 진천읍,경상사고,0,0,7,0,차대차 - 추돌 - 진행중,안전운전불이행,건조,맑음,단일로 - 기타,승용,남,49세,상해없음,승용,남,45세,경상
2014032200100240,2014년 3월 22일 11시,토요일,충청북도 청주시 흥덕구 옥산면,중상사고,0,1,0,0,차대차 - 기타,안전운전불이행,건조,맑음,단일로 - 기타,승용,남,49세,상해없음,자전거,남,17세,중상
2014032200100273,2014년 3월 22일 12시,토요일,충청북도 충주시 봉방동,중상사고,0,1,0,0,차대차 - 기타,안전거리미확보,건조,맑음,단일로 - 기타,승용,남,52세,상해없음,원동기,남,55세,중상
2014032200100304,2014년 3월 22일 13시,토요일,충청북도 청주시 서원구 장암동,중상사고,0,1,1,0,차대차 - 기타,안전운전불이행,습기,맑음,단일로 - 기타,이륜,남,16세,중상,화물,남,41세,상해없음
2014032200100330,2014년 3월 22일 14시,토요일,충청북도 진천군 문백면,사망사고,1,0,0,0,차량단독 - 도로외이탈 - 추락,안전운전불이행,건조,맑음,단일로 - 기타,화물,남,55세,사망,,,,
2014032200100359,2014년 3월 22일 15시,토요일,충청북도 음성군 금왕읍,경상사고,0,0,2,0,차대차 - 기타,교차로운행방법위반,건조,맑음,교차로 - 교차로안,승용,남,72세,상해없음,승용,여,53세,경상
2014032200100400,2014년 3월 22일 16시,토요일,충청북도 청주시 청원구 우암동,경상사고,0,0,1,0,차대차 - 측면직각충돌,안전운전불이행,건조,맑음,교차로 - 교차로부근,승용,남,49세,상해없음,원동기,남,21세,경상
2014032200100431,2014년 3월 22일 17시,토요일,충청북도 보은군 마로면,중상사고,0,1,2,0,차대차 - 측면직각충돌,신호위반,건조,맑음,교차로 - 교차로안,승합,남,52세,경상,승용,남,45세,중상
2014032200100432,2014년 3월 22일 17시,토요일,충청북도 음성군 금왕읍,중상사고,0,1,0,0,차대사람 - 기타,안전운전불이행,건조,맑음,단일로 - 기타,특수,남,39세,상해없음,보행자,남,47세,중상
2014032200100433,2014년 3월 22일 17시,토요일,충청북도 청주시 서원구 사창동,경상사고,0,0,1,0,차대차 - 추돌 - 주정차중,안전운전불이행,건조,맑음,단일로 - 기타,승용,남,24세,상해없음,승용,여,33세,경상
2014032200100533,2014년 3월 22일 20시,토요일,충청북도 음성군 금왕읍,경상사고,0,0,1,0,차대차 - 기타,교차로운행방법위반,건조,맑음,교차로 - 교차로안,승용,여,50세,상해없음,이륜,남,51세,경상
2014032200100534,2014년 3월 22일 20시,토요일,충청북도 청주시 서원구 사직동,경상사고,0,0,3,0,차대차 - 추돌 - 진행중,안전거리미확보,건조,맑음,단일로 - 기타,승용,남,42세,상해없음,승용,남,40세,경상
2014032200100565,2014년 3월 22일 21시,토요일,충청북도 충주시 대소원면,중상사고,0,1,0,0,차대사람 - 기타,안전운전불이행,건조,맑음,단일로 - 기타,승용,여,43세,상해없음,보행자,남,61세,중상
2014032200100631,2014년 3월 22일 23시,토요일,충청북도 청주시 흥덕구 지동동,경상사고,0,0,1,0,차량단독 - 공작물충돌,안전운전불이행,건조,맑음,단일로 - 기타,승용,여,22세,경상,,,,
2014032300100017,2014년 3월 23일 00시,일요일,충청북도 청주시 상당구 방서동,중상사고,0,2,1,0,차대차 - 기타,교차로운행방법위반,건조,맑음,교차로 - 교차로안,승용,남,30세,경상,승합,남,43세,중상
2014032300100093,2014년 3월 23일 05시,일요일,충청북도 충주시 교현동,경상사고,0,0,1,0,차대차 - 기타,신호위반,건조,맑음,교차로 - 교차로안,화물,남,34세,상해없음,화물,남,57세,경상
2014032300100106,2014년 3월 23일 06시,일요일,충청북도 음성군 금왕읍,경상사고,0,0,1,0,차대차 - 기타,신호위반,습기,안개,교차로 - 교차로안,화물,남,70세,상해없음,승용,여,43세,경상
2014032300100107,2014년 3월 23일 06시,일요일,충청북도 청주시 흥덕구 복대동,경상사고,0,0,3,0,차대차 - 측면직각충돌,중앙선침범,건조,맑음,단일로 - 기타,승용,남,23세,상해없음,승용,남,39세,기타불명
2014032300100161,2014년 3월 23일 09시,일요일,충청북도 청주시 서원구 사직동,중상사고,0,2,3,0,차대차 - 측면직각충돌,교차로운행방법위반,건조,맑음,교차로 - 교차로안,승용,남,32세,경상,승용,남,36세,중상
2014032300100278,2014년 3월 23일 14시,일요일,충청북도 청주시 청원구 북이면,경상사고,0,0,1,0,차대차 - 측면직각충돌,신호위반,건조,맑음,교차로 - 교차로안,승용,남,56세,상해없음,승용,남,37세,경상
2014032300100334,2014년 3월 23일 16시,일요일,충청북도 청주시 서원구 분평동,경상사고,0,0,1,0,차대차 - 측면직각충돌,안전운전불이행,건조,맑음,교차로 - 교차로안,화물,남,46세,상해없음,승용,남,54세,상해없음
2014032300100370,2014년 3월 23일 17시,일요일,충청북도 청주시 상당구 남주동,경상사고,0,0,3,0,차대차 - 기타,안전운전불이행,건조,맑음,교차로 - 교차로부근,승용,남,22세,상해없음,승용,남,45세,경상
2014032300100371,2014년 3월 23일 17시,일요일,충청북도 진천군 문백면,경상사고,0,0,1,0,차대차 - 기타,안전운전불이행,건조,맑음,단일로 - 기타,승용,남,33세,상해없음,승용,남,29세,상해없음
2014032300100372,2014년 3월 23일 17시,일요일,충청북도 청주시 흥덕구 가경동,경상사고,0,0,2,0,차대차 - 측면직각충돌,안전운전불이행,건조,맑음,교차로 - 교차로안,승용,남,36세,상해없음,승용,남,62세,경상
2014032300100400,2014년 3월 23일 18시,일요일,충청북도 충주시 살미면,중상사고,0,4,0,0,차대차 - 추돌 - 주정차중,안전운전불이행,건조,맑음,교차로 - 교차로부근,화물,남,64세,상해없음,승용,여,52세,중상
2014032300100401,2014년 3월 23일 18시,일요일,충청북도 청주시 상당구 용암동,경상사고,0,0,1,0,차대차 - 측면직각충돌,안전운전불이행,건조,맑음,교차로 - 교차로부근,이륜,남,31세,상해없음,자전거,남,66세,경상
2014032300100428,2014년 3월 23일 19시,일요일,충청북도 제천시 청전동,중상사고,0,1,0,0,차대사람 - 기타,안전운전불이행,건조,맑음,단일로 - 기타,승용,남,42세,상해없음,보행자,여,69세,중상
2014032300100429,2014년 3월 23일 19시,일요일,충청북도 진천군 진천읍,경상사고,0,0,1,0,차대차 - 측면직각충돌,교차로운행방법위반,건조,맑음,교차로 - 교차로안,화물,남,49세,상해없음,승용,남,57세,경상
2014032300100430,2014년 3월 23일 19시,일요일,충청북도 진천군 덕산면,경상사고,0,0,1,0,차대차 - 측면직각충돌,안전운전불이행,건조,맑음,단일로 - 기타,화물,남,55세,상해없음,승용,남,31세,경상
2014032300100471,2014년 3월 23일 20시,일요일,충청북도 청주시 흥덕구 봉명동,중상사고,0,1,0,0,차대차 - 추돌 - 주정차중,중앙선침범,건조,맑음,교차로 - 교차로부근,승용,남,51세,상해없음,이륜,남,16세,중상
2014032300100472,2014년 3월 23일 20시,일요일,충청북도 청주시 상당구 용암동,경상사고,0,0,1,0,차대차 - 측면직각충돌,직진우회전진행방해,건조,맑음,교차로 - 교차로안,승용,남,65세,상해없음,이륜,남,20세,경상
2014032300100516,2014년 3월 23일 22시,일요일,충청북도 제천시 청전동,경상사고,0,0,1,0,차대차 - 추돌 - 주정차중,중앙선침범,건조,맑음,교차로 - 교차로안,승용,남,28세,상해없음,승용,남,37세,경상
2014032300100535,2014년 3월 23일 23시,일요일,충청북도 청주시 흥덕구 가경동,중상사고,0,2,0,0,차대차 - 기타,안전운전불이행,건조,맑음,교차로 - 교차로부근,승용,남,19세,상해없음,승용,남,21세,중상
2014032400100085,2014년 3월 24일 07시,월요일,충청북도 청주시 흥덕구 오송읍,경상사고,0,0,1,0,차대사람 - 기타,안전운전불이행,건조,맑음,교차로 - 교차로안,승용,남,59세,기타불명,보행자,여,31세,경상
2014032400100125,2014년 3월 24일 08시,월요일,충청북도 청주시 상당구 서문동,경상사고,0,0,1,0,차대차 - 기타,안전운전불이행,건조,맑음,교차로 - 교차로안,화물,남,58세,상해없음,이륜,남,69세,경상
2014032400100126,2014년 3월 24일 08시,월요일,충청북도 청주시 청원구 우암동,경상사고,0,0,1,0,차대차 - 기타,안전운전불이행,건조,맑음,단일로 - 기타,승용,남,51세,상해없음,승용,남,42세,경상
2014032400100127,2014년 3월 24일 08시,월요일,충청북도 청주시 상당구 금천동,경상사고,0,0,2,0,차대차 - 정면충돌,안전운전불이행,건조,맑음,교차로 - 교차로안,승용,남,50세,경상,승용,여,52세,경상
2014032400100161,2014년 3월 24일 09시,월요일,충청북도 청주시 상당구 금천동,경상사고,0,0,1,0,차대사람 - 기타,안전운전불이행,건조,맑음,단일로 - 기타,승용,남,76세,상해없음,보행자,여,20세,경상
2014032400100228,2014년 3월 24일 11시,월요일,충청북도 청주시 흥덕구 봉명동,부상신고사고,0,0,0,1,차대차 - 측면직각충돌,안전운전불이행,건조,맑음,교차로 - 교차로안,이륜,남,20세,부상신고,승용,남,59세,상해없음
2014032400100253,2014년 3월 24일 12시,월요일,충청북도 충주시 칠금동,경상사고,0,0,1,0,차대차 - 추돌 - 진행중,안전거리미확보,건조,맑음,교차로 - 교차로부근,승합,남,42세,상해없음,승용,남,33세,경상
2014032400100298,2014년 3월 24일 14시,월요일,충청북도 진천군 이월면,중상사고,0,1,0,0,차대사람 - 보도통행중,안전운전불이행,건조,맑음,단일로 - 기타,승용,남,51세,상해없음,보행자,남,76세,중상
2014032400100333,2014년 3월 24일 15시,월요일,충청북도 음성군 생극면,경상사고,0,0,1,0,차대차 - 기타,교차로운행방법위반,건조,맑음,교차로 - 교차로안,화물,남,59세,상해없음,화물,남,35세,경상
2014032400100334,2014년 3월 24일 15시,월요일,충청북도 청주시 서원구 남이면,중상사고,0,6,2,0,차대차 - 기타,안전운전불이행,건조,맑음,단일로 - 기타,승합,남,57세,상해없음,화물,남,40세,중상
2014032400100367,2014년 3월 24일 16시,월요일,충청북도 영동군 양산면,중상사고,0,1,0,0,차대사람 - 기타,안전운전불이행,건조,맑음,단일로 - 기타,원동기,남,32세,상해없음,보행자,여,78세,중상
2014032400100368,2014년 3월 24일 16시,월요일,충청북도 청주시 흥덕구 복대동,중상사고,0,1,0,0,차대차 - 추돌 - 진행중,차로위반,건조,맑음,단일로 - 기타,건설기계,남,60세,상해없음,원동기,남,26세,중상
2014032400100397,2014년 3월 24일 17시,월요일,충청북도 청주시 청원구 사천동,경상사고,0,0,1,0,차대차 - 기타,안전운전불이행,건조,맑음,단일로 - 기타,승용,여,47세,상해없음,승용,남,45세,경상
2014032400100398,2014년 3월 24일 17시,월요일,충청북도 청주시 청원구 율량동,경상사고,0,0,1,0,차대차 - 기타,안전운전불이행,건조,맑음,단일로 - 기타,승용,남,63세,상해없음,승용,남,27세,경상
2014032400100399,2014년 3월 24일 17시,월요일,충청북도 제천시 화산동,경상사고,0,0,1,0,차대사람 - 차도통행중,기타,건조,맑음,단일로 - 기타,승용,남,47세,상해없음,보행자,남,24세,경상
2014032400100435,2014년 3월 24일 18시,월요일,충청북도 청주시 흥덕구 오송읍,중상사고,0,1,0,0,차대사람 - 횡단중,신호위반,건조,맑음,단일로 - 횡단보도상,승합,남,42세,상해없음,보행자,여,10세,중상
2014032400100436,2014년 3월 24일 18시,월요일,충청북도 청주시 흥덕구 복대동,경상사고,0,0,1,0,차대차 - 측면직각충돌,안전거리미확보,건조,맑음,교차로 - 교차로안,승용,남,41세,상해없음,승용,여,29세,경상
2014032400100475,2014년 3월 24일 19시,월요일,충청북도 청주시 청원구 오창읍,중상사고,0,1,0,0,차대차 - 기타,안전운전불이행,건조,맑음,단일로 - 기타,화물,남,47세,상해없음,승용,여,40세,중상
2014032400100563,2014년 3월 24일 22시,월요일,충청북도 청주시 흥덕구 가경동,경상사고,0,0,1,0,차대차 - 추돌 - 주정차중,안전거리미확보,건조,맑음,단일로 - 기타,승용,남,28세,상해없음,이륜,남,16세,경상
2014032500100020,2014년 3월 25일 01시,화요일,충청북도 청주시 흥덕구 복대동,경상사고,0,0,1,0,차대차 - 측면직각충돌,교차로운행방법위반,건조,맑음,교차로 - 교차로안,승용,남,62세,상해없음,이륜,남,20세,경상
2014032500100034,2014년 3월 25일 02시,화요일,충청북도 청주시 상당구 금천동,중상사고,0,1,0,0,차대차 - 기타,교차로운행방법위반,건조,맑음,교차로 - 교차로안,원동기,남,40세,중상,승용,남,44세,상해없음
2014032500100050,2014년 3월 25일 04시,화요일,충청북도 청주시 흥덕구 복대동,경상사고,0,0,1,0,차대사람 - 횡단중,중앙선침범,건조,맑음,단일로 - 기타,승용,남,36세,상해없음,보행자,남,26세,경상
2014032500100112,2014년 3월 25일 08시,화요일,충청북도 옥천군 옥천읍,경상사고,0,0,1,0,차대차 - 측면직각충돌,중앙선침범,건조,맑음,기타 - 기타,승용,여,34세,상해없음,승용,남,44세,경상
2014032500100113,2014년 3월 25일 08시,화요일,충청북도 음성군 감곡면,경상사고,0,0,1,0,차대차 - 추돌 - 진행중,안전운전불이행,건조,흐림,단일로 - 기타,승용,남,22세,상해없음,화물,남,50세,경상
2014032500100238,2014년 3월 25일 13시,화요일,충청북도 청주시 상당구 수동,중상사고,0,1,0,0,차대차 - 측면직각충돌,안전운전불이행,건조,맑음,단일로 - 기타,이륜,남,63세,중상,승용,여,21세,상해없음
2014032500100268,2014년 3월 25일 14시,화요일,충청북도 옥천군 옥천읍,중상사고,0,1,0,0,차대차 - 측면직각충돌,교차로운행방법위반,건조,흐림,교차로 - 교차로안,승용,남,51세,상해없음,이륜,남,76세,중상
2014032500100313,2014년 3월 25일 16시,화요일,충청북도 청주시 청원구 내덕동,경상사고,0,0,1,0,차대차 - 측면직각충돌,안전운전불이행,건조,맑음,교차로 - 교차로안,승용,남,24세,상해없음,승합,남,53세,경상
2014032500100314,2014년 3월 25일 16시,화요일,충청북도 청주시 흥덕구 가경동,경상사고,0,0,1,0,차대사람 - 보도통행중,안전운전불이행,건조,맑음,단일로 - 기타,승용,남,31세,상해없음,보행자,남,32세,경상
2014032500100348,2014년 3월 25일 17시,화요일,충청북도 음성군 금왕읍,중상사고,0,1,0,0,차대차 - 기타,안전운전불이행,건조,맑음,교차로 - 교차로안,승용,남,55세,상해없음,승용,남,22세,중상
2014032500100382,2014년 3월 25일 18시,화요일,충청북도 청주시 청원구 내덕동,중상사고,0,1,0,0,차대차 - 기타,안전운전불이행,건조,맑음,단일로 - 기타,승용,여,29세,상해없음,자전거,남,64세,중상
2014032500100437,2014년 3월 25일 19시,화요일,충청북도 제천시 장락동,경상사고,0,0,3,0,차대차 - 기타,안전운전불이행,건조,맑음,교차로 - 교차로안,승용,남,18세,상해없음,화물,남,35세,경상
2014032500100438,2014년 3월 25일 19시,화요일,충청북도 증평군 증평읍,경상사고,0,0,1,0,차대사람 - 횡단중,보행자보호의무위반,건조,맑음,단일로 - 횡단보도상,화물,여,46세,상해없음,보행자,남,6세,경상
2014032500100439,2014년 3월 25일 19시,화요일,충청북도 보은군 수한면,중상사고,0,1,0,0,차대사람 - 길가장자리구역통행중,안전운전불이행,습기,비,단일로 - 기타,기타불명,기타불명,기타불명,기타불명,보행자,남,66세,중상
2014032500100440,2014년 3월 25일 19시,화요일,충청북도 청주시 상당구 용암동,경상사고,0,0,1,0,차대차 - 추돌 - 주정차중,안전운전불이행,건조,맑음,단일로 - 기타,승용,남,26세,상해없음,승용,남,49세,경상
2014032500100488,2014년 3월 25일 20시,화요일,충청북도 청주시 상당구 금천동,중상사고,0,1,0,0,차대차 - 기타,신호위반,습기,비,교차로 - 교차로안,승합,남,59세,상해없음,원동기,남,23세,중상