사고번호,사고일시,요일,시군구,사고내용,사망자수,중상자수,경상자수,부상신고자수,사고유형,법규위반,노면상태,기상상태,도로형태,가해운전자 차종,가해운전자 성별,가해운전자 연령,가해운전자 상해정도,피해운전자 차종,피해운전자 성별,피해운전자 연령,피해운전자 상해정도
2014033000100383,2014년 3월 30일 17시,일요일,충청북도 청주시 서원구 성화동,중상사고,0,1,2,0,차대차 - 기타,안전거리미확보,건조,맑음,교차로 - 교차로안,승용,여,45세,경상,승합,남,59세,중상
2014033000100419,2014년 3월 30일 18시,일요일,충청북도 충주시 성서동,중상사고,0,1,0,0,차대차 - 측면직각충돌,신호위반,건조,맑음,교차로 - 교차로안,승용,여,48세,상해없음,원동기,남,30세,중상
2014033000100420,2014년 3월 30일 18시,일요일,충청북도 영동군 영동읍,부상신고사고,0,0,0,1,차대차 - 기타,신호위반,건조,맑음,교차로 - 교차로안,자전거,남,19세,부상신고,화물,남,56세,상해없음
2014033000100421,2014년 3월 30일 18시,일요일,충청북도 증평군 증평읍,경상사고,0,0,3,0,차대차 - 기타,신호위반,건조,맑음,교차로 - 교차로안,승용,여,40세,상해없음,승용,남,51세,경상
2014033000100454,2014년 3월 30일 19시,일요일,충청북도 청주시 청원구 사천동,중상사고,0,1,2,0,차대차 - 기타,교차로운행방법위반,건조,맑음,교차로 - 교차로안,승합,여,50세,기타불명,승용,여,38세,중상
2014033000100502,2014년 3월 30일 21시,일요일,충청북도 청주시 상당구 용암동,경상사고,0,0,1,0,차대차 - 측면직각충돌,안전거리미확보,건조,맑음,단일로 - 기타,원동기,남,44세,경상,승용,남,35세,상해없음
2014033000100525,2014년 3월 30일 22시,일요일,충청북도 청주시 청원구 율량동,중상사고,0,1,2,0,차대차 - 기타,신호위반,건조,맑음,교차로 - 교차로안,승용,남,21세,경상,이륜,남,30세,중상
2014033000100526,2014년 3월 30일 22시,일요일,충청북도 제천시 남천동,중상사고,0,2,0,0,차대차 - 기타,중앙선침범,건조,맑음,단일로 - 기타,화물,남,37세,상해없음,승용,남,59세,중상
2014033000100527,2014년 3월 30일 22시,일요일,충청북도 음성군 대소면,경상사고,0,0,1,0,차대차 - 기타,중앙선침범,건조,맑음,단일로 - 기타,승용,여,58세,상해없음,승합,남,52세,상해없음
2014033000100545,2014년 3월 30일 23시,일요일,충청북도 청주시 상당구 남문로1가동,경상사고,0,0,3,0,차대차 - 기타,안전운전불이행,건조,맑음,단일로 - 기타,승용,남,24세,경상,승용,남,46세,경상
2014033100100009,2014년 3월 31일 00시,월요일,충청북도 충주시 대소원면,중상사고,0,1,0,0,차대차 - 추돌 - 진행중,신호위반,건조,흐림,교차로 - 교차로안,승용,남,25세,상해없음,승용,남,55세,중상
2014033100100029,2014년 3월 31일 02시,월요일,충청북도 청주시 서원구 사창동,경상사고,0,0,1,0,차대차 - 측면직각충돌,안전운전불이행,건조,맑음,단일로 - 기타,승용,남,30세,상해없음,승용,남,47세,경상
2014033100100081,2014년 3월 31일 07시,월요일,충청북도 청주시 청원구 오창읍,경상사고,0,0,1,0,차대차 - 추돌 - 주정차중,안전운전불이행,건조,맑음,교차로 - 교차로부근,승용,여,58세,상해없음,승용,남,31세,경상
2014033100100112,2014년 3월 31일 08시,월요일,충청북도 청주시 서원구 남이면,경상사고,0,0,6,0,차대차 - 측면직각충돌,안전거리미확보,건조,맑음,단일로 - 기타,승용,남,43세,기타불명,승용,남,51세,상해없음
2014033100100137,2014년 3월 31일 09시,월요일,충청북도 청주시 청원구 오창읍,경상사고,0,0,1,0,차대차 - 기타,중앙선침범,건조,맑음,단일로 - 기타,승용,남,35세,상해없음,승용,남,57세,경상
2014033100100170,2014년 3월 31일 10시,월요일,충청북도 옥천군 옥천읍,중상사고,0,1,0,0,차대사람 - 기타,기타,건조,맑음,단일로 - 기타,승합,남,57세,상해없음,보행자,남,71세,중상
2014033100100262,2014년 3월 31일 14시,월요일,충청북도 음성군 감곡면,경상사고,0,0,1,0,차대차 - 추돌 - 주정차중,안전운전불이행,건조,맑음,단일로 - 교량,승용,남,59세,상해없음,승용,여,51세,상해없음
2014033100100297,2014년 3월 31일 15시,월요일,충청북도 청주시 서원구 사창동,경상사고,0,0,1,0,차대차 - 측면직각충돌,안전운전불이행,건조,맑음,단일로 - 횡단보도부근,승용,여,39세,상해없음,자전거,남,23세,경상
2014033100100372,2014년 3월 31일 17시,월요일,충청북도 청주시 청원구 오동동,중상사고,0,1,3,0,차대차 - 정면충돌,신호위반,건조,맑음,교차로 - 교차로안,승용,남,62세,경상,승용,여,47세,경상
2014033100100434,2014년 3월 31일 19시,월요일,충청북도 옥천군 옥천읍,경상사고,0,0,1,0,차대사람 - 기타,보행자보호의무위반,건조,맑음,교차로 - 교차로부근,원동기,남,59세,상해없음,보행자,여,49세,경상
2014033100100527,2014년 3월 31일 22시,월요일,충청북도 음성군 감곡면,경상사고,0,0,3,0,차대차 - 측면직각충돌,교차로운행방법위반,건조,맑음,교차로 - 교차로안,승용,남,56세,경상,화물,남,39세,상해없음
2014033100100556,2014년 3월 31일 23시,월요일,충청북도 충주시 연수동,중상사고,0,2,0,0,차대사람 - 기타,안전운전불이행,건조,맑음,단일로 - 기타,승용,남,35세,상해없음,보행자,남,56세,중상
2014033100100557,2014년 3월 31일 23시,월요일,충청북도 청주시 서원구 사창동,경상사고,0,0,1,0,차대사람 - 횡단중,보행자보호의무위반,건조,맑음,교차로 - 교차로부근,승용,남,32세,상해없음,보행자,남,34세,경상
2014033100100558,2014년 3월 31일 23시,월요일,충청북도 청주시 서원구 산남동,경상사고,0,0,1,0,차대차 - 측면직각충돌,중앙선침범,건조,맑음,교차로 - 교차로부근,승용,남,55세,상해없음,원동기,남,22세,경상
2014040100100011,2014년 4월 1일 00시,화요일,충청북도 제천시 화산동,중상사고,0,1,0,0,차대차 - 기타,안전운전불이행,건조,맑음,단일로 - 기타,승용,남,31세,중상,승용,남,57세,상해없음
2014040100100035,2014년 4월 1일 01시,화요일,충청북도 청주시 상당구 명암동,경상사고,0,0,1,0,차대차 - 추돌 - 주정차중,안전운전불이행,건조,맑음,단일로 - 기타,승용,여,34세,상해없음,승용,남,34세,경상
2014040100100059,2014년 4월 1일 04시,화요일,충청북도 충주시 교현동,경상사고,0,0,3,0,차대차 - 측면직각충돌,안전운전불이행,건조,맑음,단일로 - 기타,승용,남,42세,상해없음,승용,남,55세,경상
2014040100100099,2014년 4월 1일 07시,화요일,충청북도 진천군 진천읍,경상사고,0,0,1,0,차대사람 - 기타,신호위반,건조,맑음,교차로 - 교차로부근,승용,남,52세,상해없음,보행자,여,13세,경상
2014040100100134,2014년 4월 1일 08시,화요일,충청북도 청주시 흥덕구 오송읍,중상사고,0,1,0,0,차대사람 - 횡단중,신호위반,건조,맑음,단일로 - 횡단보도상,승용,여,30세,상해없음,보행자,남,34세,중상
2014040100100195,2014년 4월 1일 10시,화요일,충청북도 청주시 청원구 사천동,중상사고,0,1,0,0,차대차 - 기타,기타,건조,맑음,단일로 - 기타,화물,남,39세,상해없음,이륜,남,68세,중상
2014040100100220,2014년 4월 1일 11시,화요일,충청북도 청주시 흥덕구 가경동,중상사고,0,1,0,0,차대차 - 측면직각충돌,신호위반,건조,맑음,교차로 - 교차로안,승용,여,28세,상해없음,이륜,남,42세,중상
2014040100100221,2014년 4월 1일 11시,화요일,충청북도 청주시 상당구 미원면,중상사고,0,1,0,0,차대차 - 추돌 - 진행중,기타,건조,맑음,교차로 - 교차로안,화물,여,52세,상해없음,승용,남,44세,상해없음
2014040100100222,2014년 4월 1일 11시,화요일,충청북도 청주시 서원구 수곡동,경상사고,0,0,1,0,차대차 - 측면직각충돌,신호위반,건조,맑음,교차로 - 교차로안,승용,남,48세,상해없음,자전거,남,63세,경상
2014040100100311,2014년 4월 1일 14시,화요일,충청북도 제천시 명동,중상사고,0,1,0,0,차대사람 - 기타,안전운전불이행,건조,맑음,교차로 - 교차로부근,승용,남,59세,상해없음,보행자,남,68세,중상
2014040100100344,2014년 4월 1일 15시,화요일,충청북도 영동군 영동읍,중상사고,0,1,0,0,차대사람 - 기타,안전운전불이행,건조,맑음,단일로 - 기타,승용,남,72세,상해없음,보행자,여,79세,중상
2014040100100345,2014년 4월 1일 15시,화요일,충청북도 청주시 상당구 미원면,중상사고,0,2,1,0,차대차 - 기타,중앙선침범,건조,맑음,교차로 - 교차로부근,승용,여,43세,중상,승합,남,46세,경상
2014040100100346,2014년 4월 1일 15시,화요일,충청북도 옥천군 동이면,경상사고,0,0,2,0,차대차 - 추돌 - 주정차중,안전운전불이행,건조,맑음,단일로 - 기타,화물,남,42세,경상,승용,남,48세,상해없음
2014040100100377,2014년 4월 1일 16시,화요일,충청북도 옥천군 청성면,중상사고,0,3,1,0,차량단독 - 도로외이탈 - 추락,안전운전불이행,건조,맑음,단일로 - 기타,화물,남,57세,경상,,,,
2014040100100378,2014년 4월 1일 16시,화요일,충청북도 청주시 서원구 성화동,중상사고,0,1,0,0,차대차 - 측면직각충돌,안전운전불이행,건조,맑음,교차로 - 교차로부근,승용,여,36세,상해없음,자전거,남,10세,중상
2014040100100379,2014년 4월 1일 16시,화요일,충청북도 청주시 상당구 남일면,경상사고,0,0,1,0,차대차 - 기타,안전운전불이행,건조,맑음,기타 - 기타,화물,남,41세,상해없음,승용,여,43세,경상
2014040100100432,2014년 4월 1일 17시,화요일,충청북도 제천시 모산동,경상사고,0,0,1,0,차대사람 - 기타,안전운전불이행,건조,맑음,교차로 - 교차로부근,승용,남,43세,상해없음,보행자,여,8세,경상
2014040100100502,2014년 4월 1일 19시,화요일,충청북도 청주시 흥덕구 가경동,경상사고,0,0,2,0,차대차 - 측면직각충돌,교차로운행방법위반,건조,맑음,교차로 - 교차로안,승용,남,44세,경상,승용,여,51세,경상
2014040100100503,2014년 4월 1일 19시,화요일,충청북도 청주시 상당구 용암동,경상사고,0,0,1,0,차대차 - 기타,안전운전불이행,건조,맑음,단일로 - 기타,기타불명,기타불명,기타불명,기타불명,승용,여,38세,경상
2014040100100543,2014년 4월 1일 20시,화요일,충청북도 청주시 흥덕구 가경동,경상사고,0,0,1,0,차대사람 - 횡단중,안전운전불이행,건조,맑음,교차로 - 교차로안,승용,여,33세,상해없음,보행자,남,6세,경상
2014040100100544,2014년 4월 1일 20시,화요일,충청북도 청주시 흥덕구 가경동,경상사고,0,0,5,1,차대차 - 추돌 - 진행중,차로위반,건조,맑음,교차로 - 교차로안,승용,남,43세,경상,승용,남,34세,경상
2014040100100577,2014년 4월 1일 21시,화요일,충청북도 진천군 진천읍,경상사고,0,0,1,0,차대차 - 측면직각충돌,신호위반,건조,맑음,교차로 - 교차로안,승용,남,34세,상해없음,승용,여,42세,경상
2014040100100600,2014년 4월 1일 22시,화요일,충청북도 청주시 상당구 탑동,경상사고,0,0,1,1,차대차 - 기타,안전운전불이행,건조,맑음,교차로 - 교차로부근,승용,남,57세,부상신고,승용,남,48세,경상
2014040200100082,2014년 4월 2일 07시,수요일,충청북도 음성군 소이면,중상사고,0,1,0,0,차대차 - 기타,안전운전불이행,건조,맑음,단일로 - 기타,자전거,남,16세,중상,승용,여,35세,상해없음
2014040200100083,2014년 4월 2일 07시,수요일,충청북도 청주시 서원구 사창동,경상사고,0,0,1,0,차대사람 - 길가장자리구역통행중,안전운전불이행,건조,맑음,단일로 - 기타,기타불명,기타불명,기타불명,기타불명,보행자,여,15세,경상
2014040200100115,2014년 4월 2일 08시,수요일,충청북도 청주시 상당구 북문로1가동,경상사고,0,0,1,0,차대차 - 기타,안전운전불이행,건조,맑음,단일로 - 기타,이륜,남,20세,경상,승용,남,50세,상해없음
2014040200100116,2014년 4월 2일 08시,수요일,충청북도 괴산군 괴산읍,중상사고,0,2,0,0,차대차 - 측면직각충돌,안전운전불이행,건조,맑음,단일로 - 기타,승용,남,52세,상해없음,이륜,남,73세,중상
2014040200100117,2014년 4월 2일 08시,수요일,충청북도 청주시 서원구 사창동,경상사고,0,0,1,0,차대차 - 추돌 - 주정차중,안전운전불이행,건조,맑음,단일로 - 기타,승용,남,53세,상해없음,화물,여,43세,경상
2014040200100208,2014년 4월 2일 11시,수요일,충청북도 청주시 흥덕구 지동동,경상사고,0,0,3,0,차대차 - 기타,안전거리미확보,건조,맑음,단일로 - 기타,승용,여,54세,상해없음,승용,여,49세,경상
2014040200100258,2014년 4월 2일 13시,수요일,충청북도 청주시 서원구 사창동,경상사고,0,0,3,0,차대차 - 측면직각충돌,안전거리미확보,건조,맑음,단일로 - 기타,승용,여,32세,경상,승용,남,27세,경상
2014040200100294,2014년 4월 2일 14시,수요일,충청북도 청주시 청원구 내덕동,경상사고,0,0,2,0,차대차 - 측면직각충돌,교차로운행방법위반,건조,맑음,교차로 - 교차로안,승용,남,59세,경상,승용,남,49세,경상
2014040200100327,2014년 4월 2일 15시,수요일,충청북도 충주시 산척면,중상사고,0,1,1,0,차대차 - 추돌 - 진행중,안전운전불이행,건조,맑음,교차로 - 교차로부근,화물,기타불명,기타불명,기타불명,승용,남,40세,중상
2014040200100358,2014년 4월 2일 16시,수요일,충청북도 충주시 성서동,경상사고,0,0,1,0,차대사람 - 보도통행중,안전운전불이행,건조,맑음,단일로 - 기타,승용,남,63세,상해없음,보행자,남,24세,경상
2014040200100359,2014년 4월 2일 16시,수요일,충청북도 영동군 영동읍,중상사고,0,1,1,0,차대차 - 기타,안전운전불이행,건조,맑음,교차로 - 교차로부근,승합,여,49세,상해없음,승용,남,41세,상해없음
2014040200100394,2014년 4월 2일 17시,수요일,충청북도 청주시 상당구 남문로1가동,중상사고,0,1,0,0,차량단독 - 기타,안전운전불이행,건조,맑음,단일로 - 기타,승합,남,47세,상해없음,,,,
2014040200100395,2014년 4월 2일 17시,수요일,충청북도 영동군 용산면,중상사고,0,1,0,0,차대사람 - 기타,기타,건조,맑음,단일로 - 기타,기타불명,기타불명,기타불명,기타불명,보행자,여,73세,중상
2014040200100396,2014년 4월 2일 17시,수요일,충청북도 증평군 도안면,중상사고,0,1,0,0,철길건널목 - 기타,기타,기타,맑음,단일로 - 철길건널목,화물,남,75세,중상,기타불명,남,43세,상해없음
2014040200100428,2014년 4월 2일 18시,수요일,충청북도 옥천군 옥천읍,부상신고사고,0,0,0,1,차대차 - 측면직각충돌,교차로운행방법위반,건조,맑음,교차로 - 교차로안,이륜,여,57세,부상신고,승용,남,33세,상해없음
2014040200100472,2014년 4월 2일 19시,수요일,충청북도 청주시 상당구 대성동,중상사고,0,1,0,0,차대사람 - 횡단중,안전운전불이행,건조,맑음,교차로 - 교차로부근,승용,여,41세,상해없음,보행자,여,75세,중상
2014040200100473,2014년 4월 2일 19시,수요일,충청북도 옥천군 옥천읍,중상사고,0,1,0,0,차대차 - 기타,안전운전불이행,건조,맑음,단일로 - 기타,승용,남,49세,상해없음,이륜,남,76세,중상
2014040200100566,2014년 4월 2일 21시,수요일,충청북도 청주시 흥덕구 복대동,경상사고,0,0,1,0,차대차 - 추돌 - 진행중,안전운전불이행,건조,맑음,단일로 - 기타,승용,여,46세,상해없음,승합,남,55세,경상
2014040200100567,2014년 4월 2일 21시,수요일,충청북도 청주시 서원구 사직동,경상사고,0,0,2,0,차대차 - 측면직각충돌,안전운전불이행,건조,맑음,단일로 - 기타,승용,남,63세,상해없음,승용,남,62세,경상
2014040200100595,2014년 4월 2일 22시,수요일,충청북도 청주시 서원구 사창동,경상사고,0,0,1,0,차대차 - 측면직각충돌,안전운전불이행,건조,맑음,단일로 - 기타,승용,남,29세,상해없음,승용,남,32세,경상
2014040200100621,2014년 4월 2일 23시,수요일,충청북도 청주시 청원구 내덕동,경상사고,0,0,1,0,차대사람 - 기타,신호위반,건조,맑음,단일로 - 횡단보도상,승용,여,26세,상해없음,보행자,남,25세,경상
2014040200100622,2014년 4월 2일 23시,수요일,충청북도 청주시 서원구 장성동,경상사고,0,0,1,0,차대사람 - 기타,안전운전불이행,건조,맑음,단일로 - 기타,승용,여,50세,상해없음,보행자,남,47세,경상
2014040300100056,2014년 4월 3일 05시,목요일,충청북도 청주시 흥덕구 복대동,경상사고,0,0,1,0,차대차 - 추돌 - 주정차중,안전운전불이행,건조,맑음,교차로 - 교차로부근,승합,남,34세,상해없음,승용,여,28세,경상
2014040300100123,2014년 4월 3일 08시,목요일,충청북도 청주시 서원구 사창동,경상사고,0,0,1,0,차대사람 - 횡단중,안전운전불이행,건조,맑음,교차로 - 교차로부근,승용,남,35세,상해없음,보행자,여,8세,경상
2014040300100124,2014년 4월 3일 08시,목요일,충청북도 청주시 흥덕구 지동동,경상사고,0,0,1,0,차대차 - 추돌 - 주정차중,안전운전불이행,건조,맑음,단일로 - 기타,승용,남,39세,상해없음,승용,여,36세,경상
2014040300100125,2014년 4월 3일 08시,목요일,충청북도 청주시 흥덕구 봉명동,부상신고사고,0,0,0,1,차대차 - 측면직각충돌,교차로운행방법위반,건조,맑음,교차로 - 교차로안,승용,남,53세,상해없음,승용,남,67세,상해없음
2014040300100158,2014년 4월 3일 09시,목요일,충청북도 청주시 상당구 금천동,경상사고,0,0,1,0,차량단독 - 기타,안전운전불이행,건조,맑음,단일로 - 기타,승합,남,57세,상해없음,,,,
2014040300100159,2014년 4월 3일 09시,목요일,충청북도 청주시 서원구 산남동,경상사고,0,0,1,0,차대차 - 기타,안전운전불이행,건조,맑음,기타 - 기타,승용,여,49세,상해없음,승합,여,49세,경상
2014040300100203,2014년 4월 3일 11시,목요일,충청북도 청주시 상당구 남주동,경상사고,0,0,2,0,차대차 - 기타,교차로운행방법위반,건조,맑음,교차로 - 교차로안,화물,남,47세,상해없음,승용,남,39세,경상
2014040300100242,2014년 4월 3일 12시,목요일,충청북도 제천시 청전동,중상사고,0,1,0,0,차대차 - 기타,안전운전불이행,건조,맑음,교차로 - 교차로부근,자전거,남,65세,상해없음,자전거,남,82세,중상
2014040300100243,2014년 4월 3일 12시,목요일,충청북도 청주시 상당구 영운동,경상사고,0,0,2,0,차대차 - 측면직각충돌,교차로운행방법위반,건조,맑음,교차로 - 교차로안,화물,남,45세,경상,승용,여,40세,경상
2014040300100268,2014년 4월 3일 13시,목요일,충청북도 진천군 광혜원면,경상사고,0,0,2,0,차대차 - 측면직각충돌,중앙선침범,건조,맑음,단일로 - 기타,승용,여,37세,상해없음,화물,남,70세,경상
2014040300100269,2014년 4월 3일 13시,목요일,충청북도 청주시 흥덕구 봉명동,경상사고,0,0,1,0,차대차 - 측면직각충돌,안전운전불이행,건조,맑음,단일로 - 기타,화물,남,20세,상해없음,승용,남,54세,경상
2014040300100344,2014년 4월 3일 16시,목요일,충청북도 제천시 화산동,중상사고,0,2,0,0,차대차 - 기타,직진우회전진행방해,건조,맑음,교차로 - 교차로안,승합,남,72세,상해없음,화물,여,53세,중상
2014040300100345,2014년 4월 3일 16시,목요일,충청북도 음성군 소이면,경상사고,0,0,4,0,차대차 - 추돌 - 진행중,안전운전불이행,습기,비,교차로 - 교차로부근,승용,여,40세,경상,승용,여,46세,경상
2014040300100346,2014년 4월 3일 16시,목요일,충청북도 청주시 상당구 용암동,경상사고,0,0,2,0,차대차 - 추돌 - 진행중,안전거리미확보,건조,맑음,단일로 - 기타,승합,남,44세,상해없음,승용,여,56세,경상
2014040300100376,2014년 4월 3일 17시,목요일,충청북도 음성군 음성읍,경상사고,0,0,1,0,차대차 - 기타,신호위반,습기,비,교차로 - 교차로안,승용,여,43세,상해없음,승용,여,64세,상해없음
2014040300100411,2014년 4월 3일 18시,목요일,충청북도 충주시 연수동,부상신고사고,0,0,0,1,차대차 - 추돌 - 진행중,안전운전불이행,습기,비,교차로 - 교차로안,원동기,남,29세,부상신고,승용,여,48세,상해없음
2014040300100412,2014년 4월 3일 18시,목요일,충청북도 영동군 황간면,부상신고사고,0,0,0,1,차대차 - 기타,안전운전불이행,습기,비,단일로 - 기타,원동기,남,67세,부상신고,승용,남,53세,상해없음
2014040300100447,2014년 4월 3일 19시,목요일,충청북도 청주시 청원구 율량동,경상사고,0,0,1,0,차대사람 - 기타,안전운전불이행,습기,비,단일로 - 기타,승용,남,28세,상해없음,보행자,남,39세,경상
2014040300100448,2014년 4월 3일 19시,목요일,충청북도 진천군 진천읍,중상사고,0,1,0,0,차대사람 - 차도통행중,안전운전불이행,습기,흐림,교차로 - 교차로부근,승용,남,47세,상해없음,보행자,여,30세,중상
2014040300100523,2014년 4월 3일 21시,목요일,충청북도 옥천군 옥천읍,중상사고,0,2,0,0,차대차 - 측면직각충돌,신호위반,습기,비,교차로 - 교차로안,승용,남,41세,상해없음,승용,남,55세,중상
2014040300100524,2014년 4월 3일 21시,목요일,충청북도 청주시 흥덕구 가경동,중상사고,0,1,1,0,차대차 - 측면직각충돌,교차로운행방법위반,건조,흐림,교차로 - 교차로안,승용,남,78세,상해없음,승용,남,66세,중상
2014040300100525,2014년 4월 3일 21시,목요일,충청북도 청주시 서원구 산남동,중상사고,0,2,0,0,차대차 - 측면직각충돌,안전운전불이행,습기,흐림,단일로 - 기타,화물,남,48세,상해없음,승용,남,31세,중상
2014040300100526,2014년 4월 3일 21시,목요일,충청북도 음성군 대소면,중상사고,0,1,1,0,차대차 - 추돌 - 진행중,과속,건조,맑음,단일로 - 기타,승용,남,29세,중상,승용,남,33세,경상
2014040300100564,2014년 4월 3일 22시,목요일,충청북도 제천시 청전동,중상사고,0,1,0,0,차대사람 - 횡단중,안전운전불이행,습기,비,교차로 - 교차로부근,승용,남,48세,상해없음,보행자,여,16세,중상
2014040300100565,2014년 4월 3일 22시,목요일,충청북도 영동군 추풍령면,경상사고,0,0,1,0,차량단독 - 기타,안전운전불이행,건조,흐림,단일로 - 기타,승용,남,39세,상해없음,,,,
2014040300100608,2014년 4월 3일 23시,목요일,충청북도 진천군 광혜원면,중상사고,0,1,0,0,차대차 - 추돌 - 진행중,안전운전불이행,건조,맑음,단일로 - 기타,승용,남,35세,상해없음,이륜,남,59세,중상
2014040400100015,2014년 4월 4일 00시,금요일,충청북도 청주시 서원구 남이면,사망사고,1,0,0,0,차대사람 - 기타,안전운전불이행,건조,맑음,단일로 - 기타,승용,남,36세,상해없음,보행자,여,80세,사망
2014040400100038,2014년 4월 4일 01시,금요일,충청북도 청주시 서원구 사직동,경상사고,0,0,2,0,차대차 - 측면직각충돌,안전거리미확보,건조,맑음,단일로 - 기타,승용,남,21세,상해없음,승용,남,18세,상해없음
2014040400100039,2014년 4월 4일 01시,금요일,충청북도 청주시 흥덕구 가경동,경상사고,0,0,1,0,차대차 - 기타,안전운전불이행,건조,맑음,단일로 - 기타,승용,남,47세,상해없음,이륜,남,50세,경상
2014040400100055,2014년 4월 4일 02시,금요일,충청북도 청주시 흥덕구 가경동,중상사고,0,1,1,0,차대차 - 정면충돌,신호위반,건조,맑음,교차로 - 교차로안,승용,남,42세,경상,승용,남,47세,중상
2014040400100116,2014년 4월 4일 07시,금요일,충청북도 청주시 청원구 내수읍,중상사고,0,2,0,0,차대차 - 기타,교차로운행방법위반,건조,맑음,교차로 - 교차로안,승합,남,49세,상해없음,승용,여,22세,중상
2014040400100117,2014년 4월 4일 07시,금요일,충청북도 청주시 청원구 율량동,경상사고,0,0,1,0,차대차 - 기타,안전거리미확보,건조,맑음,단일로 - 기타,화물,남,45세,상해없음,승합,남,32세,경상
2014040400100118,2014년 4월 4일 07시,금요일,충청북도 제천시 서부동,중상사고,0,1,1,0,차대차 - 측면직각충돌,신호위반,건조,맑음,교차로 - 교차로안,화물,남,56세,상해없음,승용,남,45세,중상
2014040400100119,2014년 4월 4일 07시,금요일,충청북도 청주시 상당구 용암동,경상사고,0,0,1,0,차대차 - 추돌 - 진행중,차로위반,건조,맑음,단일로 - 기타,승용,여,49세,상해없음,화물,남,50세,경상
2014040400100150,2014년 4월 4일 08시,금요일,충청북도 증평군 증평읍,중상사고,0,1,0,0,차대사람 - 길가장자리구역통행중,안전운전불이행,건조,맑음,단일로 - 기타,승합,남,66세,상해없음,보행자,여,17세,중상
2014040400100151,2014년 4월 4일 08시,금요일,충청북도 진천군 초평면,경상사고,0,0,1,0,차대차 - 측면직각충돌,안전운전불이행,건조,맑음,단일로 - 기타,건설기계,남,52세,상해없음,승용,여,32세,경상
2014040400100174,2014년 4월 4일 09시,금요일,충청북도 청주시 서원구 사창동,경상사고,0,0,1,0,차대차 - 기타,교차로운행방법위반,건조,맑음,교차로 - 교차로안,승용,남,26세,상해없음,화물,남,44세,경상
2014040400100216,2014년 4월 4일 10시,금요일,충청북도 청주시 흥덕구 봉명동,중상사고,0,1,1,0,차대차 - 측면직각충돌,안전운전불이행,건조,맑음,교차로 - 교차로안,승용,남,27세,상해없음,승용,남,31세,경상
2014040400100242,2014년 4월 4일 11시,금요일,충청북도 청주시 상당구 석교동,경상사고,0,0,4,0,차대차 - 기타,안전운전불이행,건조,맑음,단일로 - 기타,승용,남,59세,경상,승용,남,56세,경상
2014040400100365,2014년 4월 4일 15시,금요일,충청북도 보은군 마로면,중상사고,0,1,0,0,차대차 - 측면직각충돌,안전운전불이행,건조,맑음,기타 - 기타,승합,남,49세,상해없음,자전거,여,77세,중상
2014040400100366,2014년 4월 4일 15시,금요일,충청북도 청주시 흥덕구 지동동,경상사고,0,0,1,0,차대차 - 기타,신호위반,건조,맑음,교차로 - 교차로안,승용,남,26세,상해없음,승용,남,53세,경상
2014040400100410,2014년 4월 4일 16시,금요일,충청북도 청주시 흥덕구 복대동,경상사고,0,0,3,0,차대차 - 측면직각충돌,안전거리미확보,건조,맑음,단일로 - 기타,승용,남,61세,상해없음,승용,여,33세,경상
2014040400100446,2014년 4월 4일 17시,금요일,충청북도 청주시 서원구 사창동,경상사고,0,0,1,0,차대사람 - 기타,안전운전불이행,건조,맑음,단일로 - 기타,승용,남,30세,상해없음,보행자,남,71세,경상
2014040400100447,2014년 4월 4일 17시,금요일,충청북도 청주시 서원구 사직동,경상사고,0,0,1,0,차대사람 - 기타,보행자보호의무위반,건조,맑음,단일로 - 기타,화물,남,54세,상해없음,보행자,여,14세,경상
2014040400100491,2014년 4월 4일 18시,금요일,충청북도 충주시 문화동,중상사고,0,1,0,0,차대차 - 기타,안전운전불이행,건조,맑음,교차로 - 교차로안,승용,남,41세,상해없음,원동기,남,31세,중상
2014040400100530,2014년 4월 4일 19시,금요일,충청북도 청주시 청원구 사천동,중상사고,0,1,0,0,차대사람 - 기타,안전운전불이행,건조,맑음,단일로 - 기타,승용,남,46세,상해없음,보행자,남,10세,중상
2014040400100531,2014년 4월 4일 19시,금요일,충청북도 청주시 청원구 내수읍,경상사고,0,0,2,0,차대차 - 기타,안전운전불이행,건조,맑음,교차로 - 교차로부근,승용,남,26세,경상,화물,남,57세,상해없음
2014040400100532,2014년 4월 4일 19시,금요일,충청북도 제천시 서부동,중상사고,0,1,0,0,차대사람 - 횡단중,보행자보호의무위반,건조,흐림,단일로 - 횡단보도상,승용,남,60세,상해없음,보행자,여,20세,중상
2014040400100533,2014년 4월 4일 19시,금요일,충청북도 진천군 초평면,경상사고,0,0,1,0,차량단독 - 기타,안전운전불이행,건조,맑음,단일로 - 기타,승합,남,44세,상해없음,,,,
2014040400100534,2014년 4월 4일 19시,금요일,충청북도 청주시 흥덕구 강서동,경상사고,0,0,1,0,차대차 - 기타,안전운전불이행,건조,맑음,단일로 - 기타,원동기,남,17세,상해없음,승용,남,29세,경상
2014040400100535,2014년 4월 4일 19시,금요일,충청북도 청주시 서원구 사직동,중상사고,0,1,0,0,차대사람 - 기타,안전운전불이행,건조,맑음,단일로 - 기타,승용,남,21세,상해없음,보행자,여,51세,중상
2014040400100566,2014년 4월 4일 20시,금요일,충청북도 영동군 학산면,경상사고,0,0,1,0,차대차 - 기타,안전운전불이행,건조,맑음,기타 - 기타,승용,남,49세,상해없음,원동기,남,55세,경상
2014040400100607,2014년 4월 4일 21시,금요일,충청북도 청주시 청원구 내덕동,경상사고,0,0,2,0,차대차 - 기타,안전운전불이행,건조,맑음,단일로 - 기타,승용,남,54세,상해없음,승용,남,43세,경상