사고번호,사고일시,요일,시군구,사고내용,사망자수,중상자수,경상자수,부상신고자수,사고유형,법규위반,노면상태,기상상태,도로형태,가해운전자 차종,가해운전자 성별,가해운전자 연령,가해운전자 상해정도,피해운전자 차종,피해운전자 성별,피해운전자 연령,피해운전자 상해정도
2014040400100608,2014년 4월 4일 21시,금요일,충청북도 충주시 엄정면,중상사고,0,1,0,0,차대차 - 추돌 - 주정차중,안전운전불이행,건조,맑음,단일로 - 기타,화물,남,68세,상해없음,농기계,남,53세,중상
2014040400100609,2014년 4월 4일 21시,금요일,충청북도 청주시 상당구 용암동,경상사고,0,0,1,0,차대차 - 추돌 - 주정차중,안전운전불이행,건조,맑음,교차로 - 교차로부근,승용,남,59세,기타불명,승합,여,40세,상해없음
2014040400100636,2014년 4월 4일 22시,금요일,충청북도 청주시 흥덕구 비하동,경상사고,0,0,1,0,차대차 - 측면직각충돌,차로위반,건조,맑음,단일로 - 기타,화물,남,51세,상해없음,승용,남,41세,경상
2014040400100637,2014년 4월 4일 22시,금요일,충청북도 청주시 흥덕구 봉명동,경상사고,0,0,1,0,차대차 - 측면직각충돌,교차로운행방법위반,건조,맑음,교차로 - 교차로안,승용,남,56세,상해없음,승용,남,50세,상해없음
2014040400100672,2014년 4월 4일 23시,금요일,충청북도 증평군 증평읍,경상사고,0,0,2,0,차대차 - 측면직각충돌,신호위반,건조,맑음,교차로 - 교차로안,승용,남,58세,상해없음,승용,남,58세,경상
2014040400100673,2014년 4월 4일 23시,금요일,충청북도 청주시 서원구 개신동,경상사고,0,0,1,0,차대사람 - 횡단중,보행자보호의무위반,건조,맑음,교차로 - 교차로안,승용,남,25세,상해없음,보행자,남,21세,경상
2014040500100011,2014년 4월 5일 00시,토요일,충청북도 청주시 청원구 내수읍,중상사고,0,1,0,0,차량단독 - 전도전복,안전운전불이행,건조,맑음,단일로 - 기타,승용,여,42세,중상,,,,
2014040500100012,2014년 4월 5일 00시,토요일,충청북도 충주시 연수동,경상사고,0,0,3,0,차대차 - 측면직각충돌,신호위반,건조,맑음,교차로 - 교차로안,승용,남,25세,경상,승용,남,40세,경상
2014040500100013,2014년 4월 5일 00시,토요일,충청북도 진천군 광혜원면,중상사고,0,1,0,0,차대사람 - 기타,보행자보호의무위반,건조,맑음,단일로 - 기타,이륜,남,16세,상해없음,보행자,남,46세,중상
2014040500100054,2014년 4월 5일 02시,토요일,충청북도 청주시 흥덕구 복대동,경상사고,0,0,1,0,차대차 - 측면직각충돌,안전거리미확보,건조,맑음,단일로 - 기타,승용,여,19세,경상,승용,남,31세,상해없음
2014040500100080,2014년 4월 5일 04시,토요일,충청북도 청주시 상당구 용암동,경상사고,0,0,1,0,차대차 - 기타,교차로운행방법위반,건조,맑음,교차로 - 교차로부근,기타불명,기타불명,기타불명,기타불명,승용,남,46세,경상
2014040500100093,2014년 4월 5일 05시,토요일,충청북도 청주시 상당구 금천동,사망사고,1,0,0,0,차대사람 - 횡단중,보행자보호의무위반,건조,맑음,단일로 - 기타,승용,남,53세,상해없음,보행자,남,57세,사망
2014040500100094,2014년 4월 5일 05시,토요일,충청북도 제천시 고암동,중상사고,0,1,1,0,차대차 - 기타,안전운전불이행,건조,흐림,단일로 - 기타,화물,남,70세,경상,건설기계,남,45세,상해없음
2014040500100108,2014년 4월 5일 06시,토요일,충청북도 청주시 서원구 분평동,중상사고,0,1,0,0,차대차 - 기타,안전운전불이행,건조,맑음,교차로 - 교차로부근,승용,남,45세,상해없음,승용,남,54세,상해없음
2014040500100135,2014년 4월 5일 08시,토요일,충청북도 청주시 청원구 율량동,경상사고,0,0,1,0,차대사람 - 기타,안전운전불이행,건조,맑음,단일로 - 기타,화물,남,40세,상해없음,보행자,남,46세,경상
2014040500100136,2014년 4월 5일 08시,토요일,충청북도 충주시 문화동,경상사고,0,0,4,0,차대차 - 추돌 - 진행중,신호위반,건조,맑음,교차로 - 교차로안,승용,남,53세,상해없음,승용,남,47세,경상
2014040500100137,2014년 4월 5일 08시,토요일,충청북도 단양군 매포읍,경상사고,0,0,3,0,차대차 - 기타,직진우회전진행방해,건조,맑음,교차로 - 교차로안,화물,남,69세,경상,화물,남,70세,경상
2014040500100138,2014년 4월 5일 08시,토요일,충청북도 청주시 상당구 방서동,경상사고,0,0,1,0,차대차 - 추돌 - 주정차중,안전운전불이행,건조,맑음,단일로 - 기타,승용,남,46세,상해없음,승용,남,38세,경상
2014040500100187,2014년 4월 5일 10시,토요일,충청북도 청주시 흥덕구 가경동,중상사고,0,1,1,0,차대차 - 측면직각충돌,안전운전불이행,건조,맑음,단일로 - 기타,승용,남,32세,경상,승용,남,60세,중상
2014040500100246,2014년 4월 5일 12시,토요일,충청북도 음성군 금왕읍,경상사고,0,0,1,0,차대차 - 기타,중앙선침범,건조,맑음,단일로 - 기타,원동기,남,70세,경상,화물,남,68세,상해없음
2014040500100247,2014년 4월 5일 12시,토요일,충청북도 옥천군 안내면,중상사고,0,2,1,0,차대차 - 측면직각충돌,교차로운행방법위반,건조,맑음,교차로 - 교차로안,승용,남,37세,상해없음,화물,남,62세,중상
2014040500100283,2014년 4월 5일 13시,토요일,충청북도 충주시 봉방동,중상사고,0,1,0,0,차대차 - 추돌 - 진행중,기타,건조,맑음,단일로 - 기타,승용,남,51세,상해없음,원동기,남,44세,중상
2014040500100284,2014년 4월 5일 13시,토요일,충청북도 충주시 문화동,중상사고,0,1,0,0,차대사람 - 기타,안전운전불이행,건조,맑음,단일로 - 기타,승용,남,34세,상해없음,보행자,여,58세,중상
2014040500100310,2014년 4월 5일 14시,토요일,충청북도 청주시 청원구 사천동,경상사고,0,0,1,0,차대차 - 기타,안전운전불이행,건조,맑음,단일로 - 기타,승용,남,48세,상해없음,승용,남,27세,경상
2014040500100311,2014년 4월 5일 14시,토요일,충청북도 충주시 호암동,경상사고,0,0,1,0,차대차 - 추돌 - 진행중,안전운전불이행,건조,맑음,기타 - 기타,승용,남,67세,상해없음,승용,여,24세,경상
2014040500100312,2014년 4월 5일 14시,토요일,충청북도 음성군 원남면,경상사고,0,0,5,0,차대차 - 기타,안전운전불이행,건조,맑음,교차로 - 교차로부근,승용,남,26세,경상,승용,남,46세,상해없음
2014040500100384,2014년 4월 5일 16시,토요일,충청북도 옥천군 옥천읍,부상신고사고,0,0,0,1,차대차 - 추돌 - 진행중,안전운전불이행,건조,맑음,교차로 - 교차로부근,이륜,남,54세,부상신고,화물,남,58세,상해없음
2014040500100385,2014년 4월 5일 16시,토요일,충청북도 청주시 흥덕구 옥산면,중상사고,0,2,0,0,차대차 - 측면직각충돌,중앙선침범,건조,맑음,교차로 - 교차로부근,승용,남,60세,상해없음,승용,남,57세,중상
2014040500100386,2014년 4월 5일 16시,토요일,충청북도 청주시 흥덕구 가경동,경상사고,0,0,1,0,차대차 - 측면직각충돌,직진우회전진행방해,건조,맑음,교차로 - 교차로안,승용,여,46세,상해없음,이륜,남,31세,경상
2014040500100422,2014년 4월 5일 17시,토요일,충청북도 음성군 감곡면,경상사고,0,0,1,0,차대차 - 측면직각충돌,신호위반,건조,맑음,교차로 - 교차로안,승용,여,39세,경상,승용,남,39세,상해없음
2014040500100449,2014년 4월 5일 18시,토요일,충청북도 제천시 강제동,중상사고,0,1,0,0,차대사람 - 기타,안전운전불이행,습기,비,기타 - 기타,승용,남,46세,상해없음,보행자,여,49세,중상
2014040500100450,2014년 4월 5일 18시,토요일,충청북도 청주시 상당구 용암동,경상사고,0,0,4,0,차대차 - 추돌 - 진행중,안전운전불이행,건조,맑음,단일로 - 기타,승용,남,42세,상해없음,승용,남,56세,경상
2014040500100480,2014년 4월 5일 19시,토요일,충청북도 청주시 청원구 내수읍,경상사고,0,0,1,0,차대차 - 기타,안전운전불이행,건조,맑음,교차로 - 교차로부근,기타불명,기타불명,기타불명,기타불명,원동기,남,56세,경상
2014040500100481,2014년 4월 5일 19시,토요일,충청북도 진천군 문백면,중상사고,0,1,1,0,차대차 - 측면직각충돌,교차로운행방법위반,건조,맑음,교차로 - 교차로안,승용,남,45세,상해없음,승합,남,40세,상해없음
2014040500100482,2014년 4월 5일 19시,토요일,충청북도 청주시 흥덕구 강서동,중상사고,0,1,0,0,차대차 - 측면직각충돌,안전운전불이행,건조,흐림,교차로 - 교차로부근,승용,남,41세,상해없음,승용,남,53세,중상
2014040500100483,2014년 4월 5일 19시,토요일,충청북도 청주시 상당구 문의면,사망사고,1,0,0,0,차대사람 - 기타,안전운전불이행,습기,비,단일로 - 기타,승용,남,45세,상해없음,보행자,남,72세,사망
2014040500100524,2014년 4월 5일 20시,토요일,충청북도 청주시 청원구 내덕동,중상사고,0,1,0,0,차대사람 - 횡단중,안전운전불이행,습기,비,교차로 - 교차로부근,승용,남,53세,상해없음,보행자,남,64세,중상
2014040500100575,2014년 4월 5일 21시,토요일,충청북도 청주시 상당구 용암동,경상사고,0,0,1,0,차대차 - 기타,안전운전불이행,습기,비,교차로 - 교차로안,이륜,남,21세,경상,이륜,남,17세,상해없음
2014040500100598,2014년 4월 5일 22시,토요일,충청북도 음성군 금왕읍,중상사고,0,1,0,0,차대차 - 기타,교차로운행방법위반,습기,비,교차로 - 교차로안,승용,남,64세,상해없음,원동기,남,16세,중상
2014040500100599,2014년 4월 5일 22시,토요일,충청북도 청주시 흥덕구 복대동,경상사고,0,0,2,0,차대차 - 측면직각충돌,안전거리미확보,건조,맑음,단일로 - 기타,승용,남,41세,상해없음,승용,남,30세,경상
2014040500100624,2014년 4월 5일 23시,토요일,충청북도 청주시 청원구 오창읍,경상사고,0,0,2,0,차대차 - 기타,신호위반,건조,맑음,교차로 - 교차로안,승용,남,51세,상해없음,승용,남,37세,경상
2014040600100010,2014년 4월 6일 00시,일요일,충청북도 증평군 증평읍,부상신고사고,0,0,0,1,차량단독 - 공작물충돌,안전운전불이행,습기,흐림,단일로 - 기타,승용,남,60세,부상신고,,,,
2014040600100036,2014년 4월 6일 02시,일요일,충청북도 청주시 청원구 우암동,경상사고,0,0,1,0,차대차 - 기타,안전운전불이행,건조,맑음,단일로 - 기타,승용,여,26세,경상,화물,남,50세,기타불명
2014040600100072,2014년 4월 6일 07시,일요일,충청북도 괴산군 감물면,중상사고,0,1,1,0,차대차 - 정면충돌,중앙선침범,건조,맑음,단일로 - 기타,화물,남,41세,상해없음,승합,남,66세,중상
2014040600100090,2014년 4월 6일 08시,일요일,충청북도 청주시 흥덕구 비하동,경상사고,0,0,1,0,차대차 - 정면충돌,신호위반,건조,맑음,교차로 - 교차로안,승용,남,51세,상해없음,승용,남,42세,경상
2014040600100091,2014년 4월 6일 08시,일요일,충청북도 청주시 상당구 용암동,중상사고,0,1,0,0,차대차 - 측면직각충돌,안전운전불이행,건조,맑음,단일로 - 기타,승용,남,54세,상해없음,이륜,남,45세,중상
2014040600100162,2014년 4월 6일 11시,일요일,충청북도 청주시 상당구 석교동,경상사고,0,0,2,0,차대차 - 기타,안전거리미확보,건조,맑음,단일로 - 기타,승용,남,42세,상해없음,승합,남,50세,상해없음
2014040600100163,2014년 4월 6일 11시,일요일,충청북도 증평군 증평읍,중상사고,0,2,0,0,차대차 - 추돌 - 진행중,안전거리미확보,건조,맑음,단일로 - 기타,승용,남,38세,상해없음,승용,남,48세,중상
2014040600100164,2014년 4월 6일 11시,일요일,충청북도 청주시 서원구 남이면,경상사고,0,0,1,0,차대차 - 측면직각충돌,신호위반,건조,맑음,교차로 - 교차로안,승용,남,58세,상해없음,승용,여,64세,경상
2014040600100185,2014년 4월 6일 12시,일요일,충청북도 충주시 호암동,경상사고,0,0,1,0,차대차 - 추돌 - 주정차중,안전거리미확보,건조,맑음,교차로 - 교차로안,승용,남,32세,상해없음,승용,남,28세,경상
2014040600100217,2014년 4월 6일 13시,일요일,충청북도 충주시 대소원면,중상사고,0,1,3,0,차대차 - 기타,교차로운행방법위반,건조,맑음,교차로 - 교차로안,승합,남,73세,상해없음,승합,남,55세,상해없음
2014040600100241,2014년 4월 6일 14시,일요일,충청북도 옥천군 동이면,경상사고,0,0,2,0,차대차 - 기타,안전거리미확보,건조,맑음,단일로 - 기타,승용,여,52세,상해없음,승용,여,39세,경상
2014040600100270,2014년 4월 6일 15시,일요일,충청북도 청주시 상당구 남문로1가동,중상사고,0,2,0,0,차대차 - 기타,안전운전불이행,건조,맑음,단일로 - 기타,승용,여,40세,상해없음,승용,남,30세,중상
2014040600100311,2014년 4월 6일 16시,일요일,충청북도 음성군 금왕읍,경상사고,0,0,1,0,차량단독 - 공작물충돌,안전운전불이행,건조,맑음,교차로 - 교차로부근,화물,남,44세,경상,,,,
2014040600100312,2014년 4월 6일 16시,일요일,충청북도 청주시 흥덕구 복대동,중상사고,0,1,0,0,차대사람 - 횡단중,기타,건조,맑음,단일로 - 기타,승용,남,57세,상해없음,보행자,남,7세,중상
2014040600100344,2014년 4월 6일 17시,일요일,충청북도 청주시 청원구 사천동,중상사고,0,1,0,0,차대차 - 기타,신호위반,건조,맑음,교차로 - 교차로안,자전거,남,64세,중상,승용,남,66세,상해없음
2014040600100367,2014년 4월 6일 18시,일요일,충청북도 청주시 흥덕구 복대동,경상사고,0,0,3,0,차대차 - 측면직각충돌,교차로운행방법위반,건조,맑음,교차로 - 교차로안,승용,남,31세,경상,승용,남,25세,경상
2014040600100402,2014년 4월 6일 19시,일요일,충청북도 청주시 상당구 방서동,중상사고,0,1,0,0,차대차 - 기타,신호위반,건조,맑음,교차로 - 교차로안,승용,남,33세,상해없음,승용,남,34세,중상
2014040600100461,2014년 4월 6일 21시,일요일,충청북도 충주시 교현동,경상사고,0,0,1,0,차대차 - 측면직각충돌,안전거리미확보,건조,맑음,단일로 - 기타,승용,남,29세,상해없음,승용,남,37세,경상
2014040600100462,2014년 4월 6일 21시,일요일,충청북도 제천시 신월동,경상사고,0,0,1,0,차대차 - 기타,중앙선침범,건조,맑음,단일로 - 기타,승용,여,55세,상해없음,이륜,남,38세,경상
2014040600100463,2014년 4월 6일 21시,일요일,충청북도 음성군 음성읍,경상사고,0,0,1,0,차대차 - 기타,안전거리미확보,건조,맑음,교차로 - 교차로부근,승용,남,41세,상해없음,원동기,남,40세,경상
2014040600100464,2014년 4월 6일 21시,일요일,충청북도 청주시 흥덕구 옥산면,경상사고,0,0,1,0,차대차 - 추돌 - 주정차중,안전운전불이행,건조,맑음,교차로 - 교차로안,승용,남,50세,상해없음,승용,여,39세,경상
2014040600100491,2014년 4월 6일 22시,일요일,충청북도 청주시 청원구 오창읍,경상사고,0,0,1,0,차량단독 - 전도전복,안전운전불이행,건조,맑음,단일로 - 기타,승용,남,53세,상해없음,,,,
2014040600100492,2014년 4월 6일 22시,일요일,충청북도 청주시 서원구 사직동,경상사고,0,0,1,0,차대사람 - 기타,안전운전불이행,건조,맑음,단일로 - 기타,승용,남,46세,상해없음,보행자,남,47세,경상
2014040700100007,2014년 4월 7일 00시,월요일,충청북도 제천시 고암동,경상사고,0,0,1,1,차대차 - 기타,안전거리미확보,건조,맑음,교차로 - 교차로부근,승용,여,51세,부상신고,승용,남,42세,경상
2014040700100008,2014년 4월 7일 00시,월요일,충청북도 청주시 상당구 용정동,사망사고,1,1,0,0,차량단독 - 공작물충돌,과속,건조,맑음,단일로 - 기타,승용,남,26세,사망,,,,
2014040700100038,2014년 4월 7일 05시,월요일,충청북도 청주시 청원구 율량동,중상사고,0,1,0,0,차대차 - 기타,신호위반,건조,맑음,교차로 - 교차로안,승용,남,36세,상해없음,승용,남,23세,중상
2014040700100039,2014년 4월 7일 05시,월요일,충청북도 청주시 흥덕구 옥산면,경상사고,0,0,1,0,차대차 - 추돌 - 진행중,안전운전불이행,건조,맑음,단일로 - 기타,승용,남,58세,경상,승용,남,30세,상해없음
2014040700100066,2014년 4월 7일 07시,월요일,충청북도 충주시 용두동,중상사고,0,1,0,0,차대차 - 추돌 - 진행중,안전거리미확보,건조,맑음,단일로 - 기타,화물,남,42세,상해없음,승용,여,30세,중상
2014040700100112,2014년 4월 7일 08시,월요일,충청북도 청주시 상당구 수동,중상사고,0,1,0,0,차대차 - 측면직각충돌,교차로운행방법위반,건조,맑음,교차로 - 교차로안,승용,남,55세,상해없음,자전거,남,31세,중상
2014040700100147,2014년 4월 7일 09시,월요일,충청북도 충주시 대소원면,경상사고,0,0,2,0,차대차 - 추돌 - 진행중,안전거리미확보,건조,맑음,단일로 - 기타,화물,남,47세,상해없음,화물,남,21세,상해없음
2014040700100148,2014년 4월 7일 09시,월요일,충청북도 제천시 청전동,경상사고,0,0,1,0,차대차 - 기타,안전운전불이행,건조,맑음,교차로 - 교차로부근,화물,남,57세,상해없음,승용,여,50세,경상
2014040700100174,2014년 4월 7일 10시,월요일,충청북도 충주시 수안보면,경상사고,0,0,1,1,차대차 - 추돌 - 진행중,직진우회전진행방해,건조,맑음,교차로 - 교차로안,승용,여,38세,부상신고,승용,여,62세,경상
2014040700100175,2014년 4월 7일 10시,월요일,충청북도 충주시 교현동,중상사고,0,1,0,0,차대차 - 추돌 - 진행중,안전운전불이행,건조,맑음,교차로 - 교차로안,화물,남,28세,상해없음,자전거,여,76세,중상
2014040700100189,2014년 4월 7일 11시,월요일,충청북도 진천군 초평면,경상사고,0,0,1,0,차대차 - 추돌 - 진행중,안전운전불이행,건조,맑음,단일로 - 기타,화물,남,51세,상해없음,승용,남,62세,경상
2014040700100216,2014년 4월 7일 12시,월요일,충청북도 충주시 연수동,중상사고,0,1,0,0,차대차 - 추돌 - 진행중,안전운전불이행,건조,맑음,교차로 - 교차로부근,승용,남,52세,상해없음,승용,여,54세,중상
2014040700100217,2014년 4월 7일 12시,월요일,충청북도 청주시 흥덕구 복대동,경상사고,0,0,1,0,차대차 - 추돌 - 진행중,안전운전불이행,건조,맑음,단일로 - 기타,승용,여,44세,상해없음,승용,남,28세,경상
2014040700100245,2014년 4월 7일 13시,월요일,충청북도 충주시 산척면,경상사고,0,0,3,0,차대차 - 측면직각충돌,안전거리미확보,건조,맑음,단일로 - 기타,특수,남,44세,상해없음,승용,남,37세,경상
2014040700100246,2014년 4월 7일 13시,월요일,충청북도 제천시 중앙로2가,경상사고,0,0,1,0,차대사람 - 기타,보행자보호의무위반,건조,맑음,단일로 - 횡단보도상,승용,남,78세,상해없음,보행자,여,40세,경상
2014040700100274,2014년 4월 7일 14시,월요일,충청북도 음성군 감곡면,경상사고,0,0,2,0,차대차 - 기타,안전운전불이행,건조,맑음,단일로 - 기타,승용,남,33세,상해없음,승용,남,67세,경상
2014040700100275,2014년 4월 7일 14시,월요일,충청북도 음성군 음성읍,중상사고,0,1,0,0,차량단독 - 기타,안전운전불이행,건조,맑음,교차로 - 교차로부근,승용,남,57세,상해없음,,,,
2014040700100276,2014년 4월 7일 14시,월요일,충청북도 청주시 상당구 영운동,경상사고,0,0,1,0,차대차 - 기타,중앙선침범,건조,맑음,단일로 - 기타,승용,여,27세,상해없음,승용,남,43세,경상
2014040700100318,2014년 4월 7일 15시,월요일,충청북도 음성군 삼성면,경상사고,0,0,1,0,차대차 - 기타,교차로운행방법위반,건조,맑음,교차로 - 교차로안,화물,남,40세,상해없음,화물,남,44세,경상
2014040700100319,2014년 4월 7일 15시,월요일,충청북도 청주시 흥덕구 복대동,중상사고,0,1,1,0,차대차 - 추돌 - 주정차중,안전운전불이행,건조,맑음,교차로 - 교차로부근,승용,남,34세,상해없음,승용,남,34세,경상
2014040700100349,2014년 4월 7일 16시,월요일,충청북도 충주시 연수동,중상사고,0,1,0,0,차대사람 - 기타,안전운전불이행,건조,맑음,단일로 - 기타,승용,여,46세,상해없음,보행자,남,8세,중상
2014040700100350,2014년 4월 7일 16시,월요일,충청북도 청주시 서원구 죽림동,경상사고,0,0,1,0,차량단독 - 공작물충돌,안전운전불이행,건조,맑음,단일로 - 기타,승용,남,26세,경상,,,,
2014040700100388,2014년 4월 7일 17시,월요일,충청북도 제천시 청전동,중상사고,0,1,0,0,차대차 - 기타,안전운전불이행,건조,맑음,교차로 - 교차로안,화물,남,58세,상해없음,자전거,남,68세,중상
2014040700100389,2014년 4월 7일 17시,월요일,충청북도 옥천군 군북면,경상사고,0,0,2,0,차대차 - 측면직각충돌,중앙선침범,건조,맑음,기타 - 기타,승용,남,24세,상해없음,승용,남,54세,경상
2014040700100390,2014년 4월 7일 17시,월요일,충청북도 청주시 흥덕구 강서동,경상사고,0,0,1,0,차대사람 - 기타,안전운전불이행,건조,맑음,기타 - 기타,승합,남,47세,상해없음,보행자,여,77세,경상
2014040700100424,2014년 4월 7일 18시,월요일,충청북도 청주시 흥덕구 강내면,사망사고,1,0,0,0,차대사람 - 횡단중,안전운전불이행,건조,맑음,단일로 - 기타,승용,남,20세,상해없음,보행자,여,62세,사망
2014040700100467,2014년 4월 7일 19시,월요일,충청북도 충주시 칠금동,경상사고,0,0,1,0,차대차 - 측면직각충돌,신호위반,건조,맑음,교차로 - 교차로안,화물,남,55세,상해없음,승용,남,69세,경상
2014040700100468,2014년 4월 7일 19시,월요일,충청북도 청주시 흥덕구 봉명동,경상사고,0,0,1,0,차대사람 - 횡단중,보행자보호의무위반,건조,맑음,교차로 - 교차로부근,승용,남,56세,상해없음,보행자,여,7세,경상
2014040700100500,2014년 4월 7일 20시,월요일,충청북도 청주시 상당구 용정동,중상사고,0,1,1,0,차대차 - 측면직각충돌,신호위반,건조,맑음,교차로 - 교차로안,원동기,남,21세,경상,원동기,남,45세,중상
2014040700100525,2014년 4월 7일 21시,월요일,충청북도 청주시 서원구 수곡동,중상사고,0,1,0,0,차대사람 - 기타,안전운전불이행,건조,맑음,단일로 - 횡단보도상,화물,남,35세,상해없음,보행자,남,14세,중상
2014040700100562,2014년 4월 7일 22시,월요일,충청북도 청주시 흥덕구 봉명동,경상사고,0,0,1,0,차대사람 - 횡단중,안전운전불이행,건조,맑음,단일로 - 기타,승용,여,50세,상해없음,보행자,남,30세,경상
2014040800100011,2014년 4월 8일 00시,화요일,충청북도 청주시 서원구 개신동,경상사고,0,0,1,0,차대차 - 추돌 - 진행중,안전운전불이행,건조,맑음,단일로 - 기타,승용,여,28세,상해없음,화물,남,27세,경상
2014040800100091,2014년 4월 8일 07시,화요일,충청북도 청주시 흥덕구 봉명동,중상사고,0,1,1,0,차대차 - 측면직각충돌,중앙선침범,건조,맑음,단일로 - 기타,승용,남,26세,상해없음,승용,여,47세,중상
2014040800100242,2014년 4월 8일 12시,화요일,충청북도 청주시 상당구 서문동,경상사고,0,0,1,0,차대사람 - 횡단중,안전운전불이행,건조,맑음,교차로 - 교차로안,승용,남,51세,상해없음,보행자,여,54세,경상
2014040800100267,2014년 4월 8일 13시,화요일,충청북도 청주시 청원구 오창읍,부상신고사고,0,0,0,1,차대사람 - 기타,안전운전불이행,건조,맑음,교차로 - 교차로부근,자전거,남,50세,부상신고,보행자,기타불명,기타불명,기타불명
2014040800100298,2014년 4월 8일 14시,화요일,충청북도 증평군 증평읍,중상사고,0,1,0,0,차대차 - 정면충돌,직진우회전진행방해,건조,맑음,교차로 - 교차로안,승용,남,66세,상해없음,자전거,남,81세,중상
2014040800100341,2014년 4월 8일 15시,화요일,충청북도 음성군 소이면,경상사고,0,0,1,0,차대차 - 기타,교차로운행방법위반,건조,맑음,교차로 - 교차로안,화물,남,57세,경상,화물,남,55세,상해없음
2014040800100342,2014년 4월 8일 15시,화요일,충청북도 청주시 흥덕구 가경동,중상사고,0,2,3,0,차대차 - 추돌 - 주정차중,안전운전불이행,건조,맑음,교차로 - 교차로부근,승용,여,53세,상해없음,승용,여,40세,중상
2014040800100384,2014년 4월 8일 16시,화요일,충청북도 청주시 청원구 내수읍,중상사고,0,1,0,0,차대사람 - 횡단중,보행자보호의무위반,건조,맑음,교차로 - 교차로안,화물,남,77세,상해없음,보행자,여,44세,중상
2014040800100385,2014년 4월 8일 16시,화요일,충청북도 청주시 흥덕구 가경동,경상사고,0,0,1,0,차대차 - 측면직각충돌,신호위반,건조,맑음,교차로 - 교차로안,승용,남,45세,상해없음,자전거,여,46세,경상
2014040800100429,2014년 4월 8일 17시,화요일,충청북도 영동군 영동읍,경상사고,0,0,1,0,차대차 - 기타,안전운전불이행,건조,맑음,기타 - 기타,화물,남,58세,상해없음,승용,남,31세,경상
2014040800100501,2014년 4월 8일 19시,화요일,충청북도 청주시 흥덕구 수의동,경상사고,0,0,3,0,차대차 - 측면직각충돌,안전운전불이행,건조,맑음,단일로 - 기타,승용,남,29세,상해없음,승용,여,21세,경상
2014040800100502,2014년 4월 8일 19시,화요일,충청북도 청주시 상당구 운동동,중상사고,0,1,0,0,차대사람 - 횡단중,보행자보호의무위반,건조,맑음,교차로 - 교차로안,화물,남,57세,상해없음,보행자,여,48세,중상
2014040800100541,2014년 4월 8일 20시,화요일,충청북도 괴산군 괴산읍,경상사고,0,0,1,0,차대차 - 측면직각충돌,신호위반,건조,맑음,교차로 - 교차로안,화물,여,65세,상해없음,승용,여,59세,경상
2014040800100637,2014년 4월 8일 23시,화요일,충청북도 청주시 청원구 내수읍,중상사고,0,2,0,0,차대차 - 측면직각충돌,신호위반,건조,맑음,교차로 - 교차로안,승용,남,45세,상해없음,승용,여,35세,중상
2014040900100014,2014년 4월 9일 00시,수요일,충청북도 청주시 흥덕구 봉명동,경상사고,0,0,1,0,차대사람 - 횡단중,안전운전불이행,건조,맑음,교차로 - 교차로부근,이륜,남,42세,상해없음,보행자,남,35세,경상
2014040900100028,2014년 4월 9일 01시,수요일,충청북도 충주시 성내동,경상사고,0,0,3,0,차대차 - 측면직각충돌,교차로운행방법위반,건조,맑음,교차로 - 교차로안,승용,남,48세,상해없음,승용,남,30세,경상
2014040900100047,2014년 4월 9일 03시,수요일,충청북도 청주시 흥덕구 옥산면,부상신고사고,0,0,0,1,차량단독 - 공작물충돌,안전운전불이행,건조,맑음,단일로 - 기타,승용,남,36세,부상신고,,,,
2014040900100075,2014년 4월 9일 06시,수요일,충청북도 청주시 서원구 현도면,사망사고,1,0,0,0,차량단독 - 공작물충돌,안전운전불이행,건조,맑음,단일로 - 기타,화물,여,51세,사망,,,,
2014040900100217,2014년 4월 9일 11시,수요일,충청북도 영동군 영동읍,경상사고,0,0,1,0,차대차 - 기타,직진우회전진행방해,건조,맑음,교차로 - 교차로안,승용,여,51세,상해없음,원동기,여,71세,경상
2014040900100237,2014년 4월 9일 12시,수요일,충청북도 청주시 흥덕구 운천동,경상사고,0,0,1,0,차대차 - 기타,교차로운행방법위반,건조,맑음,교차로 - 교차로안,승용,여,64세,상해없음,승용,남,66세,경상
2014040900100262,2014년 4월 9일 13시,수요일,충청북도 충주시 문화동,중상사고,0,1,0,0,차대사람 - 횡단중,안전운전불이행,건조,맑음,단일로 - 기타,승용,남,56세,상해없음,보행자,여,69세,중상
2014040900100263,2014년 4월 9일 13시,수요일,충청북도 제천시 수산면,중상사고,0,1,0,0,차대차 - 측면직각충돌,안전거리미확보,건조,맑음,단일로 - 기타,원동기,남,78세,중상,승용,남,67세,상해없음
2014040900100318,2014년 4월 9일 15시,수요일,충청북도 제천시 서부동,경상사고,0,0,1,0,차대차 - 기타,안전운전불이행,건조,맑음,단일로 - 기타,승용,남,68세,상해없음,승용,남,29세,경상
2014040900100319,2014년 4월 9일 15시,수요일,충청북도 음성군 금왕읍,경상사고,0,0,1,0,차대차 - 기타,안전운전불이행,건조,맑음,단일로 - 기타,승용,남,49세,경상,화물,남,35세,상해없음
2014040900100358,2014년 4월 9일 16시,수요일,충청북도 보은군 보은읍,중상사고,0,1,1,0,차대차 - 정면충돌,중앙선침범,건조,맑음,기타 - 기타,화물,남,59세,상해없음,승용,남,49세,경상
2014040900100400,2014년 4월 9일 17시,수요일,충청북도 청주시 청원구 사천동,경상사고,0,0,2,0,차대차 - 추돌 - 주정차중,안전운전불이행,건조,맑음,교차로 - 교차로부근,승용,남,44세,상해없음,승용,남,41세,경상