사고번호,사고일시,요일,시군구,사고내용,사망자수,중상자수,경상자수,부상신고자수,사고유형,법규위반,노면상태,기상상태,도로형태,가해운전자 차종,가해운전자 성별,가해운전자 연령,가해운전자 상해정도,피해운전자 차종,피해운전자 성별,피해운전자 연령,피해운전자 상해정도
2014040900100402,2014년 4월 9일 17시,수요일,충청북도 음성군 삼성면,사망사고,1,0,0,0,차량단독 - 공작물충돌,안전운전불이행,건조,맑음,단일로 - 기타,승용,여,39세,상해없음,,,,
2014040900100440,2014년 4월 9일 18시,수요일,충청북도 청주시 흥덕구 운천동,경상사고,0,0,2,0,차대차 - 측면직각충돌,안전운전불이행,건조,맑음,교차로 - 교차로안,승용,남,67세,상해없음,승용,남,31세,경상
2014040900100483,2014년 4월 9일 19시,수요일,충청북도 청주시 흥덕구 강내면,경상사고,0,0,1,0,차대차 - 정면충돌,안전운전불이행,건조,흐림,단일로 - 횡단보도부근,승용,남,41세,상해없음,승용,여,41세,경상
2014040900100555,2014년 4월 9일 21시,수요일,충청북도 청주시 청원구 오창읍,경상사고,0,0,2,0,차대차 - 정면충돌,신호위반,건조,맑음,교차로 - 교차로부근,승용,남,31세,상해없음,승용,남,45세,경상
2014040900100556,2014년 4월 9일 21시,수요일,충청북도 영동군 영동읍,경상사고,0,0,1,0,차량단독 - 기타,안전운전불이행,건조,맑음,단일로 - 기타,원동기,남,21세,경상,,,,
2014040900100557,2014년 4월 9일 21시,수요일,충청북도 청주시 상당구 용암동,부상신고사고,0,0,0,1,차대차 - 측면직각충돌,안전운전불이행,건조,맑음,교차로 - 교차로부근,승용,남,36세,상해없음,승합,남,57세,부상신고
2014040900100585,2014년 4월 9일 22시,수요일,충청북도 청주시 서원구 수곡동,중상사고,0,1,0,0,차대차 - 추돌 - 진행중,안전운전불이행,건조,맑음,교차로 - 교차로부근,화물,남,48세,상해없음,승용,여,36세,중상
2014041000100026,2014년 4월 10일 01시,목요일,충청북도 증평군 증평읍,중상사고,0,1,0,0,차대차 - 추돌 - 진행중,안전운전불이행,건조,맑음,교차로 - 교차로안,화물,남,41세,상해없음,승용,남,33세,중상
2014041000100083,2014년 4월 10일 07시,목요일,충청북도 청주시 흥덕구 가경동,중상사고,0,1,0,1,차대차 - 측면직각충돌,안전운전불이행,건조,맑음,교차로 - 교차로안,승용,남,84세,상해없음,승용,남,56세,중상
2014041000100084,2014년 4월 10일 07시,목요일,충청북도 청주시 흥덕구 강서동,경상사고,0,0,1,0,차대차 - 측면직각충돌,신호위반,건조,맑음,교차로 - 교차로안,승용,남,38세,상해없음,승용,남,42세,경상
2014041000100118,2014년 4월 10일 08시,목요일,충청북도 청주시 청원구 사천동,경상사고,0,0,1,0,차대차 - 기타,안전운전불이행,건조,맑음,교차로 - 교차로부근,승용,남,18세,상해없음,승합,남,35세,상해없음
2014041000100119,2014년 4월 10일 08시,목요일,충청북도 충주시 대소원면,중상사고,0,1,1,1,차대차 - 추돌 - 진행중,안전운전불이행,건조,맑음,단일로 - 기타,화물,남,55세,부상신고,승용,남,30세,중상
2014041000100183,2014년 4월 10일 10시,목요일,충청북도 청주시 청원구 오창읍,중상사고,0,1,0,0,차대차 - 측면직각충돌,교차로운행방법위반,건조,맑음,교차로 - 교차로안,원동기,남,76세,중상,승용,여,48세,상해없음
2014041000100184,2014년 4월 10일 10시,목요일,충청북도 제천시 신백동,경상사고,0,0,1,0,차대차 - 기타,직진우회전진행방해,건조,맑음,교차로 - 교차로안,승용,여,29세,상해없음,승용,남,52세,경상
2014041000100280,2014년 4월 10일 14시,목요일,충청북도 옥천군 안내면,중상사고,0,1,0,0,차대사람 - 기타,안전운전불이행,건조,맑음,단일로 - 기타,승용,남,50세,상해없음,보행자,여,80세,중상
2014041000100281,2014년 4월 10일 14시,목요일,충청북도 청주시 흥덕구 송정동,경상사고,0,0,1,0,차대차 - 측면직각충돌,안전운전불이행,건조,맑음,단일로 - 기타,승용,남,24세,상해없음,이륜,남,28세,경상
2014041000100282,2014년 4월 10일 14시,목요일,충청북도 청주시 흥덕구 복대동,경상사고,0,0,1,0,차대차 - 측면직각충돌,안전운전불이행,건조,맑음,단일로 - 기타,승용,여,41세,상해없음,자전거,남,7세,경상
2014041000100308,2014년 4월 10일 15시,목요일,충청북도 충주시 교현동,경상사고,0,0,4,0,차대차 - 추돌 - 주정차중,안전거리미확보,건조,맑음,단일로 - 기타,승용,남,70세,상해없음,승용,여,40세,경상
2014041000100369,2014년 4월 10일 17시,목요일,충청북도 충주시 금가면,중상사고,0,1,0,0,차대차 - 추돌 - 주정차중,안전거리미확보,건조,맑음,단일로 - 교량,승용,남,52세,상해없음,승합,남,61세,중상
2014041000100432,2014년 4월 10일 19시,목요일,충청북도 제천시 강제동,경상사고,0,0,2,0,차대차 - 기타,안전거리미확보,건조,맑음,단일로 - 기타,승용,남,62세,상해없음,승용,여,29세,경상
2014041000100433,2014년 4월 10일 19시,목요일,충청북도 옥천군 옥천읍,사망사고,1,1,0,0,차대차 - 측면직각충돌,안전운전불이행,건조,맑음,교차로 - 교차로안,화물,남,59세,상해없음,화물,남,59세,사망
2014041000100470,2014년 4월 10일 20시,목요일,충청북도 진천군 진천읍,중상사고,0,1,0,0,차대차 - 측면직각충돌,교차로운행방법위반,건조,맑음,교차로 - 교차로안,승용,여,53세,상해없음,원동기,남,17세,중상
2014041000100471,2014년 4월 10일 20시,목요일,충청북도 청주시 흥덕구 운천동,경상사고,0,0,1,0,차대차 - 측면직각충돌,안전운전불이행,건조,맑음,단일로 - 기타,승용,여,41세,상해없음,이륜,남,32세,경상
2014041000100472,2014년 4월 10일 20시,목요일,충청북도 청주시 흥덕구 가경동,경상사고,0,0,1,0,차대차 - 측면직각충돌,안전운전불이행,건조,맑음,단일로 - 기타,승용,여,28세,상해없음,이륜,남,18세,경상
2014041000100473,2014년 4월 10일 20시,목요일,충청북도 청주시 흥덕구 복대동,경상사고,0,0,2,0,차대차 - 추돌 - 진행중,안전운전불이행,건조,맑음,교차로 - 교차로부근,승용,남,30세,상해없음,승용,남,53세,경상
2014041000100514,2014년 4월 10일 21시,목요일,충청북도 청주시 상당구 금천동,경상사고,0,0,3,0,차대차 - 기타,교차로운행방법위반,건조,맑음,교차로 - 교차로부근,승용,여,57세,상해없음,승용,남,45세,경상
2014041000100540,2014년 4월 10일 22시,목요일,충청북도 청주시 상당구 금천동,경상사고,0,0,2,0,차대차 - 기타,안전운전불이행,건조,맑음,교차로 - 교차로부근,승용,남,54세,상해없음,승용,남,52세,상해없음
2014041000100541,2014년 4월 10일 22시,목요일,충청북도 청주시 청원구 오창읍,경상사고,0,0,1,0,차량단독 - 도로외이탈 - 추락,안전운전불이행,건조,맑음,단일로 - 기타,승용,남,45세,상해없음,,,,
2014041100100028,2014년 4월 11일 02시,금요일,충청북도 청주시 흥덕구 비하동,경상사고,0,0,2,0,차대차 - 측면직각충돌,중앙선침범,건조,맑음,단일로 - 기타,승용,남,52세,기타불명,승용,남,55세,경상
2014041100100057,2014년 4월 11일 05시,금요일,충청북도 충주시 대소원면,사망사고,3,0,2,1,차대차 - 기타,안전운전불이행,건조,맑음,단일로 - 기타,화물,남,44세,사망,건설기계,남,39세,상해없음
2014041100100086,2014년 4월 11일 07시,금요일,충청북도 옥천군 옥천읍,부상신고사고,0,0,0,1,차대차 - 측면직각충돌,안전운전불이행,건조,맑음,교차로 - 교차로안,이륜,남,75세,상해없음,화물,남,54세,상해없음
2014041100100109,2014년 4월 11일 08시,금요일,충청북도 충주시 교현동,경상사고,0,0,1,1,차대차 - 추돌 - 진행중,교차로운행방법위반,건조,맑음,교차로 - 교차로안,승용,여,43세,부상신고,승용,남,36세,경상
2014041100100110,2014년 4월 11일 08시,금요일,충청북도 청주시 서원구 분평동,중상사고,0,1,0,0,차대사람 - 기타,안전운전불이행,건조,맑음,단일로 - 횡단보도상,승용,여,39세,상해없음,보행자,남,9세,중상
2014041100100185,2014년 4월 11일 11시,금요일,충청북도 제천시 교동,경상사고,0,0,1,0,차대차 - 추돌 - 진행중,안전운전불이행,건조,맑음,기타 - 기타,화물,남,38세,상해없음,승용,남,69세,경상
2014041100100186,2014년 4월 11일 11시,금요일,충청북도 청주시 서원구 사직동,경상사고,0,0,1,1,차대차 - 측면직각충돌,신호위반,건조,맑음,교차로 - 교차로안,승용,여,48세,부상신고,승용,남,65세,경상
2014041100100187,2014년 4월 11일 11시,금요일,충청북도 충주시 대소원면,사망사고,1,0,0,0,차량단독 - 전도전복,안전운전불이행,건조,맑음,단일로 - 기타,특수,남,58세,사망,,,,
2014041100100218,2014년 4월 11일 12시,금요일,충청북도 괴산군 괴산읍,경상사고,0,0,1,0,차대차 - 기타,안전운전불이행,건조,맑음,단일로 - 기타,자전거,여,73세,경상,화물,남,44세,상해없음
2014041100100219,2014년 4월 11일 12시,금요일,충청북도 보은군 보은읍,중상사고,0,1,0,0,차대차 - 측면직각충돌,교차로운행방법위반,건조,맑음,교차로 - 교차로안,승용,여,74세,상해없음,원동기,남,57세,중상
2014041100100220,2014년 4월 11일 12시,금요일,충청북도 청주시 상당구 용암동,중상사고,0,1,0,0,차대차 - 기타,안전운전불이행,건조,맑음,교차로 - 교차로부근,승용,남,72세,상해없음,승용,남,29세,중상
2014041100100250,2014년 4월 11일 13시,금요일,충청북도 영동군 영동읍,중상사고,0,2,0,0,차대차 - 기타,안전운전불이행,건조,맑음,단일로 - 기타,승용,여,45세,상해없음,원동기,남,23세,중상
2014041100100281,2014년 4월 11일 14시,금요일,충청북도 청주시 상당구 석교동,중상사고,0,1,0,0,차량단독 - 기타,안전운전불이행,건조,맑음,단일로 - 기타,승합,남,37세,상해없음,,,,
2014041100100320,2014년 4월 11일 15시,금요일,충청북도 옥천군 이원면,경상사고,0,0,1,0,차대차 - 추돌 - 진행중,안전운전불이행,건조,맑음,교차로 - 교차로안,승용,여,53세,상해없음,승용,여,39세,경상
2014041100100321,2014년 4월 11일 15시,금요일,충청북도 청주시 서원구 미평동,경상사고,0,0,3,0,차대차 - 기타,안전운전불이행,건조,맑음,교차로 - 교차로안,승합,남,42세,경상,승용,여,33세,경상
2014041100100347,2014년 4월 11일 16시,금요일,충청북도 청주시 상당구 석교동,경상사고,0,0,1,0,차대차 - 측면직각충돌,교차로운행방법위반,건조,맑음,교차로 - 교차로부근,승용,여,51세,상해없음,승용,남,45세,상해없음
2014041100100348,2014년 4월 11일 16시,금요일,충청북도 청주시 상당구 대성동,경상사고,0,0,3,0,차대차 - 측면직각충돌,안전운전불이행,건조,맑음,교차로 - 교차로안,승용,여,39세,경상,승용,남,29세,경상
2014041100100349,2014년 4월 11일 16시,금요일,충청북도 청주시 흥덕구 가경동,경상사고,0,0,1,0,차대차 - 측면직각충돌,교차로운행방법위반,건조,맑음,교차로 - 교차로안,승용,남,58세,상해없음,화물,남,54세,상해없음
2014041100100351,2014년 4월 11일 16시,금요일,충청북도 청주시 서원구 사직동,경상사고,0,0,1,0,차대차 - 측면직각충돌,안전운전불이행,건조,맑음,단일로 - 기타,승용,남,52세,상해없음,승용,여,34세,경상
2014041100100388,2014년 4월 11일 17시,금요일,충청북도 충주시 호암동,경상사고,0,0,2,0,차대차 - 추돌 - 진행중,안전운전불이행,건조,맑음,단일로 - 기타,승용,여,36세,상해없음,승용,여,39세,경상
2014041100100389,2014년 4월 11일 17시,금요일,충청북도 청주시 상당구 월오동,경상사고,0,0,3,1,차대차 - 기타,안전운전불이행,건조,맑음,단일로 - 기타,승용,여,56세,부상신고,승용,남,35세,경상
2014041100100420,2014년 4월 11일 18시,금요일,충청북도 청주시 상당구 금천동,경상사고,0,0,1,0,차대사람 - 횡단중,보행자보호의무위반,건조,맑음,단일로 - 횡단보도상,승용,기타불명,기타불명,기타불명,보행자,남,12세,경상
2014041100100421,2014년 4월 11일 18시,금요일,충청북도 괴산군 괴산읍,부상신고사고,0,0,0,1,차대차 - 측면직각충돌,교차로운행방법위반,건조,맑음,교차로 - 교차로안,승용,남,74세,부상신고,화물,남,42세,상해없음
2014041100100422,2014년 4월 11일 18시,금요일,충청북도 음성군 금왕읍,중상사고,0,1,0,0,차대차 - 기타,안전운전불이행,건조,맑음,단일로 - 교량,자전거,남,81세,중상,승용,남,27세,상해없음
2014041100100518,2014년 4월 11일 20시,금요일,충청북도 음성군 생극면,중상사고,0,1,0,0,차량단독 - 공작물충돌,안전운전불이행,건조,맑음,단일로 - 기타,승용,남,51세,중상,,,,
2014041100100558,2014년 4월 11일 21시,금요일,충청북도 제천시 화산동,경상사고,0,0,3,0,차대차 - 추돌 - 진행중,안전운전불이행,건조,맑음,단일로 - 기타,승용,남,29세,상해없음,승용,여,33세,경상
2014041100100559,2014년 4월 11일 21시,금요일,충청북도 옥천군 옥천읍,중상사고,0,1,0,0,차대차 - 측면직각충돌,교차로운행방법위반,건조,맑음,교차로 - 교차로부근,승용,남,31세,상해없음,자전거,남,69세,중상
2014041100100596,2014년 4월 11일 22시,금요일,충청북도 청주시 서원구 수곡동,중상사고,0,1,0,0,차대차 - 기타,안전운전불이행,건조,맑음,단일로 - 기타,승용,남,51세,상해없음,승용,여,29세,중상
2014041100100636,2014년 4월 11일 23시,금요일,충청북도 청주시 청원구 우암동,경상사고,0,0,1,0,차대차 - 추돌 - 진행중,안전거리미확보,건조,맑음,교차로 - 교차로부근,승용,남,19세,상해없음,승용,남,25세,경상
2014041100100637,2014년 4월 11일 23시,금요일,충청북도 음성군 감곡면,중상사고,0,1,2,0,차대차 - 기타,안전운전불이행,건조,맑음,단일로 - 기타,승용,남,25세,경상,화물,남,62세,경상
2014041200100019,2014년 4월 12일 00시,토요일,충청북도 청주시 상당구 금천동,경상사고,0,0,2,0,차대차 - 추돌 - 진행중,안전운전불이행,건조,맑음,교차로 - 교차로부근,화물,남,48세,상해없음,승용,남,40세,경상
2014041200100044,2014년 4월 12일 01시,토요일,충청북도 청주시 흥덕구 복대동,경상사고,0,0,1,1,차대차 - 측면직각충돌,안전운전불이행,건조,맑음,교차로 - 교차로안,이륜,남,22세,부상신고,승용,남,31세,경상
2014041200100065,2014년 4월 12일 02시,토요일,충청북도 제천시 명동,중상사고,0,1,0,0,차대사람 - 기타,안전운전불이행,건조,맑음,단일로 - 기타,승용,여,42세,상해없음,보행자,남,32세,중상
2014041200100066,2014년 4월 12일 02시,토요일,충청북도 청주시 흥덕구 복대동,중상사고,0,1,4,0,차대차 - 측면직각충돌,신호위반,건조,맑음,교차로 - 교차로안,승용,남,19세,상해없음,승용,남,35세,중상
2014041200100067,2014년 4월 12일 02시,토요일,충청북도 청주시 흥덕구 봉명동,경상사고,0,0,2,0,차대차 - 측면직각충돌,신호위반,건조,맑음,교차로 - 교차로안,승용,남,39세,상해없음,승용,남,21세,경상
2014041200100098,2014년 4월 12일 04시,토요일,충청북도 청주시 흥덕구 운천동,경상사고,0,0,4,0,차대차 - 측면직각충돌,신호위반,건조,맑음,교차로 - 교차로안,승용,남,55세,상해없음,승용,남,25세,경상
2014041200100110,2014년 4월 12일 05시,토요일,충청북도 청주시 흥덕구 봉명동,경상사고,0,0,1,0,차대차 - 측면직각충돌,안전운전불이행,건조,맑음,교차로 - 교차로부근,승용,남,33세,상해없음,승용,남,27세,경상
2014041200100123,2014년 4월 12일 06시,토요일,충청북도 청주시 상당구 용암동,경상사고,0,0,1,0,차대차 - 정면충돌,중앙선침범,건조,맑음,단일로 - 기타,승용,남,24세,상해없음,승합,남,41세,경상
2014041200100146,2014년 4월 12일 08시,토요일,충청북도 제천시 하소동,중상사고,0,1,0,0,차대사람 - 기타,안전운전불이행,건조,맑음,교차로 - 교차로부근,승용,여,33세,상해없음,보행자,여,74세,중상
2014041200100234,2014년 4월 12일 11시,토요일,충청북도 청주시 청원구 율량동,경상사고,0,0,1,0,차대차 - 측면직각충돌,교차로운행방법위반,건조,맑음,교차로 - 교차로안,건설기계,남,39세,상해없음,화물,남,61세,경상
2014041200100235,2014년 4월 12일 11시,토요일,충청북도 음성군 금왕읍,경상사고,0,0,1,0,차대차 - 기타,기타,건조,맑음,단일로 - 기타,승용,남,46세,상해없음,승용,여,40세,경상
2014041200100236,2014년 4월 12일 11시,토요일,충청북도 충주시 앙성면,중상사고,0,3,6,0,차대차 - 추돌 - 주정차중,안전운전불이행,건조,맑음,단일로 - 터널,승용,남,76세,중상,승용,남,53세,중상
2014041200100296,2014년 4월 12일 13시,토요일,충청북도 청주시 청원구 사천동,중상사고,0,2,0,0,차대차 - 추돌 - 주정차중,안전거리미확보,건조,맑음,교차로 - 교차로부근,승용,남,29세,중상,승합,남,48세,상해없음
2014041200100326,2014년 4월 12일 14시,토요일,충청북도 음성군 맹동면,경상사고,0,0,1,0,차대차 - 기타,안전운전불이행,건조,맑음,단일로 - 기타,승용,남,55세,상해없음,농기계,남,73세,경상
2014041200100327,2014년 4월 12일 14시,토요일,충청북도 청주시 흥덕구 비하동,경상사고,0,0,1,0,차대차 - 측면직각충돌,교차로운행방법위반,건조,맑음,교차로 - 교차로안,승용,남,52세,상해없음,승용,남,44세,경상
2014041200100397,2014년 4월 12일 16시,토요일,충청북도 청주시 상당구 용담동,경상사고,0,0,1,0,차대차 - 측면직각충돌,안전운전불이행,건조,맑음,교차로 - 교차로부근,승용,남,41세,상해없음,승용,남,59세,경상
2014041200100422,2014년 4월 12일 17시,토요일,충청북도 충주시 중앙탑면,경상사고,0,0,1,0,차대차 - 기타,안전운전불이행,건조,흐림,단일로 - 기타,승용,남,50세,상해없음,승용,남,36세,상해없음
2014041200100423,2014년 4월 12일 17시,토요일,충청북도 충주시 교현동,중상사고,0,1,0,0,차량단독 - 기타,안전운전불이행,건조,맑음,단일로 - 기타,자전거,남,52세,중상,,,,
2014041200100424,2014년 4월 12일 17시,토요일,충청북도 보은군 장안면,경상사고,0,0,1,0,차대차 - 측면직각충돌,교차로운행방법위반,건조,맑음,단일로 - 기타,승용,남,42세,상해없음,승용,남,57세,경상
2014041200100494,2014년 4월 12일 19시,토요일,충청북도 청주시 상당구 대성동,경상사고,0,0,1,0,차량단독 - 기타,안전운전불이행,건조,맑음,단일로 - 기타,승합,남,58세,상해없음,,,,
2014041200100521,2014년 4월 12일 20시,토요일,충청북도 진천군 진천읍,경상사고,0,0,2,0,차대차 - 추돌 - 진행중,신호위반,건조,흐림,교차로 - 교차로안,승용,남,31세,상해없음,화물,남,28세,경상
2014041200100551,2014년 4월 12일 21시,토요일,충청북도 충주시 안림동,중상사고,0,1,0,0,차대사람 - 기타,안전운전불이행,건조,맑음,단일로 - 기타,승용,남,55세,상해없음,보행자,여,75세,중상
2014041200100552,2014년 4월 12일 21시,토요일,충청북도 청주시 흥덕구 휴암동,경상사고,0,0,1,0,차대차 - 추돌 - 진행중,안전운전불이행,건조,맑음,단일로 - 기타,승용,남,55세,상해없음,승용,남,30세,경상
2014041200100577,2014년 4월 12일 22시,토요일,충청북도 제천시 모산동,경상사고,0,0,1,0,차대차 - 측면직각충돌,안전운전불이행,건조,맑음,교차로 - 교차로부근,승용,남,48세,상해없음,승용,남,18세,경상
2014041200100607,2014년 4월 12일 23시,토요일,충청북도 청주시 흥덕구 복대동,경상사고,0,0,1,1,차대차 - 측면직각충돌,중앙선침범,건조,맑음,교차로 - 교차로부근,승용,남,48세,상해없음,승용,남,25세,경상
2014041300100011,2014년 4월 13일 00시,일요일,충청북도 진천군 진천읍,경상사고,0,0,1,0,차대차 - 측면직각충돌,교차로운행방법위반,건조,맑음,교차로 - 교차로안,승용,남,38세,상해없음,이륜,남,23세,경상
2014041300100026,2014년 4월 13일 01시,일요일,충청북도 진천군 덕산면,사망사고,1,0,0,0,차대사람 - 기타,안전운전불이행,건조,흐림,단일로 - 기타,승용,남,41세,상해없음,보행자,남,42세,사망
2014041300100057,2014년 4월 13일 03시,일요일,충청북도 청주시 상당구 미원면,중상사고,0,1,0,0,차량단독 - 공작물충돌,안전운전불이행,건조,맑음,단일로 - 기타,화물,남,41세,중상,,,,
2014041300100069,2014년 4월 13일 04시,일요일,충청북도 청주시 흥덕구 봉명동,중상사고,0,1,0,0,차대차 - 추돌 - 주정차중,안전운전불이행,건조,맑음,단일로 - 기타,승용,남,28세,상해없음,승용,남,28세,중상
2014041300100080,2014년 4월 13일 05시,일요일,충청북도 충주시 신니면,부상신고사고,0,0,0,1,차대차 - 기타,안전운전불이행,습기,비,단일로 - 기타,화물,남,28세,부상신고,승용,남,31세,상해없음
2014041300100081,2014년 4월 13일 05시,일요일,충청북도 충주시 노은면,중상사고,0,2,2,0,차대차 - 추돌 - 주정차중,안전운전불이행,습기,흐림,단일로 - 기타,화물,남,48세,상해없음,승합,남,46세,상해없음
2014041300100108,2014년 4월 13일 07시,일요일,충청북도 청주시 상당구 문의면,중상사고,0,1,0,0,차대사람 - 차도통행중,중앙선침범,건조,맑음,단일로 - 기타,승용,남,51세,상해없음,보행자,여,46세,중상
2014041300100149,2014년 4월 13일 09시,일요일,충청북도 청주시 서원구 수곡동,경상사고,0,0,1,0,차대차 - 기타,교차로운행방법위반,건조,맑음,교차로 - 교차로안,이륜,남,60세,경상,승용,남,53세,상해없음
2014041300100191,2014년 4월 13일 11시,일요일,충청북도 제천시 화산동,중상사고,0,1,0,0,차대사람 - 기타,안전운전불이행,건조,맑음,단일로 - 기타,승합,남,48세,상해없음,보행자,여,89세,중상
2014041300100240,2014년 4월 13일 13시,일요일,충청북도 충주시 칠금동,경상사고,0,0,1,0,차대사람 - 기타,안전운전불이행,건조,맑음,단일로 - 기타,기타불명,기타불명,기타불명,기타불명,보행자,남,30세,경상
2014041300100241,2014년 4월 13일 13시,일요일,충청북도 청주시 흥덕구 복대동,중상사고,0,1,0,0,차대사람 - 기타,안전운전불이행,건조,맑음,교차로 - 교차로안,승용,남,32세,상해없음,보행자,여,71세,중상
2014041300100276,2014년 4월 13일 14시,일요일,충청북도 충주시 살미면,경상사고,0,0,1,0,차대차 - 추돌 - 주정차중,안전거리미확보,건조,맑음,단일로 - 교량,화물,남,69세,상해없음,승용,여,39세,경상
2014041300100277,2014년 4월 13일 14시,일요일,충청북도 제천시 신백동,경상사고,0,0,1,0,차대사람 - 기타,안전운전불이행,건조,맑음,단일로 - 기타,승용,남,75세,상해없음,보행자,남,9세,경상
2014041300100278,2014년 4월 13일 14시,일요일,충청북도 청주시 흥덕구 가경동,중상사고,0,1,1,0,차대차 - 측면직각충돌,안전운전불이행,건조,맑음,단일로 - 기타,승용,남,36세,상해없음,승용,남,41세,중상
2014041300100318,2014년 4월 13일 15시,일요일,충청북도 청주시 서원구 모충동,중상사고,0,1,0,0,차대차 - 기타,교차로운행방법위반,건조,맑음,교차로 - 교차로안,승용,남,38세,상해없음,원동기,남,50세,중상
2014041300100368,2014년 4월 13일 16시,일요일,충청북도 단양군 대강면,중상사고,0,1,0,0,차대사람 - 기타,안전운전불이행,건조,맑음,기타 - 기타,승용,남,64세,상해없음,보행자,남,52세,중상
2014041300100397,2014년 4월 13일 17시,일요일,충청북도 영동군 학산면,중상사고,0,2,0,0,차량단독 - 도로외이탈 - 추락,안전운전불이행,건조,맑음,단일로 - 기타,승용,남,49세,중상,,,,
2014041300100425,2014년 4월 13일 18시,일요일,충청북도 충주시 금릉동,경상사고,0,0,1,0,차대차 - 측면직각충돌,교차로운행방법위반,건조,맑음,교차로 - 교차로안,승합,남,39세,상해없음,원동기,남,20세,경상
2014041300100426,2014년 4월 13일 18시,일요일,충청북도 단양군 대강면,경상사고,0,0,3,0,차대차 - 기타,신호위반,건조,맑음,교차로 - 교차로안,화물,남,46세,경상,승용,남,50세,경상
2014041300100427,2014년 4월 13일 18시,일요일,충청북도 청주시 서원구 모충동,경상사고,0,0,1,0,차대차 - 기타,안전거리미확보,건조,맑음,단일로 - 기타,승용,남,22세,상해없음,승용,남,48세,경상
2014041300100428,2014년 4월 13일 18시,일요일,충청북도 청주시 상당구 미원면,경상사고,0,0,1,0,차량단독 - 공작물충돌,안전운전불이행,건조,맑음,단일로 - 기타,화물,남,38세,경상,,,,
2014041300100460,2014년 4월 13일 19시,일요일,충청북도 제천시 하소동,중상사고,0,1,0,0,차대차 - 추돌 - 진행중,안전거리미확보,건조,맑음,교차로 - 교차로부근,승용,남,32세,상해없음,승용,남,45세,중상
2014041300100461,2014년 4월 13일 19시,일요일,충청북도 음성군 원남면,사망사고,1,0,0,0,차대사람 - 횡단중,안전운전불이행,건조,맑음,단일로 - 기타,승용,남,40세,상해없음,보행자,여,79세,사망
2014041300100489,2014년 4월 13일 20시,일요일,충청북도 청주시 상당구 금천동,중상사고,0,1,0,0,차대차 - 측면직각충돌,교차로운행방법위반,건조,맑음,교차로 - 교차로안,승용,여,32세,상해없음,승용,남,62세,중상
2014041300100490,2014년 4월 13일 20시,일요일,충청북도 충주시 교현동,중상사고,0,1,0,0,차대사람 - 횡단중,보행자보호의무위반,건조,맑음,단일로 - 기타,원동기,남,43세,상해없음,보행자,남,59세,중상
2014041300100512,2014년 4월 13일 21시,일요일,충청북도 제천시 하소동,중상사고,0,1,3,0,차대차 - 기타,안전운전불이행,건조,맑음,단일로 - 교량,승용,남,35세,상해없음,승용,남,44세,중상
2014041300100565,2014년 4월 13일 23시,일요일,충청북도 충주시 교현동,사망사고,1,0,0,0,차대차 - 추돌 - 주정차중,안전운전불이행,건조,맑음,단일로 - 기타,원동기,남,17세,상해없음,자전거,남,38세,사망
2014041400100003,2014년 4월 14일 00시,월요일,충청북도 청주시 청원구 오창읍,중상사고,0,1,0,0,차량단독 - 공작물충돌,안전운전불이행,건조,맑음,단일로 - 기타,승용,남,29세,중상,,,,
2014041400100004,2014년 4월 14일 00시,월요일,충청북도 청주시 흥덕구 가경동,중상사고,0,2,0,0,차대차 - 추돌 - 주정차중,신호위반,건조,맑음,교차로 - 교차로안,이륜,남,25세,중상,승용,남,43세,상해없음
2014041400100014,2014년 4월 14일 01시,월요일,충청북도 청주시 상당구 용암동,중상사고,0,2,0,1,차대차 - 정면충돌,신호위반,건조,맑음,교차로 - 교차로안,승용,남,24세,부상신고,승용,남,43세,중상
2014041400100049,2014년 4월 14일 05시,월요일,충청북도 청주시 청원구 오창읍,중상사고,0,1,1,0,차대차 - 측면직각충돌,신호위반,건조,맑음,교차로 - 교차로부근,화물,남,33세,경상,화물,남,56세,중상
2014041400100082,2014년 4월 14일 07시,월요일,충청북도 제천시 왕암동,중상사고,0,1,16,0,차대차 - 측면직각충돌,교차로운행방법위반,건조,맑음,교차로 - 교차로안,승합,남,52세,중상,승합,남,58세,경상
2014041400100121,2014년 4월 14일 08시,월요일,충청북도 충주시 대소원면,경상사고,0,0,1,1,차대차 - 추돌 - 진행중,직진우회전진행방해,건조,맑음,교차로 - 교차로안,화물,남,29세,부상신고,승용,남,28세,경상
2014041400100152,2014년 4월 14일 09시,월요일,충청북도 청주시 흥덕구 비하동,경상사고,0,0,1,0,차대차 - 기타,안전거리미확보,건조,맑음,단일로 - 기타,승용,남,59세,상해없음,승용,남,60세,상해없음
2014041400100217,2014년 4월 14일 11시,월요일,충청북도 충주시 대소원면,중상사고,0,1,0,0,차대차 - 측면직각충돌,안전운전불이행,건조,맑음,교차로 - 교차로안,승용,남,32세,상해없음,이륜,남,88세,중상
2014041400100218,2014년 4월 14일 11시,월요일,충청북도 진천군 진천읍,경상사고,0,0,1,0,차대차 - 추돌 - 주정차중,안전운전불이행,건조,맑음,교차로 - 교차로부근,승용,남,57세,기타불명,승용,남,35세,경상
2014041400100219,2014년 4월 14일 11시,월요일,충청북도 청주시 상당구 방서동,경상사고,0,0,1,0,차대차 - 측면직각충돌,안전운전불이행,건조,맑음,교차로 - 교차로부근,기타불명,기타불명,기타불명,기타불명,자전거,남,60세,경상
2014041400100220,2014년 4월 14일 11시,월요일,충청북도 청주시 상당구 용암동,중상사고,0,1,0,0,차대사람 - 기타,안전운전불이행,건조,맑음,교차로 - 교차로부근,승용,남,35세,상해없음,보행자,여,6세,중상