사고번호,사고일시,요일,시군구,사고내용,사망자수,중상자수,경상자수,부상신고자수,사고유형,법규위반,노면상태,기상상태,도로형태,가해운전자 차종,가해운전자 성별,가해운전자 연령,가해운전자 상해정도,피해운전자 차종,피해운전자 성별,피해운전자 연령,피해운전자 상해정도
2014041400100257,2014년 4월 14일 12시,월요일,충청북도 옥천군 옥천읍,경상사고,0,0,1,0,차대차 - 측면직각충돌,안전운전불이행,건조,맑음,교차로 - 교차로부근,자전거,남,34세,경상,화물,남,48세,상해없음
2014041400100283,2014년 4월 14일 13시,월요일,충청북도 청주시 상당구 서문동,경상사고,0,0,1,0,차대사람 - 길가장자리구역통행중,안전운전불이행,건조,맑음,교차로 - 교차로부근,화물,남,49세,상해없음,보행자,남,39세,경상
2014041400100284,2014년 4월 14일 13시,월요일,충청북도 청주시 청원구 오창읍,경상사고,0,0,1,0,차대차 - 기타,신호위반,건조,맑음,교차로 - 교차로안,화물,남,62세,상해없음,승용,남,36세,경상
2014041400100285,2014년 4월 14일 13시,월요일,충청북도 제천시 의림동,경상사고,0,0,1,0,차대차 - 기타,안전운전불이행,건조,맑음,단일로 - 기타,승용,남,40세,상해없음,원동기,남,71세,경상
2014041400100286,2014년 4월 14일 13시,월요일,충청북도 보은군 속리산면,경상사고,0,0,1,0,차대사람 - 보도통행중,안전운전불이행,건조,맑음,단일로 - 기타,승용,남,61세,상해없음,보행자,남,71세,경상
2014041400100287,2014년 4월 14일 13시,월요일,충청북도 단양군 단양읍,중상사고,0,1,0,0,차대사람 - 기타,기타,건조,맑음,단일로 - 기타,승합,남,54세,상해없음,보행자,여,67세,중상
2014041400100288,2014년 4월 14일 13시,월요일,충청북도 청주시 상당구 산성동,경상사고,0,0,1,0,차대차 - 기타,안전운전불이행,건조,맑음,단일로 - 기타,승용,남,46세,상해없음,승용,남,49세,경상
2014041400100289,2014년 4월 14일 13시,월요일,충청북도 청주시 청원구 오창읍,경상사고,0,0,1,0,차대차 - 추돌 - 진행중,안전운전불이행,건조,맑음,단일로 - 기타,화물,남,38세,상해없음,승용,여,42세,경상
2014041400100316,2014년 4월 14일 14시,월요일,충청북도 충주시 봉방동,경상사고,0,0,1,0,차대사람 - 길가장자리구역통행중,안전운전불이행,건조,맑음,단일로 - 기타,승용,남,59세,상해없음,보행자,여,58세,경상
2014041400100317,2014년 4월 14일 14시,월요일,충청북도 청주시 서원구 산남동,경상사고,0,0,2,0,차대차 - 기타,안전거리미확보,건조,맑음,교차로 - 교차로부근,승합,남,51세,경상,화물,남,39세,경상
2014041400100429,2014년 4월 14일 17시,월요일,충청북도 충주시 연수동,경상사고,0,0,1,0,차대차 - 기타,안전운전불이행,건조,맑음,교차로 - 교차로안,승용,남,56세,상해없음,자전거,남,15세,경상
2014041400100471,2014년 4월 14일 18시,월요일,충청북도 제천시 강제동,부상신고사고,0,0,0,1,차대차 - 기타,안전운전불이행,건조,맑음,단일로 - 기타,승용,여,46세,부상신고,승용,남,37세,상해없음
2014041400100472,2014년 4월 14일 18시,월요일,충청북도 청주시 서원구 사창동,경상사고,0,0,1,0,차대차 - 측면직각충돌,안전운전불이행,건조,맑음,단일로 - 기타,승용,남,22세,상해없음,자전거,남,38세,경상
2014041400100603,2014년 4월 14일 22시,월요일,충청북도 청주시 서원구 산남동,경상사고,0,0,1,0,차대차 - 기타,안전운전불이행,건조,맑음,단일로 - 기타,승용,남,26세,상해없음,승합,남,34세,경상
2014041500100030,2014년 4월 15일 01시,화요일,충청북도 충주시 충의동,중상사고,0,1,0,0,차대사람 - 길가장자리구역통행중,안전운전불이행,건조,맑음,기타 - 기타,승용,여,24세,상해없음,보행자,남,63세,중상
2014041500100042,2014년 4월 15일 03시,화요일,충청북도 진천군 덕산면,중상사고,0,1,0,0,차량단독 - 전도전복,안전운전불이행,건조,맑음,단일로 - 기타,원동기,남,16세,중상,,,,
2014041500100091,2014년 4월 15일 07시,화요일,충청북도 제천시 화산동,경상사고,0,0,1,0,차대차 - 기타,신호위반,건조,맑음,교차로 - 교차로안,화물,남,58세,상해없음,승용,남,45세,경상
2014041500100148,2014년 4월 15일 08시,화요일,충청북도 충주시 교현동,부상신고사고,0,0,0,1,차대사람 - 횡단중,안전운전불이행,건조,맑음,단일로 - 횡단보도상,기타불명,기타불명,기타불명,기타불명,보행자,남,7세,부상신고
2014041500100149,2014년 4월 15일 08시,화요일,충청북도 음성군 금왕읍,경상사고,0,0,1,0,차대차 - 기타,중앙선침범,건조,맑음,단일로 - 기타,승용,여,43세,상해없음,화물,남,61세,경상
2014041500100150,2014년 4월 15일 08시,화요일,충청북도 청주시 흥덕구 가경동,경상사고,0,0,1,0,차대차 - 측면직각충돌,안전운전불이행,건조,맑음,교차로 - 교차로안,기타불명,기타불명,기타불명,기타불명,자전거,남,17세,경상
2014041500100151,2014년 4월 15일 08시,화요일,충청북도 청주시 흥덕구 복대동,경상사고,0,0,1,0,차대차 - 추돌 - 진행중,안전운전불이행,건조,맑음,교차로 - 교차로부근,승용,남,46세,기타불명,자전거,남,38세,경상
2014041500100153,2014년 4월 15일 08시,화요일,충청북도 청주시 흥덕구 옥산면,중상사고,0,1,1,0,차대차 - 측면직각충돌,안전운전불이행,건조,맑음,단일로 - 기타,승용,남,19세,상해없음,화물,남,57세,경상
2014041500100186,2014년 4월 15일 09시,화요일,충청북도 충주시 충인동,중상사고,0,1,0,0,차대사람 - 기타,안전운전불이행,건조,맑음,단일로 - 기타,승용,남,74세,상해없음,보행자,여,50세,중상
2014041500100187,2014년 4월 15일 09시,화요일,충청북도 괴산군 불정면,경상사고,0,0,1,0,차대차 - 추돌 - 진행중,불법유턴,건조,맑음,교차로 - 교차로안,화물,남,63세,상해없음,농기계,남,72세,경상
2014041500100211,2014년 4월 15일 10시,화요일,충청북도 제천시 교동,중상사고,0,1,0,0,차대차 - 기타,안전운전불이행,건조,맑음,단일로 - 기타,승용,여,51세,중상,화물,남,33세,상해없음
2014041500100212,2014년 4월 15일 10시,화요일,충청북도 음성군 금왕읍,경상사고,0,0,1,0,차대차 - 기타,안전운전불이행,건조,맑음,교차로 - 교차로안,승용,여,20세,상해없음,자전거,남,33세,경상
2014041500100213,2014년 4월 15일 10시,화요일,충청북도 청주시 흥덕구 신봉동,경상사고,0,0,1,0,차대차 - 측면직각충돌,안전운전불이행,건조,맑음,교차로 - 교차로안,건설기계,남,51세,상해없음,승용,남,50세,경상
2014041500100214,2014년 4월 15일 10시,화요일,충청북도 청주시 서원구 모충동,경상사고,0,0,1,0,차대차 - 기타,안전운전불이행,건조,맑음,단일로 - 횡단보도상,승용,남,46세,상해없음,자전거,남,85세,경상
2014041500100288,2014년 4월 15일 13시,화요일,충청북도 충주시 노은면,경상사고,0,0,1,0,차대차 - 정면충돌,중앙선침범,건조,맑음,단일로 - 기타,농기계,남,43세,상해없음,화물,남,61세,경상
2014041500100289,2014년 4월 15일 13시,화요일,충청북도 청주시 서원구 사창동,중상사고,0,1,0,0,차대차 - 측면직각충돌,교차로운행방법위반,건조,맑음,교차로 - 교차로안,승용,남,51세,상해없음,자전거,여,21세,중상
2014041500100439,2014년 4월 15일 18시,화요일,충청북도 충주시 목행동,경상사고,0,0,2,0,차대차 - 추돌 - 진행중,안전거리미확보,건조,맑음,단일로 - 기타,건설기계,남,42세,상해없음,승용,남,31세,경상
2014041500100440,2014년 4월 15일 18시,화요일,충청북도 청주시 흥덕구 복대동,중상사고,0,1,0,0,차대차 - 측면직각충돌,신호위반,건조,맑음,단일로 - 기타,승용,여,35세,상해없음,이륜,남,68세,중상
2014041500100499,2014년 4월 15일 20시,화요일,충청북도 청주시 청원구 우암동,경상사고,0,0,2,0,차대차 - 추돌 - 주정차중,안전운전불이행,건조,맑음,교차로 - 교차로안,승용,남,57세,상해없음,승용,여,52세,경상
2014041500100533,2014년 4월 15일 21시,화요일,충청북도 음성군 금왕읍,중상사고,0,2,0,0,차대차 - 기타,안전운전불이행,건조,맑음,교차로 - 교차로부근,승용,남,69세,상해없음,원동기,여,72세,중상
2014041500100589,2014년 4월 15일 23시,화요일,충청북도 음성군 금왕읍,중상사고,0,1,0,0,차대차 - 기타,차로위반,건조,맑음,단일로 - 기타,승용,남,56세,상해없음,원동기,남,17세,중상
2014041600100037,2014년 4월 16일 03시,수요일,충청북도 제천시 금성면,중상사고,0,1,0,0,차대차 - 기타,안전운전불이행,건조,맑음,단일로 - 기타,승용,남,24세,상해없음,화물,남,52세,중상
2014041600100070,2014년 4월 16일 06시,수요일,충청북도 옥천군 옥천읍,경상사고,0,0,1,0,차대차 - 측면직각충돌,교차로운행방법위반,건조,맑음,교차로 - 교차로안,이륜,여,57세,경상,화물,남,62세,상해없음
2014041600100117,2014년 4월 16일 08시,수요일,충청북도 충주시 연수동,경상사고,0,0,3,0,차대차 - 추돌 - 진행중,신호위반,건조,흐림,교차로 - 교차로안,승용,남,57세,상해없음,승용,여,40세,경상
2014041600100118,2014년 4월 16일 08시,수요일,충청북도 진천군 광혜원면,중상사고,0,1,0,0,차대차 - 측면직각충돌,교차로운행방법위반,건조,맑음,교차로 - 교차로안,승합,남,69세,상해없음,승용,남,31세,중상
2014041600100119,2014년 4월 16일 08시,수요일,충청북도 청주시 흥덕구 강내면,중상사고,0,1,0,0,차량단독 - 도로외이탈 - 추락,안전운전불이행,건조,맑음,단일로 - 기타,승용,남,31세,중상,,,,
2014041600100149,2014년 4월 16일 09시,수요일,충청북도 청주시 청원구 율량동,경상사고,0,0,1,0,차대차 - 기타,안전운전불이행,건조,맑음,단일로 - 기타,기타불명,기타불명,기타불명,기타불명,승용,여,41세,경상
2014041600100150,2014년 4월 16일 09시,수요일,충청북도 청주시 상당구 탑동,경상사고,0,0,1,0,차대차 - 추돌 - 진행중,안전운전불이행,건조,맑음,교차로 - 교차로안,승용,여,45세,상해없음,원동기,남,73세,경상
2014041600100151,2014년 4월 16일 09시,수요일,충청북도 제천시 강제동,중상사고,0,1,1,0,차대차 - 측면직각충돌,안전거리미확보,건조,맑음,단일로 - 기타,승용,남,60세,상해없음,승용,남,25세,경상
2014041600100152,2014년 4월 16일 09시,수요일,충청북도 청주시 흥덕구 신촌동,경상사고,0,0,1,0,차대차 - 측면직각충돌,안전운전불이행,건조,맑음,교차로 - 교차로부근,승용,남,37세,상해없음,승용,남,36세,경상
2014041600100181,2014년 4월 16일 10시,수요일,충청북도 청주시 상당구 방서동,중상사고,0,1,2,0,차대차 - 추돌 - 진행중,안전운전불이행,건조,맑음,단일로 - 기타,화물,남,57세,중상,승합,남,56세,상해없음
2014041600100203,2014년 4월 16일 11시,수요일,충청북도 청주시 흥덕구 봉명동,중상사고,0,1,4,1,차대차 - 정면충돌,신호위반,건조,맑음,교차로 - 교차로안,승합,남,31세,경상,승용,남,31세,경상
2014041600100384,2014년 4월 16일 17시,수요일,충청북도 청주시 상당구 북문로2가동,경상사고,0,0,1,0,차대사람 - 횡단중,안전운전불이행,건조,맑음,교차로 - 교차로부근,승용,남,47세,상해없음,보행자,남,59세,경상
2014041600100385,2014년 4월 16일 17시,수요일,충청북도 충주시 산척면,경상사고,0,0,1,1,차대차 - 측면직각충돌,안전운전불이행,건조,맑음,단일로 - 기타,승용,남,73세,부상신고,승용,여,57세,경상
2014041600100386,2014년 4월 16일 17시,수요일,충청북도 청주시 상당구 남일면,중상사고,0,2,1,0,차대차 - 측면직각충돌,신호위반,건조,맑음,교차로 - 교차로안,승용,남,71세,경상,화물,여,48세,중상
2014041600100431,2014년 4월 16일 18시,수요일,충청북도 충주시 호암동,중상사고,0,1,0,0,차대차 - 측면직각충돌,안전거리미확보,건조,맑음,단일로 - 기타,원동기,남,21세,중상,승용,남,36세,상해없음
2014041600100432,2014년 4월 16일 18시,수요일,충청북도 청주시 흥덕구 강서동,중상사고,0,1,3,0,차대차 - 추돌 - 주정차중,안전운전불이행,건조,맑음,교차로 - 교차로부근,승용,남,51세,상해없음,승용,여,34세,중상
2014041600100467,2014년 4월 16일 19시,수요일,충청북도 제천시 백운면,경상사고,0,0,1,0,차대차 - 기타,안전운전불이행,건조,맑음,교차로 - 교차로부근,원동기,남,17세,경상,승용,남,53세,상해없음
2014041600100468,2014년 4월 16일 19시,수요일,충청북도 증평군 증평읍,경상사고,0,0,1,0,차대차 - 측면직각충돌,직진우회전진행방해,건조,맑음,교차로 - 교차로안,승용,여,34세,상해없음,이륜,남,15세,경상
2014041600100501,2014년 4월 16일 20시,수요일,충청북도 영동군 영동읍,중상사고,0,1,1,0,차대차 - 기타,중앙선침범,건조,맑음,교차로 - 교차로부근,원동기,남,45세,중상,승용,여,31세,경상
2014041600100543,2014년 4월 16일 21시,수요일,충청북도 제천시 중앙로2가,경상사고,0,0,1,0,차대사람 - 기타,안전운전불이행,건조,맑음,단일로 - 기타,승용,남,44세,상해없음,보행자,남,36세,경상
2014041600100574,2014년 4월 16일 22시,수요일,충청북도 음성군 생극면,경상사고,0,0,1,0,차대차 - 기타,안전운전불이행,건조,맑음,교차로 - 교차로안,원동기,남,16세,경상,승용,여,25세,상해없음
2014041700100012,2014년 4월 17일 00시,목요일,충청북도 청주시 서원구 사창동,경상사고,0,0,1,1,차대차 - 추돌 - 진행중,신호위반,건조,맑음,교차로 - 교차로부근,이륜,남,18세,부상신고,승용,남,45세,상해없음
2014041700100024,2014년 4월 17일 01시,목요일,충청북도 청주시 흥덕구 신봉동,중상사고,0,1,0,0,차대사람 - 횡단중,안전운전불이행,건조,맑음,단일로 - 기타,승용,남,25세,상해없음,보행자,남,42세,중상
2014041700100089,2014년 4월 17일 07시,목요일,충청북도 청주시 상당구 운동동,중상사고,0,1,3,0,차대차 - 측면직각충돌,직진우회전진행방해,건조,맑음,교차로 - 교차로안,승용,남,60세,중상,건설기계,남,51세,경상
2014041700100119,2014년 4월 17일 08시,목요일,충청북도 청주시 청원구 우암동,중상사고,0,2,11,0,차대차 - 기타,신호위반,건조,맑음,교차로 - 교차로안,승용,여,45세,상해없음,승합,남,50세,상해없음
2014041700100120,2014년 4월 17일 08시,목요일,충청북도 청주시 청원구 북이면,경상사고,0,0,1,0,차대차 - 기타,안전운전불이행,건조,맑음,단일로 - 기타,농기계,남,57세,상해없음,화물,남,51세,경상
2014041700100121,2014년 4월 17일 08시,목요일,충청북도 음성군 감곡면,경상사고,0,0,1,0,차대차 - 기타,교차로운행방법위반,건조,맑음,교차로 - 교차로안,승용,여,57세,상해없음,원동기,남,18세,경상
2014041700100156,2014년 4월 17일 09시,목요일,충청북도 충주시 대소원면,경상사고,0,0,1,0,차대사람 - 횡단중,안전운전불이행,건조,맑음,단일로 - 기타,화물,남,41세,상해없음,보행자,남,53세,경상
2014041700100157,2014년 4월 17일 09시,목요일,충청북도 영동군 영동읍,경상사고,0,0,1,0,차대차 - 기타,기타,건조,맑음,교차로 - 교차로안,승용,남,40세,상해없음,원동기,남,74세,경상
2014041700100158,2014년 4월 17일 09시,목요일,충청북도 단양군 단양읍,경상사고,0,0,2,0,차대차 - 측면직각충돌,직진우회전진행방해,건조,맑음,교차로 - 교차로안,승용,여,35세,경상,승용,남,56세,경상
2014041700100159,2014년 4월 17일 09시,목요일,충청북도 단양군 단양읍,경상사고,0,0,1,0,차대차 - 기타,불법유턴,건조,맑음,단일로 - 기타,승용,여,52세,상해없음,화물,남,55세,경상
2014041700100160,2014년 4월 17일 09시,목요일,충청북도 청주시 상당구 용담동,경상사고,0,0,3,0,차대차 - 기타,안전운전불이행,건조,맑음,단일로 - 기타,승용,여,39세,상해없음,승용,남,24세,경상
2014041700100208,2014년 4월 17일 11시,목요일,충청북도 청주시 청원구 내수읍,경상사고,0,0,1,0,차대차 - 기타,안전운전불이행,건조,맑음,단일로 - 기타,화물,남,62세,상해없음,이륜,남,71세,경상
2014041700100263,2014년 4월 17일 13시,목요일,충청북도 옥천군 옥천읍,경상사고,0,0,1,0,차대차 - 측면직각충돌,교차로운행방법위반,건조,흐림,교차로 - 교차로안,승용,남,39세,상해없음,이륜,여,51세,경상
2014041700100295,2014년 4월 17일 14시,목요일,충청북도 단양군 매포읍,중상사고,0,1,0,0,차대차 - 기타,교차로운행방법위반,건조,맑음,교차로 - 교차로안,승용,남,47세,중상,건설기계,남,65세,상해없음
2014041700100325,2014년 4월 17일 15시,목요일,충청북도 청주시 서원구 모충동,경상사고,0,0,1,0,차량단독 - 기타,안전운전불이행,건조,맑음,단일로 - 기타,승합,남,55세,상해없음,,,,
2014041700100359,2014년 4월 17일 16시,목요일,충청북도 청주시 흥덕구 가경동,경상사고,0,0,1,0,차대차 - 추돌 - 주정차중,불법유턴,건조,맑음,단일로 - 기타,승용,여,43세,상해없음,승합,여,37세,경상
2014041700100360,2014년 4월 17일 16시,목요일,충청북도 청주시 서원구 산남동,경상사고,0,0,1,0,차대사람 - 횡단중,보행자보호의무위반,습기,비,단일로 - 횡단보도상,승용,여,27세,상해없음,보행자,여,8세,경상
2014041700100392,2014년 4월 17일 17시,목요일,충청북도 청주시 상당구 영동,경상사고,0,0,1,0,차대차 - 기타,교차로운행방법위반,습기,비,교차로 - 교차로안,승용,여,61세,경상,화물,남,65세,상해없음
2014041700100437,2014년 4월 17일 18시,목요일,충청북도 충주시 수안보면,부상신고사고,0,0,0,1,차량단독 - 기타,안전운전불이행,건조,맑음,교차로 - 교차로안,원동기,남,61세,부상신고,,,,
2014041700100438,2014년 4월 17일 18시,목요일,충청북도 충주시 주덕읍,경상사고,0,0,1,0,차대차 - 측면직각충돌,안전거리미확보,건조,맑음,단일로 - 교량,승용,남,51세,상해없음,승용,남,40세,경상
2014041700100439,2014년 4월 17일 18시,목요일,충청북도 제천시 신월동,경상사고,0,0,1,0,차대사람 - 기타,안전운전불이행,건조,맑음,교차로 - 교차로부근,승용,남,44세,상해없음,보행자,남,22세,경상
2014041700100440,2014년 4월 17일 18시,목요일,충청북도 증평군 증평읍,중상사고,0,1,0,0,차대차 - 측면직각충돌,안전운전불이행,습기,비,교차로 - 교차로안,승용,남,51세,상해없음,자전거,남,66세,중상
2014041700100441,2014년 4월 17일 18시,목요일,충청북도 음성군 대소면,경상사고,0,0,1,0,차대차 - 기타,신호위반,습기,맑음,교차로 - 교차로안,화물,남,52세,상해없음,화물,여,32세,경상
2014041700100442,2014년 4월 17일 18시,목요일,충청북도 청주시 서원구 산남동,중상사고,0,1,0,0,차대차 - 측면직각충돌,안전운전불이행,습기,비,교차로 - 교차로부근,승용,여,32세,상해없음,승용,여,38세,중상
2014041700100443,2014년 4월 17일 18시,목요일,충청북도 청주시 서원구 분평동,경상사고,0,0,1,0,차대차 - 추돌 - 주정차중,안전운전불이행,습기,비,단일로 - 기타,원동기,남,24세,상해없음,승용,남,30세,경상
2014041700100572,2014년 4월 17일 20시,목요일,충청북도 충주시 교현동,중상사고,0,1,0,0,차대차 - 측면직각충돌,직진우회전진행방해,습기,비,교차로 - 교차로안,승용,남,74세,상해없음,원동기,남,18세,중상
2014041700100573,2014년 4월 17일 20시,목요일,충청북도 충주시 산척면,중상사고,0,1,0,0,차대사람 - 횡단중,보행자보호의무위반,습기,비,단일로 - 기타,승용,남,25세,상해없음,보행자,남,64세,중상
2014041700100643,2014년 4월 17일 21시,목요일,충청북도 진천군 진천읍,경상사고,0,0,2,0,차대차 - 추돌 - 진행중,안전운전불이행,건조,맑음,단일로 - 기타,승용,남,42세,상해없음,승용,남,49세,경상
2014041700100750,2014년 4월 17일 23시,목요일,충청북도 청주시 흥덕구 강내면,중상사고,0,1,0,0,차대사람 - 기타,중앙선침범,습기,흐림,단일로 - 기타,승용,남,26세,상해없음,보행자,남,44세,중상
2014041800100011,2014년 4월 18일 00시,금요일,충청북도 청주시 서원구 산남동,경상사고,0,0,1,0,차대사람 - 길가장자리구역통행중,안전운전불이행,건조,맑음,교차로 - 교차로안,승용,남,33세,상해없음,보행자,여,56세,경상
2014041800100029,2014년 4월 18일 01시,금요일,충청북도 청주시 흥덕구 옥산면,중상사고,0,1,0,0,차량단독 - 공작물충돌,안전운전불이행,건조,맑음,단일로 - 기타,승용,남,29세,상해없음,,,,
2014041800100051,2014년 4월 18일 03시,금요일,충청북도 청주시 서원구 수곡동,경상사고,0,0,1,0,차대차 - 측면직각충돌,신호위반,건조,맑음,교차로 - 교차로안,승용,남,50세,상해없음,승용,남,26세,경상
2014041800100083,2014년 4월 18일 06시,금요일,충청북도 청주시 서원구 사직동,경상사고,0,0,1,0,차대차 - 측면직각충돌,신호위반,건조,맑음,교차로 - 교차로안,승용,남,46세,상해없음,승용,남,66세,경상
2014041800100138,2014년 4월 18일 08시,금요일,충청북도 청주시 청원구 외남동,중상사고,0,1,0,0,차대사람 - 횡단중,안전운전불이행,건조,맑음,교차로 - 교차로부근,승용,여,54세,상해없음,보행자,남,9세,중상
2014041800100139,2014년 4월 18일 08시,금요일,충청북도 청주시 서원구 사창동,부상신고사고,0,0,0,1,차대차 - 측면직각충돌,안전운전불이행,건조,맑음,단일로 - 기타,이륜,남,62세,부상신고,승용,남,38세,상해없음
2014041800100167,2014년 4월 18일 09시,금요일,충청북도 청주시 서원구 개신동,경상사고,0,0,1,0,차대차 - 측면직각충돌,안전운전불이행,건조,맑음,교차로 - 교차로부근,승용,여,38세,상해없음,승용,여,51세,경상
2014041800100191,2014년 4월 18일 10시,금요일,충청북도 청주시 흥덕구 가경동,중상사고,0,1,1,0,차대차 - 측면직각충돌,안전운전불이행,건조,맑음,교차로 - 교차로안,승용,남,61세,상해없음,승용,남,21세,경상
2014041800100218,2014년 4월 18일 11시,금요일,충청북도 청주시 청원구 율량동,중상사고,0,1,0,0,차대차 - 측면직각충돌,안전거리미확보,건조,맑음,교차로 - 교차로부근,승용,여,51세,상해없음,원동기,남,18세,중상
2014041800100245,2014년 4월 18일 12시,금요일,충청북도 청주시 상당구 운동동,중상사고,0,2,1,0,차대차 - 기타,기타,건조,맑음,교차로 - 교차로부근,승합,여,47세,상해없음,승용,남,59세,중상
2014041800100278,2014년 4월 18일 13시,금요일,충청북도 청주시 흥덕구 강내면,경상사고,0,0,3,0,차대차 - 측면직각충돌,안전운전불이행,건조,맑음,교차로 - 교차로안,승용,여,40세,상해없음,화물,남,29세,경상
2014041800100318,2014년 4월 18일 14시,금요일,충청북도 청주시 흥덕구 가경동,경상사고,0,0,2,0,차대차 - 추돌 - 주정차중,안전운전불이행,건조,맑음,단일로 - 기타,승용,여,56세,상해없음,승용,남,73세,경상
2014041800100349,2014년 4월 18일 15시,금요일,충청북도 제천시 장락동,중상사고,0,1,0,0,차대차 - 기타,안전운전불이행,건조,맑음,교차로 - 교차로안,승용,남,47세,상해없음,승용,남,58세,중상
2014041800100405,2014년 4월 18일 17시,금요일,충청북도 청주시 청원구 내수읍,경상사고,0,0,1,0,차대차 - 추돌 - 진행중,안전운전불이행,건조,맑음,교차로 - 교차로안,화물,남,50세,경상,화물,남,72세,상해없음
2014041800100478,2014년 4월 18일 19시,금요일,충청북도 충주시 교현동,부상신고사고,0,0,0,1,차대차 - 기타,안전운전불이행,건조,맑음,교차로 - 교차로부근,이륜,남,20세,부상신고,승용,남,32세,상해없음
2014041800100504,2014년 4월 18일 20시,금요일,충청북도 충주시 동량면,경상사고,0,0,1,0,차대차 - 추돌 - 주정차중,안전운전불이행,건조,맑음,단일로 - 기타,화물,남,67세,상해없음,승용,남,38세,경상
2014041800100505,2014년 4월 18일 20시,금요일,충청북도 청주시 상당구 영운동,경상사고,0,0,3,0,차대차 - 정면충돌,안전운전불이행,건조,맑음,교차로 - 교차로안,승용,남,52세,경상,승용,남,42세,경상
2014041800100532,2014년 4월 18일 21시,금요일,충청북도 제천시 하소동,경상사고,0,0,1,0,차대차 - 기타,안전운전불이행,건조,맑음,단일로 - 기타,승용,남,58세,상해없음,승용,남,55세,경상
2014041800100533,2014년 4월 18일 21시,금요일,충청북도 청주시 흥덕구 가경동,경상사고,0,0,1,0,차대차 - 측면직각충돌,교차로운행방법위반,건조,맑음,교차로 - 교차로안,승용,여,64세,상해없음,승합,남,47세,상해없음
2014041800100592,2014년 4월 18일 23시,금요일,충청북도 청주시 서원구 개신동,중상사고,0,1,1,0,차대차 - 측면직각충돌,신호위반,건조,맑음,교차로 - 교차로안,화물,남,59세,경상,승용,남,33세,중상
2014041900100013,2014년 4월 19일 00시,토요일,충청북도 청주시 흥덕구 오송읍,부상신고사고,0,0,0,1,차량단독 - 도로외이탈 - 기타,안전운전불이행,건조,맑음,교차로 - 교차로부근,승용,남,24세,상해없음,,,,
2014041900100089,2014년 4월 19일 06시,토요일,충청북도 충주시 성남동,경상사고,0,0,1,0,차대사람 - 기타,안전운전불이행,건조,맑음,단일로 - 기타,화물,남,55세,상해없음,보행자,남,36세,경상
2014041900100101,2014년 4월 19일 07시,토요일,충청북도 청주시 서원구 사창동,경상사고,0,0,4,0,차대차 - 측면직각충돌,교차로운행방법위반,건조,맑음,교차로 - 교차로안,승용,남,26세,경상,화물,남,62세,경상
2014041900100121,2014년 4월 19일 08시,토요일,충청북도 청주시 흥덕구 강서동,중상사고,0,2,0,0,차대차 - 기타,신호위반,건조,맑음,교차로 - 교차로안,화물,남,36세,상해없음,승용,남,59세,중상
2014041900100175,2014년 4월 19일 10시,토요일,충청북도 괴산군 불정면,사망사고,1,2,1,0,차량단독 - 도로외이탈 - 추락,안전운전불이행,건조,맑음,단일로 - 교량,승용,여,42세,경상,,,,
2014041900100199,2014년 4월 19일 11시,토요일,충청북도 옥천군 옥천읍,경상사고,0,0,1,0,차대차 - 측면직각충돌,안전운전불이행,건조,맑음,교차로 - 교차로안,화물,남,53세,상해없음,자전거,남,77세,경상
2014041900100228,2014년 4월 19일 12시,토요일,충청북도 증평군 도안면,경상사고,0,0,1,0,차대차 - 기타,안전거리미확보,건조,맑음,단일로 - 기타,기타불명,기타불명,기타불명,기타불명,승용,여,42세,경상
2014041900100279,2014년 4월 19일 14시,토요일,충청북도 제천시 두학동,중상사고,0,1,0,0,차대차 - 기타,안전운전불이행,건조,맑음,교차로 - 교차로부근,건설기계,남,55세,상해없음,승용,남,51세,중상
2014041900100280,2014년 4월 19일 14시,토요일,충청북도 청주시 상당구 용담동,경상사고,0,0,3,0,차대차 - 측면직각충돌,안전운전불이행,건조,맑음,단일로 - 기타,승용,여,46세,경상,승용,여,37세,경상
2014041900100317,2014년 4월 19일 15시,토요일,충청북도 청주시 흥덕구 휴암동,부상신고사고,0,0,0,1,차대차 - 기타,안전운전불이행,건조,맑음,단일로 - 기타,원동기,남,18세,부상신고,승용,남,61세,상해없음
2014041900100318,2014년 4월 19일 15시,토요일,충청북도 청주시 흥덕구 비하동,중상사고,0,1,0,0,차대사람 - 기타,안전운전불이행,건조,맑음,단일로 - 기타,승용,남,44세,상해없음,보행자,남,59세,중상
2014041900100408,2014년 4월 19일 18시,토요일,충청북도 제천시 중앙로2가,중상사고,0,1,0,0,차대사람 - 기타,안전운전불이행,건조,맑음,교차로 - 교차로부근,승용,남,45세,상해없음,보행자,여,16세,중상
2014041900100409,2014년 4월 19일 18시,토요일,충청북도 청주시 서원구 성화동,경상사고,0,0,1,0,차대사람 - 횡단중,안전운전불이행,건조,맑음,교차로 - 교차로안,승용,남,26세,상해없음,보행자,남,4세,경상
2014041900100481,2014년 4월 19일 20시,토요일,충청북도 충주시 교현동,경상사고,0,0,2,0,차대차 - 측면직각충돌,안전운전불이행,건조,맑음,단일로 - 기타,승용,남,21세,상해없음,승용,남,27세,상해없음
2014041900100482,2014년 4월 19일 20시,토요일,충청북도 음성군 감곡면,중상사고,0,1,0,0,차량단독 - 전도전복,안전운전불이행,건조,맑음,단일로 - 기타,승용,여,33세,중상,,,,