사고번호,사고일시,요일,시군구,사고내용,사망자수,중상자수,경상자수,부상신고자수,사고유형,법규위반,노면상태,기상상태,도로형태,가해운전자 차종,가해운전자 성별,가해운전자 연령,가해운전자 상해정도,피해운전자 차종,피해운전자 성별,피해운전자 연령,피해운전자 상해정도
2014041900100483,2014년 4월 19일 20시,토요일,충청북도 청주시 흥덕구 가경동,경상사고,0,0,1,0,차대사람 - 기타,보행자보호의무위반,건조,맑음,교차로 - 교차로부근,승용,남,27세,상해없음,보행자,여,23세,경상
2014041900100519,2014년 4월 19일 21시,토요일,충청북도 청주시 서원구 산남동,중상사고,0,4,0,0,차대차 - 측면직각충돌,신호위반,건조,맑음,교차로 - 교차로안,승용,여,47세,중상,승용,남,46세,중상
2014041900100541,2014년 4월 19일 22시,토요일,충청북도 청주시 상당구 용암동,중상사고,0,1,1,0,차대차 - 측면직각충돌,안전운전불이행,건조,맑음,기타 - 기타,승용,여,41세,상해없음,승용,남,52세,경상
2014042000100011,2014년 4월 20일 00시,일요일,충청북도 음성군 금왕읍,중상사고,0,1,0,0,차대차 - 추돌 - 주정차중,안전운전불이행,건조,맑음,교차로 - 교차로안,승용,남,34세,상해없음,승용,남,33세,중상
2014042000100028,2014년 4월 20일 01시,일요일,충청북도 청주시 흥덕구 복대동,중상사고,0,1,0,0,차대사람 - 횡단중,안전운전불이행,건조,맑음,교차로 - 교차로안,원동기,남,25세,상해없음,보행자,남,19세,중상
2014042000100029,2014년 4월 20일 01시,일요일,충청북도 청주시 상당구 남일면,중상사고,0,1,0,0,차량단독 - 공작물충돌,안전운전불이행,건조,맑음,단일로 - 기타,승용,남,34세,상해없음,,,,
2014042000100045,2014년 4월 20일 02시,일요일,충청북도 충주시 용산동,경상사고,0,0,1,0,차대사람 - 보도통행중,안전운전불이행,건조,맑음,단일로 - 기타,기타불명,기타불명,기타불명,기타불명,보행자,남,22세,경상
2014042000100046,2014년 4월 20일 02시,일요일,충청북도 제천시 중앙로1가,경상사고,0,0,1,0,차대차 - 기타,안전운전불이행,건조,맑음,교차로 - 교차로안,승용,남,26세,상해없음,승용,남,62세,경상
2014042000100047,2014년 4월 20일 02시,일요일,충청북도 제천시 영천동,경상사고,0,0,1,0,차대차 - 기타,안전운전불이행,건조,맑음,교차로 - 교차로부근,승용,남,37세,상해없음,승용,여,48세,경상
2014042000100075,2014년 4월 20일 04시,일요일,충청북도 청주시 서원구 죽림동,경상사고,0,0,2,0,차대차 - 측면직각충돌,신호위반,건조,맑음,교차로 - 교차로안,승용,남,30세,상해없음,승용,남,40세,경상
2014042000100097,2014년 4월 20일 06시,일요일,충청북도 제천시 명지동,중상사고,0,1,0,0,차대차 - 측면직각충돌,안전운전불이행,건조,맑음,단일로 - 기타,승용,남,59세,상해없음,자전거,남,65세,중상
2014042000100109,2014년 4월 20일 07시,일요일,충청북도 충주시 연수동,중상사고,0,1,0,0,차대차 - 측면직각충돌,신호위반,건조,맑음,교차로 - 교차로안,원동기,남,69세,중상,승용,남,43세,상해없음
2014042000100181,2014년 4월 20일 11시,일요일,충청북도 청주시 서원구 분평동,경상사고,0,0,2,0,차대차 - 기타,신호위반,건조,맑음,교차로 - 교차로안,승용,남,72세,상해없음,승용,남,37세,경상
2014042000100205,2014년 4월 20일 12시,일요일,충청북도 청주시 흥덕구 옥산면,경상사고,0,0,1,0,차량단독 - 도로외이탈 - 기타,안전운전불이행,건조,맑음,단일로 - 기타,승용,여,70세,경상,,,,
2014042000100229,2014년 4월 20일 13시,일요일,충청북도 청주시 청원구 오창읍,경상사고,0,0,1,0,차대사람 - 횡단중,안전운전불이행,건조,맑음,교차로 - 교차로부근,승용,남,47세,상해없음,보행자,여,27세,경상
2014042000100230,2014년 4월 20일 13시,일요일,충청북도 단양군 단양읍,경상사고,0,0,1,0,차대차 - 측면직각충돌,안전운전불이행,건조,맑음,교차로 - 교차로안,이륜,남,37세,경상,승용,남,52세,상해없음
2014042000100231,2014년 4월 20일 13시,일요일,충청북도 청주시 흥덕구 신봉동,경상사고,0,0,1,0,차대차 - 측면직각충돌,안전운전불이행,건조,맑음,교차로 - 교차로안,자전거,남,12세,경상,승용,남,54세,상해없음
2014042000100232,2014년 4월 20일 13시,일요일,충청북도 청주시 흥덕구 봉명동,중상사고,0,1,0,0,차대차 - 측면직각충돌,불법유턴,건조,맑음,단일로 - 횡단보도상,자전거,남,14세,중상,승용,남,46세,상해없음
2014042000100255,2014년 4월 20일 14시,일요일,충청북도 진천군 초평면,중상사고,0,1,0,0,차대차 - 측면직각충돌,안전운전불이행,건조,맑음,단일로 - 기타,승용,남,46세,상해없음,승용,남,76세,중상
2014042000100256,2014년 4월 20일 14시,일요일,충청북도 청주시 상당구 미원면,사망사고,1,1,2,0,차량단독 - 공작물충돌,안전운전불이행,건조,맑음,단일로 - 기타,승용,남,52세,중상,,,,
2014042000100279,2014년 4월 20일 15시,일요일,충청북도 옥천군 옥천읍,부상신고사고,0,0,0,1,차량단독 - 기타,안전운전불이행,건조,맑음,교차로 - 교차로부근,이륜,남,54세,부상신고,,,,
2014042000100280,2014년 4월 20일 15시,일요일,충청북도 청주시 상당구 남일면,경상사고,0,0,1,0,차대차 - 기타,안전운전불이행,건조,맑음,단일로 - 기타,건설기계,남,41세,상해없음,화물,남,59세,경상
2014042000100380,2014년 4월 20일 18시,일요일,충청북도 청주시 청원구 사천동,중상사고,0,1,0,0,차대차 - 추돌 - 진행중,안전운전불이행,건조,맑음,단일로 - 기타,자전거,남,12세,중상,승합,남,56세,상해없음
2014042000100381,2014년 4월 20일 18시,일요일,충청북도 증평군 증평읍,경상사고,0,0,1,0,차대차 - 기타,신호위반,건조,맑음,교차로 - 교차로안,승용,남,26세,상해없음,자전거,남,14세,경상
2014042000100382,2014년 4월 20일 18시,일요일,충청북도 옥천군 청산면,중상사고,0,1,0,0,차량단독 - 기타,안전운전불이행,건조,맑음,단일로 - 기타,화물,남,61세,중상,,,,
2014042000100383,2014년 4월 20일 18시,일요일,충청북도 청주시 흥덕구 복대동,경상사고,0,0,7,0,차대차 - 측면직각충돌,안전운전불이행,건조,맑음,단일로 - 기타,승용,남,45세,상해없음,승용,남,29세,경상
2014042000100421,2014년 4월 20일 19시,일요일,충청북도 청주시 서원구 사창동,경상사고,0,0,2,0,차대차 - 추돌 - 주정차중,안전운전불이행,건조,맑음,교차로 - 교차로부근,승용,남,30세,상해없음,승용,남,29세,경상
2014042000100442,2014년 4월 20일 20시,일요일,충청북도 청주시 흥덕구 봉명동,경상사고,0,0,1,0,차대사람 - 기타,안전운전불이행,건조,맑음,단일로 - 기타,특수,남,44세,상해없음,보행자,남,49세,경상
2014042100100070,2014년 4월 21일 07시,월요일,충청북도 청주시 상당구 용담동,경상사고,0,0,2,0,차대차 - 기타,안전운전불이행,건조,맑음,단일로 - 기타,승용,남,44세,상해없음,승합,남,54세,상해없음
2014042100100104,2014년 4월 21일 08시,월요일,충청북도 청주시 흥덕구 복대동,중상사고,0,1,0,0,차대차 - 측면직각충돌,안전운전불이행,건조,맑음,단일로 - 횡단보도상,승용,남,25세,상해없음,자전거,남,62세,중상
2014042100100144,2014년 4월 21일 09시,월요일,충청북도 충주시 봉방동,중상사고,0,1,0,0,차대사람 - 길가장자리구역통행중,안전운전불이행,건조,맑음,교차로 - 교차로안,특수,남,48세,상해없음,보행자,남,53세,중상
2014042100100145,2014년 4월 21일 09시,월요일,충청북도 충주시 산척면,중상사고,0,1,0,0,차대차 - 기타,안전운전불이행,건조,맑음,교차로 - 교차로안,승용,남,47세,상해없음,자전거,남,82세,중상
2014042100100146,2014년 4월 21일 09시,월요일,충청북도 청주시 흥덕구 정봉동,중상사고,0,1,0,0,차대차 - 측면직각충돌,안전운전불이행,건조,맑음,단일로 - 기타,승용,여,39세,상해없음,승용,남,44세,중상
2014042100100174,2014년 4월 21일 10시,월요일,충청북도 음성군 대소면,중상사고,0,1,0,0,차대사람 - 횡단중,보행자보호의무위반,건조,맑음,단일로 - 횡단보도상,승용,남,45세,상해없음,보행자,여,41세,중상
2014042100100175,2014년 4월 21일 10시,월요일,충청북도 청주시 흥덕구 복대동,경상사고,0,0,1,0,차대차 - 추돌 - 주정차중,안전운전불이행,건조,맑음,단일로 - 기타,승용,여,56세,경상,승합,남,43세,상해없음
2014042100100176,2014년 4월 21일 10시,월요일,충청북도 청주시 상당구 용암동,경상사고,0,0,1,0,차대차 - 측면직각충돌,안전운전불이행,건조,맑음,단일로 - 기타,승용,남,52세,상해없음,승용,여,47세,경상
2014042100100202,2014년 4월 21일 11시,월요일,충청북도 충주시 성남동,경상사고,0,0,1,0,차대차 - 추돌 - 진행중,기타,건조,맑음,교차로 - 교차로안,승용,여,29세,상해없음,자전거,남,74세,경상
2014042100100203,2014년 4월 21일 11시,월요일,충청북도 괴산군 괴산읍,중상사고,0,1,0,0,차대차 - 측면직각충돌,교차로운행방법위반,건조,맑음,교차로 - 교차로안,승용,남,76세,상해없음,이륜,남,61세,중상
2014042100100204,2014년 4월 21일 11시,월요일,충청북도 음성군 원남면,경상사고,0,0,2,0,차대차 - 기타,안전운전불이행,건조,맑음,단일로 - 기타,승용,여,32세,경상,화물,남,64세,상해없음
2014042100100228,2014년 4월 21일 12시,월요일,충청북도 제천시 명동,경상사고,0,0,1,0,차대사람 - 기타,안전운전불이행,건조,맑음,교차로 - 교차로부근,승용,여,32세,상해없음,보행자,남,29세,경상
2014042100100257,2014년 4월 21일 13시,월요일,충청북도 옥천군 군북면,부상신고사고,0,0,0,1,차대사람 - 기타,기타,건조,맑음,교차로 - 교차로부근,승합,남,49세,상해없음,보행자,남,86세,부상신고
2014042100100311,2014년 4월 21일 15시,월요일,충청북도 충주시 노은면,중상사고,0,1,1,0,차대차 - 추돌 - 진행중,안전운전불이행,건조,맑음,단일로 - 기타,화물,남,56세,경상,건설기계,남,54세,중상
2014042100100381,2014년 4월 21일 17시,월요일,충청북도 제천시 두학동,중상사고,0,1,0,0,차대차 - 기타,기타,건조,맑음,교차로 - 교차로안,이륜,남,52세,중상,승용,여,52세,상해없음
2014042100100382,2014년 4월 21일 17시,월요일,충청북도 진천군 광혜원면,경상사고,0,0,1,0,차대차 - 측면직각충돌,교차로운행방법위반,건조,맑음,교차로 - 교차로안,승용,여,32세,상해없음,승용,여,37세,상해없음
2014042100100434,2014년 4월 21일 19시,월요일,충청북도 청주시 상당구 용암동,경상사고,0,0,2,0,차대차 - 기타,중앙선침범,건조,맑음,단일로 - 기타,승용,남,57세,상해없음,승용,남,49세,경상
2014042100100468,2014년 4월 21일 20시,월요일,충청북도 청주시 청원구 율량동,경상사고,0,0,1,0,차대사람 - 기타,안전운전불이행,건조,맑음,단일로 - 기타,승용,남,46세,상해없음,보행자,여,52세,경상
2014042100100469,2014년 4월 21일 20시,월요일,충청북도 청주시 흥덕구 복대동,경상사고,0,0,2,0,차대차 - 추돌 - 주정차중,안전운전불이행,건조,맑음,교차로 - 교차로부근,기타불명,기타불명,기타불명,기타불명,승용,남,27세,경상
2014042100100503,2014년 4월 21일 21시,월요일,충청북도 청주시 청원구 주중동,중상사고,0,1,1,0,차대차 - 기타,신호위반,건조,맑음,교차로 - 교차로안,승용,여,20세,상해없음,승용,남,26세,경상
2014042100100525,2014년 4월 21일 22시,월요일,충청북도 제천시 장락동,경상사고,0,0,1,0,차대차 - 기타,안전운전불이행,건조,맑음,교차로 - 교차로부근,승용,남,56세,상해없음,승용,여,56세,경상
2014042100100546,2014년 4월 21일 23시,월요일,충청북도 청주시 서원구 수곡동,경상사고,0,0,1,0,차대차 - 기타,안전운전불이행,건조,맑음,교차로 - 교차로부근,승용,남,42세,기타불명,승용,남,60세,경상
2014042200100069,2014년 4월 22일 06시,화요일,충청북도 청주시 서원구 수곡동,중상사고,0,1,0,0,차대차 - 측면직각충돌,신호위반,건조,맑음,교차로 - 교차로부근,승합,남,58세,기타불명,승용,남,67세,중상
2014042200100090,2014년 4월 22일 07시,화요일,충청북도 청주시 상당구 문화동,중상사고,0,1,0,0,차대사람 - 기타,안전운전불이행,건조,맑음,교차로 - 교차로부근,승용,남,40세,상해없음,보행자,남,59세,중상
2014042200100129,2014년 4월 22일 08시,화요일,충청북도 충주시 종민동,경상사고,0,0,1,0,차대사람 - 기타,안전운전불이행,건조,맑음,단일로 - 기타,승용,남,68세,상해없음,보행자,여,56세,경상
2014042200100130,2014년 4월 22일 08시,화요일,충청북도 청주시 흥덕구 복대동,경상사고,0,0,1,0,차대사람 - 기타,안전운전불이행,건조,맑음,기타 - 기타,승용,여,45세,상해없음,보행자,남,2세,경상
2014042200100171,2014년 4월 22일 09시,화요일,충청북도 청주시 흥덕구 옥산면,경상사고,0,0,3,0,차대차 - 추돌 - 주정차중,안전운전불이행,건조,맑음,교차로 - 교차로부근,승용,남,28세,상해없음,승용,남,26세,경상
2014042200100172,2014년 4월 22일 09시,화요일,충청북도 청주시 흥덕구 옥산면,경상사고,0,0,1,0,차대차 - 추돌 - 주정차중,안전운전불이행,건조,맑음,단일로 - 기타,이륜,남,77세,경상,승용,남,30세,상해없음
2014042200100200,2014년 4월 22일 10시,화요일,충청북도 제천시 장락동,경상사고,0,0,1,0,차대차 - 기타,기타,건조,맑음,기타 - 기타,승용,남,59세,상해없음,승용,남,31세,상해없음
2014042200100324,2014년 4월 22일 15시,화요일,충청북도 청주시 흥덕구 봉명동,경상사고,0,0,1,0,차대차 - 측면직각충돌,안전거리미확보,건조,맑음,교차로 - 교차로안,승용,여,23세,상해없음,이륜,남,27세,경상
2014042200100325,2014년 4월 22일 15시,화요일,충청북도 청주시 상당구 용암동,경상사고,0,0,1,0,차대차 - 측면직각충돌,교차로운행방법위반,건조,맑음,교차로 - 교차로안,승용,여,42세,상해없음,자전거,남,10세,경상
2014042200100326,2014년 4월 22일 15시,화요일,충청북도 청주시 서원구 현도면,경상사고,0,0,2,0,차대차 - 측면직각충돌,중앙선침범,건조,맑음,단일로 - 기타,승용,남,67세,상해없음,승용,여,53세,경상
2014042200100353,2014년 4월 22일 16시,화요일,충청북도 음성군 대소면,경상사고,0,0,2,0,차대차 - 기타,안전운전불이행,건조,맑음,교차로 - 교차로부근,승용,남,32세,기타불명,승용,여,42세,경상
2014042200100380,2014년 4월 22일 17시,화요일,충청북도 영동군 영동읍,경상사고,0,0,1,0,차대사람 - 기타,안전운전불이행,건조,맑음,단일로 - 기타,기타불명,기타불명,기타불명,기타불명,보행자,여,68세,경상
2014042200100382,2014년 4월 22일 17시,화요일,충청북도 청주시 서원구 사직동,경상사고,0,0,1,0,차대차 - 측면직각충돌,안전운전불이행,건조,맑음,교차로 - 교차로안,승용,남,69세,상해없음,승합,남,44세,경상
2014042200100425,2014년 4월 22일 18시,화요일,충청북도 청주시 상당구 문화동,경상사고,0,0,1,0,차대차 - 추돌 - 진행중,안전운전불이행,건조,맑음,교차로 - 교차로안,승용,남,43세,상해없음,자전거,여,55세,경상
2014042200100426,2014년 4월 22일 18시,화요일,충청북도 음성군 금왕읍,중상사고,0,1,0,0,차대차 - 기타,교차로운행방법위반,건조,맑음,교차로 - 교차로안,승용,남,60세,상해없음,승용,남,27세,중상
2014042200100428,2014년 4월 22일 18시,화요일,충청북도 청주시 흥덕구 복대동,경상사고,0,0,1,0,차대차 - 측면직각충돌,직진우회전진행방해,건조,맑음,교차로 - 교차로안,승용,남,57세,상해없음,이륜,남,50세,경상
2014042200100468,2014년 4월 22일 19시,화요일,충청북도 영동군 영동읍,중상사고,0,1,0,0,차대차 - 측면직각충돌,교차로운행방법위반,건조,맑음,교차로 - 교차로안,승용,남,35세,상해없음,원동기,남,46세,중상
2014042200100469,2014년 4월 22일 19시,화요일,충청북도 청주시 서원구 분평동,경상사고,0,0,1,0,차대차 - 기타,안전운전불이행,건조,맑음,단일로 - 기타,승용,남,58세,상해없음,자전거,남,56세,경상
2014042200100504,2014년 4월 22일 20시,화요일,충청북도 청주시 청원구 주중동,경상사고,0,0,2,0,차대차 - 기타,교차로운행방법위반,건조,맑음,교차로 - 교차로안,승용,여,44세,경상,승용,여,35세,경상
2014042200100505,2014년 4월 22일 20시,화요일,충청북도 청주시 상당구 운동동,중상사고,0,2,0,0,차대차 - 측면직각충돌,직진우회전진행방해,건조,맑음,교차로 - 교차로안,승용,남,26세,중상,승용,남,33세,중상
2014042200100529,2014년 4월 22일 21시,화요일,충청북도 청주시 서원구 산남동,경상사고,0,0,3,0,차대차 - 측면직각충돌,안전거리미확보,건조,맑음,교차로 - 교차로부근,승용,남,23세,상해없음,승용,남,45세,경상
2014042200100566,2014년 4월 22일 22시,화요일,충청북도 청주시 상당구 석교동,경상사고,0,0,1,0,차대차 - 추돌 - 주정차중,안전운전불이행,건조,맑음,교차로 - 교차로부근,승용,남,26세,상해없음,승용,여,29세,경상
2014042300100042,2014년 4월 23일 02시,수요일,충청북도 청주시 상당구 남주동,중상사고,0,1,0,0,차량단독 - 기타,안전운전불이행,건조,맑음,교차로 - 교차로부근,승용,남,42세,상해없음,,,,
2014042300100043,2014년 4월 23일 02시,수요일,충청북도 충주시 연수동,부상신고사고,0,0,0,4,차대차 - 추돌 - 주정차중,안전운전불이행,건조,맑음,단일로 - 기타,승용,남,26세,상해없음,승용,남,31세,부상신고
2014042300100044,2014년 4월 23일 02시,수요일,충청북도 청주시 서원구 개신동,경상사고,0,0,1,0,차대차 - 추돌 - 진행중,안전운전불이행,건조,맑음,교차로 - 교차로부근,승용,남,38세,상해없음,승용,남,32세,경상
2014042300100135,2014년 4월 23일 08시,수요일,충청북도 제천시 청전동,경상사고,0,0,1,0,차대차 - 측면직각충돌,신호위반,건조,맑음,교차로 - 교차로부근,화물,여,50세,상해없음,자전거,남,22세,경상
2014042300100136,2014년 4월 23일 08시,수요일,충청북도 음성군 생극면,중상사고,0,1,0,0,차대차 - 기타,중앙선침범,건조,맑음,단일로 - 기타,승합,남,48세,상해없음,승용,여,60세,중상
2014042300100167,2014년 4월 23일 09시,수요일,충청북도 충주시 산척면,중상사고,0,1,0,0,차대차 - 기타,안전거리미확보,건조,맑음,교차로 - 교차로부근,화물,여,41세,상해없음,승용,남,23세,중상
2014042300100189,2014년 4월 23일 10시,수요일,충청북도 옥천군 옥천읍,경상사고,0,0,1,0,차대차 - 측면직각충돌,안전운전불이행,건조,맑음,교차로 - 교차로안,승용,남,64세,상해없음,이륜,여,39세,경상
2014042300100290,2014년 4월 23일 14시,수요일,충청북도 청주시 청원구 우암동,중상사고,0,1,0,0,차대사람 - 횡단중,보행자보호의무위반,건조,맑음,단일로 - 횡단보도상,건설기계,남,22세,상해없음,보행자,남,16세,중상
2014042300100343,2014년 4월 23일 16시,수요일,충청북도 제천시 덕산면,중상사고,0,4,0,0,차대차 - 기타,중앙선침범,건조,맑음,단일로 - 기타,승용,남,66세,상해없음,승용,남,63세,중상
2014042300100378,2014년 4월 23일 17시,수요일,충청북도 청주시 상당구 용정동,경상사고,0,0,1,0,차대차 - 기타,안전운전불이행,건조,맑음,단일로 - 기타,화물,남,50세,상해없음,승용,남,33세,경상
2014042300100407,2014년 4월 23일 18시,수요일,충청북도 청주시 상당구 금천동,경상사고,0,0,1,0,차대차 - 측면직각충돌,안전운전불이행,건조,맑음,교차로 - 교차로안,승용,여,53세,경상,승합,남,57세,상해없음
2014042300100440,2014년 4월 23일 19시,수요일,충청북도 제천시 청전동,경상사고,0,0,1,0,차대차 - 기타,안전운전불이행,건조,맑음,교차로 - 교차로부근,승용,남,40세,상해없음,자전거,여,30세,경상
2014042300100502,2014년 4월 23일 21시,수요일,충청북도 청주시 흥덕구 복대동,부상신고사고,0,0,0,1,차대차 - 측면직각충돌,안전운전불이행,건조,맑음,교차로 - 교차로안,원동기,남,20세,부상신고,승용,남,53세,상해없음
2014042300100531,2014년 4월 23일 22시,수요일,충청북도 제천시 청전동,중상사고,0,1,0,0,차대사람 - 기타,신호위반,건조,맑음,교차로 - 교차로부근,승용,남,27세,상해없음,보행자,남,45세,중상
2014042300100532,2014년 4월 23일 22시,수요일,충청북도 청주시 흥덕구 가경동,중상사고,0,2,1,0,차대차 - 추돌 - 주정차중,안전운전불이행,건조,맑음,단일로 - 기타,승용,남,40세,상해없음,승용,남,37세,경상
2014042300100533,2014년 4월 23일 22시,수요일,충청북도 청주시 흥덕구 오송읍,경상사고,0,0,1,0,차대차 - 측면직각충돌,안전운전불이행,건조,맑음,교차로 - 교차로안,승용,남,37세,상해없음,승용,남,24세,경상
2014042400100023,2014년 4월 24일 01시,목요일,충청북도 청주시 서원구 사창동,중상사고,0,1,1,0,차대차 - 측면직각충돌,교차로운행방법위반,건조,맑음,교차로 - 교차로부근,이륜,남,18세,경상,승용,남,57세,상해없음
2014042400100063,2014년 4월 24일 06시,목요일,충청북도 증평군 도안면,경상사고,0,0,2,0,차대차 - 기타,신호위반,건조,맑음,교차로 - 교차로안,승용,남,59세,경상,농기계,남,55세,경상
2014042400100078,2014년 4월 24일 07시,목요일,충청북도 충주시 금가면,중상사고,0,1,0,0,차대차 - 추돌 - 진행중,안전운전불이행,건조,맑음,교차로 - 교차로부근,화물,남,57세,상해없음,원동기,남,78세,중상
2014042400100079,2014년 4월 24일 07시,목요일,충청북도 음성군 맹동면,경상사고,0,0,1,0,차대차 - 측면직각충돌,신호위반,건조,맑음,교차로 - 교차로안,승용,남,40세,경상,건설기계,남,65세,상해없음
2014042400100080,2014년 4월 24일 07시,목요일,충청북도 청주시 상당구 용암동,중상사고,0,1,0,0,차대사람 - 횡단중,안전운전불이행,건조,맑음,단일로 - 기타,승합,남,39세,상해없음,보행자,남,16세,중상
2014042400100117,2014년 4월 24일 08시,목요일,충청북도 음성군 금왕읍,중상사고,0,1,0,0,차대차 - 기타,교차로운행방법위반,건조,맑음,교차로 - 교차로부근,승합,남,70세,상해없음,승용,여,57세,중상
2014042400100118,2014년 4월 24일 08시,목요일,충청북도 청주시 흥덕구 송정동,경상사고,0,0,1,0,차대차 - 측면직각충돌,안전운전불이행,건조,맑음,교차로 - 교차로부근,화물,남,55세,상해없음,승용,여,56세,경상
2014042400100119,2014년 4월 24일 08시,목요일,충청북도 청주시 상당구 용담동,경상사고,0,0,2,0,차대차 - 기타,안전운전불이행,건조,맑음,단일로 - 기타,승합,남,53세,상해없음,승용,여,33세,경상
2014042400100120,2014년 4월 24일 08시,목요일,충청북도 청주시 서원구 남이면,중상사고,0,1,2,0,차대차 - 추돌 - 진행중,안전운전불이행,건조,맑음,단일로 - 기타,승용,남,45세,상해없음,승합,남,58세,경상
2014042400100142,2014년 4월 24일 09시,목요일,충청북도 청주시 청원구 오창읍,경상사고,0,0,4,0,차대차 - 추돌 - 주정차중,안전운전불이행,건조,맑음,교차로 - 교차로부근,화물,남,34세,상해없음,화물,남,68세,상해없음
2014042400100143,2014년 4월 24일 09시,목요일,충청북도 청주시 청원구 내덕동,경상사고,0,0,1,0,차량단독 - 기타,기타,건조,맑음,단일로 - 기타,승합,남,58세,상해없음,,,,
2014042400100144,2014년 4월 24일 09시,목요일,충청북도 청주시 상당구 수동,중상사고,0,1,0,0,차대차 - 기타,안전운전불이행,건조,맑음,교차로 - 교차로부근,승용,남,44세,상해없음,자전거,남,19세,중상
2014042400100212,2014년 4월 24일 11시,목요일,충청북도 청주시 흥덕구 오송읍,중상사고,0,1,0,0,차대차 - 측면직각충돌,교차로운행방법위반,건조,맑음,교차로 - 교차로안,승용,남,56세,상해없음,원동기,여,59세,중상
2014042400100213,2014년 4월 24일 11시,목요일,충청북도 청주시 상당구 용담동,경상사고,0,0,2,0,차대차 - 정면충돌,안전운전불이행,건조,맑음,교차로 - 교차로부근,승용,여,52세,경상,승용,남,39세,경상
2014042400100325,2014년 4월 24일 15시,목요일,충청북도 충주시 살미면,중상사고,0,2,0,0,차대차 - 기타,안전운전불이행,건조,맑음,단일로 - 기타,승용,여,59세,상해없음,승용,남,70세,중상
2014042400100326,2014년 4월 24일 15시,목요일,충청북도 청주시 서원구 현도면,사망사고,1,0,0,0,차량단독 - 공작물충돌,안전운전불이행,건조,맑음,교차로 - 교차로안,승용,남,49세,사망,,,,
2014042400100362,2014년 4월 24일 16시,목요일,충청북도 음성군 맹동면,중상사고,0,1,1,0,차대차 - 측면직각충돌,교차로운행방법위반,건조,맑음,교차로 - 교차로안,화물,남,62세,경상,화물,남,53세,중상
2014042400100363,2014년 4월 24일 16시,목요일,충청북도 청주시 서원구 모충동,경상사고,0,0,1,0,차대차 - 기타,안전운전불이행,건조,맑음,단일로 - 기타,승용,남,61세,상해없음,승용,남,42세,경상
2014042400100448,2014년 4월 24일 18시,목요일,충청북도 음성군 금왕읍,경상사고,0,0,1,0,차대사람 - 기타,안전운전불이행,건조,맑음,단일로 - 기타,승용,여,47세,상해없음,보행자,여,50세,경상
2014042400100449,2014년 4월 24일 18시,목요일,충청북도 청주시 흥덕구 가경동,경상사고,0,0,2,0,차대차 - 기타,안전운전불이행,건조,맑음,단일로 - 기타,원동기,남,22세,경상,승용,남,30세,경상
2014042400100518,2014년 4월 24일 20시,목요일,충청북도 청주시 청원구 오창읍,경상사고,0,0,1,0,차대차 - 측면직각충돌,안전거리미확보,건조,맑음,교차로 - 교차로안,화물,남,47세,상해없음,이륜,남,18세,경상
2014042400100519,2014년 4월 24일 20시,목요일,충청북도 청주시 흥덕구 가경동,경상사고,0,0,1,0,차대차 - 기타,안전운전불이행,건조,맑음,단일로 - 기타,이륜,기타불명,기타불명,기타불명,승용,여,53세,경상
2014042400100545,2014년 4월 24일 21시,목요일,충청북도 충주시 봉방동,경상사고,0,0,1,0,차대사람 - 횡단중,안전운전불이행,건조,맑음,단일로 - 기타,승용,남,52세,상해없음,보행자,남,51세,경상
2014042400100546,2014년 4월 24일 21시,목요일,충청북도 청주시 흥덕구 신봉동,경상사고,0,0,1,0,차대차 - 기타,안전운전불이행,건조,맑음,단일로 - 기타,승용,남,48세,상해없음,자전거,남,31세,경상
2014042400100547,2014년 4월 24일 21시,목요일,충청북도 청주시 상당구 용암동,경상사고,0,0,1,0,차대사람 - 기타,중앙선침범,건조,맑음,단일로 - 횡단보도상,승합,남,37세,상해없음,보행자,남,55세,경상
2014042400100615,2014년 4월 24일 23시,목요일,충청북도 청주시 흥덕구 오송읍,중상사고,0,1,0,0,차대사람 - 기타,안전운전불이행,건조,맑음,단일로 - 기타,승용,남,49세,상해없음,보행자,남,29세,중상
2014042500100016,2014년 4월 25일 00시,금요일,충청북도 청주시 상당구 금천동,경상사고,0,0,2,0,차대차 - 추돌 - 진행중,안전운전불이행,건조,맑음,단일로 - 기타,승용,남,28세,경상,승용,남,50세,경상
2014042500100074,2014년 4월 25일 06시,금요일,충청북도 청주시 흥덕구 복대동,중상사고,0,1,1,0,차대차 - 측면직각충돌,안전운전불이행,건조,맑음,교차로 - 교차로부근,승용,남,45세,경상,이륜,남,24세,중상
2014042500100091,2014년 4월 25일 07시,금요일,충청북도 제천시 청전동,경상사고,0,0,1,0,차대차 - 기타,안전운전불이행,건조,맑음,교차로 - 교차로안,승용,남,55세,상해없음,승용,남,29세,경상
2014042500100092,2014년 4월 25일 07시,금요일,충청북도 음성군 대소면,중상사고,0,2,0,0,차대차 - 기타,교차로운행방법위반,건조,맑음,교차로 - 교차로안,화물,남,60세,중상,승용,여,30세,중상
2014042500100125,2014년 4월 25일 08시,금요일,충청북도 제천시 명동,경상사고,0,0,1,0,차대차 - 기타,신호위반,건조,맑음,교차로 - 교차로안,승용,남,75세,상해없음,승용,여,26세,경상
2014042500100126,2014년 4월 25일 08시,금요일,충청북도 옥천군 옥천읍,중상사고,0,1,0,0,차대차 - 측면직각충돌,교차로운행방법위반,건조,맑음,교차로 - 교차로안,이륜,남,83세,중상,승용,여,44세,상해없음