사고번호,사고일시,요일,시군구,사고내용,사망자수,중상자수,경상자수,부상신고자수,사고유형,법규위반,노면상태,기상상태,도로형태,가해운전자 차종,가해운전자 성별,가해운전자 연령,가해운전자 상해정도,피해운전자 차종,피해운전자 성별,피해운전자 연령,피해운전자 상해정도
2014042500100163,2014년 4월 25일 09시,금요일,충청북도 청주시 흥덕구 가경동,경상사고,0,0,2,0,차대차 - 측면직각충돌,안전운전불이행,건조,맑음,단일로 - 기타,승합,남,77세,상해없음,승용,남,46세,경상
2014042500100164,2014년 4월 25일 09시,금요일,충청북도 청주시 서원구 사직동,부상신고사고,0,0,0,1,차대사람 - 횡단중,안전운전불이행,건조,맑음,기타 - 기타,승합,남,38세,상해없음,보행자,여,51세,부상신고
2014042500100188,2014년 4월 25일 10시,금요일,충청북도 충주시 주덕읍,중상사고,0,1,0,0,차대차 - 측면직각충돌,중앙선침범,건조,맑음,단일로 - 기타,승용,남,55세,상해없음,원동기,남,68세,중상
2014042500100239,2014년 4월 25일 12시,금요일,충청북도 청주시 서원구 죽림동,경상사고,0,0,3,0,차대차 - 측면직각충돌,신호위반,건조,맑음,교차로 - 교차로안,승용,남,70세,상해없음,승용,남,49세,경상
2014042500100296,2014년 4월 25일 14시,금요일,충청북도 청주시 흥덕구 봉명동,경상사고,0,0,3,0,차대차 - 측면직각충돌,안전거리미확보,건조,맑음,단일로 - 기타,승용,여,43세,경상,승용,여,43세,경상
2014042500100334,2014년 4월 25일 15시,금요일,충청북도 충주시 봉방동,경상사고,0,0,1,0,차대차 - 추돌 - 진행중,안전거리미확보,건조,맑음,단일로 - 기타,승용,여,52세,상해없음,승용,남,47세,경상
2014042500100335,2014년 4월 25일 15시,금요일,충청북도 청주시 흥덕구 강서동,경상사고,0,0,2,0,차대차 - 측면직각충돌,중앙선침범,건조,맑음,교차로 - 교차로부근,건설기계,남,57세,상해없음,승용,남,35세,경상
2014042500100417,2014년 4월 25일 17시,금요일,충청북도 청주시 청원구 오창읍,경상사고,0,0,1,0,차대차 - 기타,안전운전불이행,건조,맑음,교차로 - 교차로안,승용,남,71세,상해없음,승용,여,33세,경상
2014042500100418,2014년 4월 25일 17시,금요일,충청북도 청주시 서원구 수곡동,경상사고,0,0,1,0,차대차 - 추돌 - 진행중,안전운전불이행,건조,맑음,단일로 - 기타,화물,남,33세,상해없음,자전거,남,74세,경상
2014042500100464,2014년 4월 25일 18시,금요일,충청북도 청주시 상당구 남문로2가동,경상사고,0,0,1,0,차대사람 - 횡단중,안전운전불이행,건조,맑음,단일로 - 기타,승용,남,47세,상해없음,보행자,남,19세,경상
2014042500100465,2014년 4월 25일 18시,금요일,충청북도 괴산군 괴산읍,중상사고,0,2,0,0,차대사람 - 길가장자리구역통행중,안전운전불이행,건조,맑음,단일로 - 기타,화물,여,54세,상해없음,보행자,남,61세,중상
2014042500100466,2014년 4월 25일 18시,금요일,충청북도 청주시 상당구 금천동,중상사고,0,1,0,0,차대차 - 측면직각충돌,안전운전불이행,건조,맑음,교차로 - 교차로부근,승용,여,49세,상해없음,자전거,여,62세,중상
2014042500100504,2014년 4월 25일 19시,금요일,충청북도 제천시 화산동,사망사고,1,0,0,0,차대사람 - 기타,안전운전불이행,건조,맑음,단일로 - 기타,승용,남,70세,상해없음,보행자,남,73세,사망
2014042500100505,2014년 4월 25일 19시,금요일,충청북도 청주시 서원구 분평동,경상사고,0,0,1,0,차대차 - 측면직각충돌,차로위반,건조,맑음,단일로 - 횡단보도상,승용,남,34세,상해없음,승용,여,37세,경상
2014042500100546,2014년 4월 25일 20시,금요일,충청북도 음성군 감곡면,경상사고,0,0,1,0,차대차 - 기타,중앙선침범,건조,맑음,단일로 - 기타,승용,남,52세,상해없음,승용,남,50세,경상
2014042500100583,2014년 4월 25일 21시,금요일,충청북도 옥천군 옥천읍,경상사고,0,0,4,0,차대차 - 추돌 - 진행중,안전거리미확보,건조,맑음,교차로 - 교차로안,승용,남,32세,상해없음,승용,남,28세,경상
2014042500100584,2014년 4월 25일 21시,금요일,충청북도 청주시 흥덕구 비하동,중상사고,0,1,0,0,차대차 - 측면직각충돌,안전거리미확보,건조,맑음,단일로 - 기타,승용,여,43세,중상,승용,여,41세,상해없음
2014042600100014,2014년 4월 26일 00시,토요일,충청북도 청주시 상당구 용암동,경상사고,0,0,4,0,차대차 - 측면직각충돌,안전운전불이행,건조,맑음,교차로 - 교차로부근,승용,남,62세,경상,화물,남,52세,경상
2014042600100056,2014년 4월 26일 02시,토요일,충청북도 청주시 청원구 오창읍,경상사고,0,0,1,0,차대차 - 기타,안전운전불이행,건조,맑음,교차로 - 교차로부근,승용,남,20세,상해없음,승용,남,41세,경상
2014042600100081,2014년 4월 26일 04시,토요일,충청북도 청주시 서원구 사창동,중상사고,0,1,0,0,차대사람 - 기타,안전운전불이행,건조,맑음,교차로 - 교차로부근,이륜,남,26세,상해없음,보행자,남,24세,중상
2014042600100082,2014년 4월 26일 04시,토요일,충청북도 청주시 서원구 수곡동,중상사고,0,1,4,0,차대차 - 추돌 - 진행중,안전운전불이행,건조,맑음,교차로 - 교차로부근,승용,남,41세,상해없음,승용,남,50세,경상
2014042600100105,2014년 4월 26일 06시,토요일,충청북도 괴산군 문광면,경상사고,0,0,4,0,차대차 - 추돌 - 진행중,안전운전불이행,건조,맑음,단일로 - 터널,승용,남,20세,상해없음,승용,남,50세,경상
2014042600100118,2014년 4월 26일 07시,토요일,충청북도 영동군 영동읍,중상사고,0,2,1,0,차대차 - 기타,중앙선침범,건조,맑음,단일로 - 기타,승용,남,20세,중상,건설기계,남,48세,경상
2014042600100135,2014년 4월 26일 08시,토요일,충청북도 청주시 상당구 남일면,중상사고,0,1,0,0,차량단독 - 공작물충돌,안전운전불이행,건조,맑음,단일로 - 기타,승용,여,53세,중상,,,,
2014042600100158,2014년 4월 26일 09시,토요일,충청북도 보은군 보은읍,경상사고,0,0,1,0,차대차 - 측면직각충돌,안전운전불이행,건조,맑음,교차로 - 교차로부근,승용,남,52세,상해없음,승용,여,39세,경상
2014042600100184,2014년 4월 26일 10시,토요일,충청북도 청주시 상당구 명암동,중상사고,0,1,6,0,차대차 - 정면충돌,중앙선침범,건조,맑음,단일로 - 기타,건설기계,남,55세,경상,승용,남,54세,중상
2014042600100211,2014년 4월 26일 11시,토요일,충청북도 청주시 상당구 남문로1가동,중상사고,0,1,1,0,차대차 - 측면직각충돌,교차로운행방법위반,건조,맑음,교차로 - 교차로안,승용,남,66세,경상,승용,남,49세,중상
2014042600100212,2014년 4월 26일 11시,토요일,충청북도 제천시 중앙로1가,중상사고,0,1,0,0,차대사람 - 기타,안전운전불이행,건조,맑음,단일로 - 횡단보도상,승용,남,47세,상해없음,보행자,여,71세,중상
2014042600100345,2014년 4월 26일 15시,토요일,충청북도 음성군 음성읍,경상사고,0,0,2,0,차대차 - 기타,안전거리미확보,건조,맑음,단일로 - 기타,승용,남,33세,상해없음,승합,남,54세,상해없음
2014042600100346,2014년 4월 26일 15시,토요일,충청북도 청주시 흥덕구 복대동,중상사고,0,1,3,0,차대차 - 측면직각충돌,신호위반,건조,맑음,교차로 - 교차로안,승합,남,44세,상해없음,승용,남,60세,중상
2014042600100383,2014년 4월 26일 16시,토요일,충청북도 청주시 상당구 금천동,경상사고,0,0,4,0,차대차 - 기타,안전운전불이행,건조,맑음,교차로 - 교차로부근,승용,남,52세,상해없음,승용,남,32세,경상
2014042600100469,2014년 4월 26일 18시,토요일,충청북도 청주시 청원구 북이면,사망사고,1,0,0,0,차량단독 - 전도전복,안전운전불이행,건조,맑음,교차로 - 교차로부근,농기계,남,60세,사망,,,,
2014042600100470,2014년 4월 26일 18시,토요일,충청북도 청주시 서원구 남이면,경상사고,0,0,1,0,차대차 - 추돌 - 진행중,안전운전불이행,건조,맑음,교차로 - 교차로부근,승용,남,18세,상해없음,승용,남,39세,경상
2014042600100508,2014년 4월 26일 19시,토요일,충청북도 진천군 초평면,경상사고,0,0,4,0,차대차 - 측면직각충돌,신호위반,건조,맑음,교차로 - 교차로안,승용,남,57세,상해없음,승용,남,45세,경상
2014042600100540,2014년 4월 26일 20시,토요일,충청북도 청주시 청원구 오창읍,중상사고,0,1,0,0,차대차 - 기타,안전운전불이행,건조,흐림,단일로 - 기타,승용,남,25세,상해없음,원동기,남,54세,중상
2014042600100541,2014년 4월 26일 20시,토요일,충청북도 청주시 서원구 사직동,중상사고,0,1,0,0,차대사람 - 횡단중,보행자보호의무위반,건조,맑음,교차로 - 교차로안,승용,여,39세,상해없음,보행자,남,81세,중상
2014042600100542,2014년 4월 26일 20시,토요일,충청북도 청주시 서원구 분평동,사망사고,1,0,0,0,차대차 - 정면충돌,신호위반,습기,맑음,교차로 - 교차로안,이륜,남,28세,사망,화물,남,58세,상해없음
2014042700100114,2014년 4월 27일 06시,일요일,충청북도 제천시 고암동,중상사고,0,1,0,0,차대차 - 기타,안전운전불이행,습기,비,교차로 - 교차로부근,승용,남,53세,상해없음,승용,남,56세,중상
2014042700100124,2014년 4월 27일 07시,일요일,충청북도 청주시 흥덕구 복대동,경상사고,0,0,2,0,차대차 - 기타,교차로운행방법위반,습기,비,교차로 - 교차로안,승용,남,45세,경상,승용,여,60세,경상
2014042700100161,2014년 4월 27일 09시,일요일,충청북도 제천시 천남동,중상사고,0,2,0,0,차대차 - 기타,중앙선침범,습기,비,단일로 - 기타,승용,남,42세,상해없음,승용,남,49세,중상
2014042700100181,2014년 4월 27일 10시,일요일,충청북도 영동군 심천면,중상사고,0,1,0,0,차대사람 - 횡단중,안전운전불이행,건조,맑음,교차로 - 교차로안,승용,남,54세,상해없음,보행자,여,79세,중상
2014042700100196,2014년 4월 27일 11시,일요일,충청북도 충주시 중앙탑면,경상사고,0,0,1,0,차대차 - 기타,안전거리미확보,건조,맑음,단일로 - 기타,승용,남,60세,상해없음,승용,남,27세,경상
2014042700100214,2014년 4월 27일 12시,일요일,충청북도 충주시 성서동,중상사고,0,1,0,0,차대사람 - 기타,신호위반,건조,흐림,단일로 - 횡단보도상,화물,남,81세,상해없음,보행자,여,58세,중상
2014042700100215,2014년 4월 27일 12시,일요일,충청북도 제천시 고암동,중상사고,0,1,2,0,차대차 - 기타,안전운전불이행,건조,흐림,단일로 - 기타,승용,여,50세,상해없음,승합,여,51세,경상
2014042700100216,2014년 4월 27일 12시,일요일,충청북도 제천시 강제동,중상사고,0,1,0,0,차대차 - 기타,안전운전불이행,습기,비,단일로 - 기타,승용,여,52세,상해없음,승용,남,30세,상해없음
2014042700100217,2014년 4월 27일 12시,일요일,충청북도 청주시 흥덕구 가경동,부상신고사고,0,0,0,1,차대차 - 측면직각충돌,안전운전불이행,습기,비,교차로 - 교차로부근,이륜,남,16세,부상신고,승용,남,41세,상해없음
2014042700100249,2014년 4월 27일 13시,일요일,충청북도 제천시 고암동,경상사고,0,0,1,0,차대사람 - 횡단중,보행자보호의무위반,습기,흐림,단일로 - 횡단보도상,승용,남,32세,상해없음,보행자,여,9세,경상
2014042700100250,2014년 4월 27일 13시,일요일,충청북도 음성군 대소면,중상사고,0,3,0,0,차대차 - 측면직각충돌,신호위반,건조,맑음,교차로 - 교차로안,원동기,남,43세,중상,승합,남,56세,중상
2014042700100280,2014년 4월 27일 14시,일요일,충청북도 제천시 남천동,중상사고,0,1,0,0,차대차 - 기타,신호위반,습기,흐림,교차로 - 교차로안,승용,남,58세,상해없음,화물,남,40세,중상
2014042700100281,2014년 4월 27일 14시,일요일,충청북도 제천시 고암동,경상사고,0,0,3,0,차대차 - 기타,직진우회전진행방해,습기,흐림,교차로 - 교차로안,승용,여,30세,상해없음,승용,여,18세,경상
2014042700100282,2014년 4월 27일 14시,일요일,충청북도 영동군 황간면,경상사고,0,0,1,0,차대차 - 기타,직진우회전진행방해,습기,비,교차로 - 교차로안,승용,여,47세,상해없음,승용,남,59세,상해없음
2014042700100319,2014년 4월 27일 15시,일요일,충청북도 충주시 교현동,중상사고,0,1,0,0,차대사람 - 기타,안전운전불이행,습기,비,교차로 - 교차로안,승용,남,45세,상해없음,보행자,여,9세,중상
2014042700100320,2014년 4월 27일 15시,일요일,충청북도 제천시 장락동,경상사고,0,0,1,0,차대차 - 측면직각충돌,안전운전불이행,건조,맑음,단일로 - 기타,원동기,남,19세,상해없음,화물,남,44세,경상
2014042700100347,2014년 4월 27일 16시,일요일,충청북도 청주시 서원구 사직동,경상사고,0,0,2,0,차대차 - 측면직각충돌,안전운전불이행,습기,비,교차로 - 교차로안,승용,남,42세,상해없음,승용,여,35세,경상
2014042700100369,2014년 4월 27일 17시,일요일,충청북도 충주시 문화동,중상사고,0,2,2,0,차대차 - 추돌 - 진행중,안전운전불이행,건조,맑음,단일로 - 기타,승용,남,59세,상해없음,화물,남,54세,중상
2014042700100390,2014년 4월 27일 18시,일요일,충청북도 청주시 상당구 남문로1가동,중상사고,0,1,0,0,차대차 - 측면직각충돌,안전거리미확보,건조,맑음,교차로 - 교차로안,기타불명,기타불명,기타불명,기타불명,승용,여,29세,중상
2014042700100391,2014년 4월 27일 18시,일요일,충청북도 충주시 산척면,경상사고,0,0,1,0,차대차 - 기타,안전운전불이행,습기,비,단일로 - 기타,원동기,남,19세,경상,화물,남,42세,상해없음
2014042700100430,2014년 4월 27일 19시,일요일,충청북도 충주시 안림동,중상사고,0,3,2,0,차대차 - 기타,안전운전불이행,건조,맑음,교차로 - 교차로부근,승용,여,58세,상해없음,승용,남,29세,중상
2014042700100431,2014년 4월 27일 19시,일요일,충청북도 보은군 수한면,중상사고,0,1,0,0,차량단독 - 공작물충돌,안전운전불이행,습기,비,단일로 - 기타,승용,남,41세,중상,,,,
2014042700100432,2014년 4월 27일 19시,일요일,충청북도 음성군 음성읍,중상사고,0,1,0,0,차량단독 - 기타,안전운전불이행,습기,비,단일로 - 기타,승용,남,43세,상해없음,,,,
2014042700100433,2014년 4월 27일 19시,일요일,충청북도 청주시 서원구 수곡동,경상사고,0,0,2,0,차대차 - 측면직각충돌,신호위반,건조,맑음,교차로 - 교차로부근,승용,남,64세,경상,승용,남,60세,경상
2014042700100484,2014년 4월 27일 20시,일요일,충청북도 청주시 청원구 사천동,경상사고,0,0,1,0,차대사람 - 기타,기타,건조,맑음,교차로 - 교차로부근,화물,남,42세,상해없음,보행자,여,29세,경상
2014042700100532,2014년 4월 27일 21시,일요일,충청북도 청주시 서원구 사직동,경상사고,0,0,4,0,차대차 - 측면직각충돌,교차로운행방법위반,습기,맑음,교차로 - 교차로안,이륜,남,32세,상해없음,승용,남,47세,경상
2014042700100533,2014년 4월 27일 21시,일요일,충청북도 청주시 서원구 분평동,경상사고,0,0,2,0,차대차 - 기타,신호위반,습기,비,교차로 - 교차로부근,승용,남,64세,상해없음,승용,여,47세,경상
2014042700100577,2014년 4월 27일 22시,일요일,충청북도 청주시 청원구 율량동,경상사고,0,0,1,0,차대차 - 기타,신호위반,습기,비,교차로 - 교차로안,승용,남,59세,상해없음,승용,여,48세,상해없음
2014042700100578,2014년 4월 27일 22시,일요일,충청북도 청주시 청원구 오창읍,부상신고사고,0,0,0,1,차량단독 - 전도전복,안전운전불이행,습기,비,단일로 - 기타,화물,남,33세,부상신고,,,,
2014042700100612,2014년 4월 27일 23시,일요일,충청북도 증평군 증평읍,중상사고,0,1,0,0,차대사람 - 횡단중,안전운전불이행,습기,비,단일로 - 기타,승용,남,44세,상해없음,보행자,여,23세,중상
2014042800100008,2014년 4월 28일 00시,월요일,충청북도 충주시 봉방동,경상사고,0,0,1,0,차대차 - 기타,안전운전불이행,습기,비,교차로 - 교차로부근,화물,남,35세,경상,화물,남,58세,상해없음
2014042800100028,2014년 4월 28일 01시,월요일,충청북도 충주시 대소원면,경상사고,0,0,2,1,차대차 - 기타,안전거리미확보,습기,비,단일로 - 기타,승용,남,36세,부상신고,승용,남,28세,상해없음
2014042800100041,2014년 4월 28일 02시,월요일,충청북도 청주시 흥덕구 강서동,중상사고,0,2,1,0,차대차 - 측면직각충돌,안전운전불이행,습기,비,교차로 - 교차로안,승용,남,35세,경상,승용,남,29세,중상
2014042800100052,2014년 4월 28일 03시,월요일,충청북도 영동군 영동읍,경상사고,0,0,1,0,차량단독 - 전도전복,안전운전불이행,건조,맑음,단일로 - 기타,승용,남,22세,경상,,,,
2014042800100053,2014년 4월 28일 03시,월요일,충청북도 청주시 흥덕구 봉명동,중상사고,0,1,1,0,차량단독 - 공작물충돌,안전운전불이행,습기,비,교차로 - 교차로안,승용,여,20세,경상,,,,
2014042800100062,2014년 4월 28일 04시,월요일,충청북도 충주시 교현동,경상사고,0,0,2,0,차대차 - 정면충돌,중앙선침범,습기,비,단일로 - 기타,승용,남,53세,경상,승용,남,44세,경상
2014042800100105,2014년 4월 28일 07시,월요일,충청북도 청주시 흥덕구 가경동,경상사고,0,0,1,0,차대차 - 측면직각충돌,안전운전불이행,건조,맑음,교차로 - 교차로부근,승용,남,54세,상해없음,승용,남,27세,경상
2014042800100106,2014년 4월 28일 07시,월요일,충청북도 청주시 흥덕구 가경동,중상사고,0,1,0,0,차대사람 - 보도통행중,안전운전불이행,건조,맑음,교차로 - 교차로부근,승용,여,41세,상해없음,보행자,남,32세,중상
2014042800100145,2014년 4월 28일 08시,월요일,충청북도 청주시 상당구 금천동,경상사고,0,0,1,0,차대차 - 측면직각충돌,교차로운행방법위반,습기,비,교차로 - 교차로안,승용,여,54세,상해없음,승용,여,44세,경상
2014042800100180,2014년 4월 28일 09시,월요일,충청북도 청주시 상당구 수동,경상사고,0,0,2,0,차대차 - 측면직각충돌,안전운전불이행,습기,비,교차로 - 교차로안,승용,여,47세,상해없음,승용,남,38세,경상
2014042800100181,2014년 4월 28일 09시,월요일,충청북도 청주시 흥덕구 봉명동,중상사고,0,1,1,1,차대차 - 추돌 - 주정차중,안전운전불이행,습기,비,단일로 - 기타,화물,남,58세,상해없음,승용,여,45세,중상
2014042800100182,2014년 4월 28일 09시,월요일,충청북도 청주시 흥덕구 운천동,중상사고,0,1,0,0,차대사람 - 횡단중,안전운전불이행,건조,맑음,단일로 - 기타,승용,여,50세,상해없음,보행자,남,81세,중상
2014042800100210,2014년 4월 28일 10시,월요일,충청북도 제천시 청전동,경상사고,0,0,2,0,차대차 - 기타,안전운전불이행,습기,비,단일로 - 기타,화물,남,75세,상해없음,승용,여,49세,경상
2014042800100211,2014년 4월 28일 10시,월요일,충청북도 제천시 신동,중상사고,0,1,1,0,차대차 - 기타,안전운전불이행,습기,비,교차로 - 교차로안,승용,여,62세,상해없음,승용,여,39세,경상
2014042800100212,2014년 4월 28일 10시,월요일,충청북도 청주시 서원구 사창동,경상사고,0,0,1,0,차대차 - 추돌 - 주정차중,안전운전불이행,건조,맑음,교차로 - 교차로안,승용,남,30세,상해없음,승용,남,28세,경상
2014042800100245,2014년 4월 28일 11시,월요일,충청북도 충주시 칠금동,중상사고,0,1,0,0,차대사람 - 길가장자리구역통행중,안전운전불이행,습기,비,단일로 - 기타,승합,남,45세,상해없음,보행자,남,69세,중상
2014042800100279,2014년 4월 28일 12시,월요일,충청북도 충주시 봉방동,경상사고,0,0,1,0,차대차 - 추돌 - 진행중,안전운전불이행,습기,비,교차로 - 교차로안,승용,여,46세,상해없음,승용,남,58세,경상
2014042800100345,2014년 4월 28일 14시,월요일,충청북도 충주시 문화동,중상사고,0,2,0,0,차대차 - 추돌 - 진행중,안전운전불이행,습기,비,단일로 - 기타,화물,여,65세,상해없음,승용,남,56세,중상
2014042800100346,2014년 4월 28일 14시,월요일,충청북도 음성군 생극면,부상신고사고,0,0,0,1,차대사람 - 기타,안전운전불이행,습기,비,기타 - 기타,화물,남,66세,상해없음,보행자,여,49세,부상신고
2014042800100347,2014년 4월 28일 14시,월요일,충청북도 청주시 흥덕구 옥산면,중상사고,0,1,0,0,차대차 - 추돌 - 진행중,안전운전불이행,습기,비,교차로 - 교차로부근,승용,남,39세,상해없음,승용,남,43세,중상
2014042800100382,2014년 4월 28일 15시,월요일,충청북도 청주시 청원구 정상동,경상사고,0,0,1,0,차대차 - 기타,안전운전불이행,건조,맑음,단일로 - 기타,승용,여,44세,상해없음,원동기,여,55세,경상
2014042800100424,2014년 4월 28일 16시,월요일,충청북도 제천시 왕암동,중상사고,0,1,0,0,차대차 - 기타,안전거리미확보,습기,비,단일로 - 기타,승용,여,48세,상해없음,원동기,남,73세,중상
2014042800100458,2014년 4월 28일 17시,월요일,충청북도 제천시 고암동,중상사고,0,1,0,0,차대차 - 기타,직진우회전진행방해,습기,비,교차로 - 교차로안,원동기,남,50세,중상,승용,남,53세,상해없음
2014042800100486,2014년 4월 28일 18시,월요일,충청북도 충주시 교현동,경상사고,0,0,1,0,차대차 - 추돌 - 주정차중,안전운전불이행,건조,흐림,단일로 - 기타,승용,남,56세,상해없음,승용,여,49세,경상
2014042800100516,2014년 4월 28일 19시,월요일,충청북도 청주시 청원구 내덕동,경상사고,0,0,1,0,차대차 - 측면직각충돌,신호위반,건조,맑음,교차로 - 교차로안,승용,여,47세,상해없음,화물,남,61세,경상
2014042800100559,2014년 4월 28일 20시,월요일,충청북도 충주시 연수동,경상사고,0,0,1,1,차량단독 - 공작물충돌,안전운전불이행,습기,흐림,교차로 - 교차로안,원동기,남,17세,부상신고,,,,
2014042800100560,2014년 4월 28일 20시,월요일,충청북도 청주시 흥덕구 신봉동,경상사고,0,0,1,0,차대차 - 추돌 - 주정차중,안전운전불이행,건조,맑음,단일로 - 기타,승용,남,51세,경상,승용,남,57세,상해없음
2014042800100646,2014년 4월 28일 22시,월요일,충청북도 충주시 교현동,중상사고,0,1,0,0,차대사람 - 기타,안전운전불이행,건조,흐림,단일로 - 기타,승용,남,51세,상해없음,보행자,남,36세,중상
2014042800100693,2014년 4월 28일 23시,월요일,충청북도 청주시 상당구 미원면,중상사고,0,1,1,0,차량단독 - 공작물충돌,안전운전불이행,습기,비,단일로 - 기타,승용,여,49세,경상,,,,
2014042900100109,2014년 4월 29일 06시,화요일,충청북도 청주시 흥덕구 봉명동,중상사고,0,1,0,0,차대사람 - 횡단중,신호위반,건조,맑음,교차로 - 교차로안,승용,남,69세,상해없음,보행자,여,21세,중상
2014042900100110,2014년 4월 29일 06시,화요일,충청북도 청주시 서원구 남이면,경상사고,0,0,1,0,차대차 - 기타,교차로운행방법위반,건조,맑음,교차로 - 교차로부근,승용,여,45세,상해없음,승용,남,34세,경상
2014042900100126,2014년 4월 29일 07시,화요일,충청북도 청주시 청원구 내덕동,중상사고,0,1,0,0,차대차 - 측면직각충돌,교차로운행방법위반,건조,맑음,교차로 - 교차로안,승용,남,48세,상해없음,자전거,여,62세,중상
2014042900100250,2014년 4월 29일 10시,화요일,충청북도 청주시 흥덕구 가경동,경상사고,0,0,1,1,차대차 - 기타,교차로운행방법위반,건조,맑음,교차로 - 교차로안,승용,여,33세,상해없음,승용,남,52세,경상
2014042900100284,2014년 4월 29일 12시,화요일,충청북도 충주시 금릉동,중상사고,0,1,0,0,차대차 - 추돌 - 진행중,안전거리미확보,건조,맑음,단일로 - 기타,승용,여,43세,상해없음,원동기,남,23세,중상
2014042900100307,2014년 4월 29일 13시,화요일,충청북도 충주시 살미면,중상사고,0,1,0,0,차대사람 - 횡단중,안전운전불이행,건조,맑음,단일로 - 기타,승용,남,54세,상해없음,보행자,여,65세,중상
2014042900100308,2014년 4월 29일 13시,화요일,충청북도 청주시 상당구 용암동,경상사고,0,0,1,0,차대차 - 추돌 - 진행중,안전운전불이행,건조,맑음,단일로 - 기타,승용,남,23세,상해없음,승용,남,51세,경상
2014042900100335,2014년 4월 29일 14시,화요일,충청북도 청주시 청원구 율량동,경상사고,0,0,1,0,차대차 - 추돌 - 진행중,안전운전불이행,건조,맑음,단일로 - 기타,승용,남,33세,상해없음,원동기,남,37세,경상
2014042900100336,2014년 4월 29일 14시,화요일,충청북도 충주시 소태면,중상사고,0,1,2,0,차대차 - 추돌 - 진행중,중앙선침범,건조,맑음,단일로 - 기타,화물,남,59세,상해없음,승용,여,37세,중상
2014042900100367,2014년 4월 29일 15시,화요일,충청북도 충주시 살미면,경상사고,0,0,1,1,차대차 - 측면직각충돌,신호위반,건조,맑음,교차로 - 교차로안,승용,남,52세,부상신고,화물,남,50세,경상
2014042900100515,2014년 4월 29일 19시,화요일,충청북도 제천시 고암동,중상사고,0,1,0,0,차량단독 - 기타,안전운전불이행,건조,맑음,교차로 - 교차로안,승합,남,69세,기타불명,,,,
2014042900100516,2014년 4월 29일 19시,화요일,충청북도 청주시 흥덕구 가경동,경상사고,0,0,2,0,차대차 - 측면직각충돌,중앙선침범,건조,맑음,단일로 - 기타,승용,남,31세,상해없음,승용,남,62세,경상
2014042900100517,2014년 4월 29일 19시,화요일,충청북도 청주시 흥덕구 오송읍,중상사고,0,1,0,0,차대차 - 측면직각충돌,안전운전불이행,건조,맑음,교차로 - 교차로안,승용,여,52세,상해없음,자전거,남,13세,중상
2014042900100553,2014년 4월 29일 20시,화요일,충청북도 제천시 강제동,중상사고,0,1,0,0,차대사람 - 기타,보행자보호의무위반,습기,비,교차로 - 교차로부근,승용,여,42세,상해없음,보행자,남,62세,중상
2014042900100554,2014년 4월 29일 20시,화요일,충청북도 제천시 남천동,중상사고,0,2,0,0,차대사람 - 기타,안전운전불이행,습기,비,단일로 - 기타,화물,남,19세,상해없음,보행자,남,53세,중상
2014042900100555,2014년 4월 29일 20시,화요일,충청북도 제천시 중앙로2가,경상사고,0,0,1,0,차대사람 - 기타,안전운전불이행,습기,비,단일로 - 기타,화물,남,52세,상해없음,보행자,남,55세,경상
2014042900100634,2014년 4월 29일 23시,화요일,충청북도 청주시 청원구 내수읍,중상사고,0,1,0,0,차대사람 - 기타,안전운전불이행,건조,맑음,교차로 - 교차로부근,승합,남,33세,상해없음,보행자,남,54세,중상
2014042900100635,2014년 4월 29일 23시,화요일,충청북도 청주시 상당구 금천동,중상사고,0,1,0,0,차대사람 - 횡단중,보행자보호의무위반,건조,맑음,교차로 - 교차로안,승합,남,35세,상해없음,보행자,남,40세,중상
2014043000100011,2014년 4월 30일 00시,수요일,충청북도 청주시 청원구 사천동,경상사고,0,0,1,0,차대차 - 측면직각충돌,신호위반,건조,맑음,교차로 - 교차로안,승용,남,39세,상해없음,승용,남,34세,경상
2014043000100012,2014년 4월 30일 00시,수요일,충청북도 진천군 진천읍,경상사고,0,0,1,0,차대차 - 추돌 - 진행중,신호위반,건조,맑음,교차로 - 교차로안,화물,남,50세,상해없음,승용,남,32세,경상
2014043000100013,2014년 4월 30일 00시,수요일,충청북도 청주시 서원구 개신동,중상사고,0,1,1,0,차대차 - 측면직각충돌,안전운전불이행,건조,흐림,단일로 - 기타,승용,남,56세,상해없음,승합,남,58세,중상
2014043000100014,2014년 4월 30일 00시,수요일,충청북도 청주시 흥덕구 송정동,경상사고,0,0,1,0,차량단독 - 공작물충돌,안전운전불이행,건조,맑음,단일로 - 기타,승용,남,56세,경상,,,,
2014043000100031,2014년 4월 30일 01시,수요일,충청북도 청주시 서원구 성화동,경상사고,0,0,1,0,차량단독 - 공작물충돌,안전운전불이행,건조,맑음,단일로 - 기타,승용,남,40세,경상,,,,
2014043000100102,2014년 4월 30일 07시,수요일,충청북도 진천군 문백면,경상사고,0,0,1,0,차대차 - 추돌 - 진행중,중앙선침범,건조,맑음,단일로 - 기타,이륜,남,73세,상해없음,승용,남,31세,경상
2014043000100103,2014년 4월 30일 07시,수요일,충청북도 청주시 흥덕구 강서동,경상사고,0,0,1,0,차대차 - 측면직각충돌,안전운전불이행,건조,맑음,교차로 - 교차로부근,승합,남,45세,상해없음,승용,남,43세,경상
2014043000100104,2014년 4월 30일 07시,수요일,충청북도 청주시 흥덕구 옥산면,중상사고,0,1,1,0,차대차 - 측면직각충돌,교차로운행방법위반,건조,맑음,교차로 - 교차로안,화물,남,53세,경상,승용,여,59세,중상