사고번호,사고일시,요일,시군구,사고내용,사망자수,중상자수,경상자수,부상신고자수,사고유형,법규위반,노면상태,기상상태,도로형태,가해운전자 차종,가해운전자 성별,가해운전자 연령,가해운전자 상해정도,피해운전자 차종,피해운전자 성별,피해운전자 연령,피해운전자 상해정도
2014043000100148,2014년 4월 30일 08시,수요일,충청북도 청주시 청원구 율량동,경상사고,0,0,1,0,차대사람 - 기타,보행자보호의무위반,건조,맑음,단일로 - 기타,승용,남,35세,상해없음,보행자,남,6세,경상
2014043000100149,2014년 4월 30일 08시,수요일,충청북도 청주시 서원구 사직동,경상사고,0,0,1,0,차대차 - 측면직각충돌,안전운전불이행,건조,맑음,단일로 - 기타,원동기,남,16세,경상,승용,남,41세,상해없음
2014043000100184,2014년 4월 30일 09시,수요일,충청북도 청주시 상당구 영운동,경상사고,0,0,1,0,차대차 - 기타,기타,건조,맑음,단일로 - 기타,승용,남,54세,상해없음,자전거,남,60세,경상
2014043000100234,2014년 4월 30일 11시,수요일,충청북도 충주시 엄정면,경상사고,0,0,1,0,차대차 - 추돌 - 진행중,안전운전불이행,건조,맑음,교차로 - 교차로안,이륜,남,83세,경상,승용,남,52세,상해없음
2014043000100235,2014년 4월 30일 11시,수요일,충청북도 청주시 상당구 영운동,경상사고,0,0,2,0,차대차 - 측면직각충돌,교차로운행방법위반,건조,맑음,교차로 - 교차로안,승용,여,30세,경상,승용,남,42세,경상
2014043000100261,2014년 4월 30일 12시,수요일,충청북도 청주시 서원구 사창동,경상사고,0,0,1,0,차대차 - 측면직각충돌,안전운전불이행,건조,맑음,단일로 - 기타,이륜,남,29세,경상,승용,남,58세,상해없음
2014043000100329,2014년 4월 30일 14시,수요일,충청북도 충주시 안림동,경상사고,0,0,2,0,차대차 - 추돌 - 진행중,안전운전불이행,건조,맑음,교차로 - 교차로부근,화물,남,44세,상해없음,승용,여,42세,경상
2014043000100330,2014년 4월 30일 14시,수요일,충청북도 청주시 흥덕구 오송읍,경상사고,0,0,1,0,차대차 - 추돌 - 진행중,안전운전불이행,건조,맑음,단일로 - 교량,화물,남,45세,상해없음,승용,남,69세,경상
2014043000100371,2014년 4월 30일 15시,수요일,충청북도 청주시 상당구 수동,경상사고,0,0,2,0,차대차 - 기타,교차로운행방법위반,건조,맑음,교차로 - 교차로안,승용,남,75세,경상,승용,남,46세,경상
2014043000100397,2014년 4월 30일 16시,수요일,충청북도 청주시 서원구 사창동,경상사고,0,0,1,0,차대차 - 기타,기타,건조,맑음,단일로 - 기타,화물,남,44세,상해없음,자전거,여,50세,경상
2014043000100398,2014년 4월 30일 16시,수요일,충청북도 청주시 서원구 개신동,경상사고,0,0,2,0,차대차 - 측면직각충돌,신호위반,건조,맑음,교차로 - 교차로안,승용,남,56세,경상,승용,여,27세,경상
2014043000100399,2014년 4월 30일 16시,수요일,충청북도 청주시 상당구 용암동,경상사고,0,0,1,0,차대사람 - 기타,안전운전불이행,건조,맑음,단일로 - 횡단보도부근,승용,남,63세,상해없음,보행자,남,69세,경상
2014043000100423,2014년 4월 30일 17시,수요일,충청북도 청주시 상당구 미원면,중상사고,0,1,0,0,차대차 - 기타,안전운전불이행,건조,맑음,교차로 - 교차로안,화물,남,28세,상해없음,자전거,여,69세,중상
2014043000100454,2014년 4월 30일 18시,수요일,충청북도 충주시 연수동,중상사고,0,1,1,0,차대차 - 정면충돌,신호위반,건조,맑음,교차로 - 교차로안,승용,남,26세,상해없음,승용,여,46세,중상
2014043000100455,2014년 4월 30일 18시,수요일,충청북도 청주시 서원구 사창동,경상사고,0,0,1,0,차대차 - 기타,불법유턴,건조,맑음,단일로 - 기타,화물,남,43세,상해없음,자전거,남,20세,경상
2014043000100456,2014년 4월 30일 18시,수요일,충청북도 청주시 상당구 용암동,중상사고,0,1,0,0,차대차 - 기타,안전운전불이행,건조,맑음,교차로 - 교차로안,승용,남,33세,상해없음,원동기,남,18세,중상
2014043000100457,2014년 4월 30일 18시,수요일,충청북도 청주시 상당구 용암동,경상사고,0,0,1,0,차대사람 - 기타,안전운전불이행,건조,맑음,단일로 - 횡단보도부근,화물,남,37세,상해없음,보행자,여,9세,경상
2014043000100495,2014년 4월 30일 19시,수요일,충청북도 청주시 서원구 사창동,경상사고,0,0,1,0,차대차 - 측면직각충돌,신호위반,건조,맑음,교차로 - 교차로부근,승용,여,63세,상해없음,이륜,남,32세,경상
2014043000100496,2014년 4월 30일 19시,수요일,충청북도 청주시 서원구 분평동,중상사고,0,1,0,0,차량단독 - 공작물충돌,안전운전불이행,건조,맑음,단일로 - 기타,승합,남,51세,상해없음,,,,
2014043000100582,2014년 4월 30일 21시,수요일,충청북도 음성군 대소면,중상사고,0,1,0,0,차대사람 - 기타,보행자보호의무위반,건조,맑음,교차로 - 교차로안,승합,남,71세,상해없음,보행자,남,57세,중상
2014043000100618,2014년 4월 30일 22시,수요일,충청북도 청주시 청원구 오창읍,경상사고,0,0,1,0,차대사람 - 길가장자리구역통행중,안전운전불이행,건조,맑음,교차로 - 교차로부근,승용,남,32세,상해없음,보행자,남,31세,경상
2014043000100619,2014년 4월 30일 22시,수요일,충청북도 옥천군 군북면,사망사고,1,0,0,0,차대사람 - 횡단중,안전운전불이행,건조,맑음,교차로 - 교차로안,승용,여,57세,상해없음,보행자,남,62세,사망
2014043000100620,2014년 4월 30일 22시,수요일,충청북도 청주시 흥덕구 복대동,경상사고,0,0,1,0,차대차 - 측면직각충돌,안전운전불이행,건조,흐림,교차로 - 교차로안,이륜,남,21세,경상,승용,남,25세,상해없음
2014043000100621,2014년 4월 30일 22시,수요일,충청북도 청주시 서원구 사창동,경상사고,0,0,2,0,차대사람 - 길가장자리구역통행중,안전운전불이행,건조,맑음,단일로 - 기타,승용,남,58세,상해없음,보행자,여,26세,경상
2014043000100622,2014년 4월 30일 22시,수요일,충청북도 청주시 흥덕구 복대동,경상사고,0,0,3,0,차대차 - 추돌 - 주정차중,안전운전불이행,건조,맑음,교차로 - 교차로부근,승용,남,51세,상해없음,승용,남,21세,경상
2014043000100623,2014년 4월 30일 22시,수요일,충청북도 청주시 서원구 분평동,중상사고,0,1,2,0,차대차 - 기타,안전운전불이행,건조,맑음,단일로 - 기타,승용,남,34세,중상,승용,남,45세,경상
2014043000100659,2014년 4월 30일 23시,수요일,충청북도 청주시 상당구 명암동,경상사고,0,0,1,0,차대차 - 추돌 - 진행중,안전운전불이행,건조,맑음,교차로 - 교차로부근,승용,남,40세,상해없음,승용,남,35세,경상
2014050100100015,2014년 5월 1일 00시,목요일,충청북도 청주시 청원구 오창읍,경상사고,0,0,1,0,차대사람 - 기타,안전운전불이행,건조,맑음,교차로 - 교차로부근,승용,남,46세,상해없음,보행자,남,57세,경상
2014050100100103,2014년 5월 1일 07시,목요일,충청북도 충주시 대소원면,경상사고,0,0,2,0,차대차 - 기타,신호위반,건조,맑음,교차로 - 교차로안,화물,남,53세,상해없음,승용,여,61세,경상
2014050100100104,2014년 5월 1일 07시,목요일,충청북도 제천시 신백동,경상사고,0,0,2,0,차대차 - 측면직각충돌,안전운전불이행,건조,맑음,교차로 - 교차로안,승용,남,46세,상해없음,승용,여,39세,경상
2014050100100133,2014년 5월 1일 08시,목요일,충청북도 제천시 교동,중상사고,0,1,0,0,차대사람 - 기타,안전운전불이행,건조,맑음,교차로 - 교차로부근,승용,여,30세,상해없음,보행자,남,62세,중상
2014050100100134,2014년 5월 1일 08시,목요일,충청북도 제천시 봉양읍,경상사고,0,0,1,0,차대차 - 기타,안전운전불이행,건조,맑음,교차로 - 교차로부근,화물,남,40세,상해없음,특수,남,61세,경상
2014050100100135,2014년 5월 1일 08시,목요일,충청북도 단양군 단양읍,경상사고,0,0,2,0,차대차 - 측면직각충돌,중앙선침범,건조,맑음,단일로 - 기타,승용,남,72세,상해없음,승용,여,46세,경상
2014050100100136,2014년 5월 1일 08시,목요일,충청북도 청주시 서원구 장성동,경상사고,0,0,1,0,차대차 - 추돌 - 진행중,안전운전불이행,건조,맑음,교차로 - 교차로부근,승용,여,34세,상해없음,승용,남,30세,상해없음
2014050100100241,2014년 5월 1일 12시,목요일,충청북도 충주시 연수동,중상사고,0,2,0,0,차대차 - 측면직각충돌,안전거리미확보,건조,맑음,단일로 - 기타,화물,남,57세,상해없음,승용,남,51세,중상
2014050100100265,2014년 5월 1일 13시,목요일,충청북도 충주시 금릉동,경상사고,0,0,1,0,차대차 - 기타,기타,건조,맑음,단일로 - 기타,승용,남,46세,상해없음,자전거,여,23세,경상
2014050100100299,2014년 5월 1일 14시,목요일,충청북도 충주시 대소원면,부상신고사고,0,0,0,1,차대차 - 추돌 - 주정차중,안전운전불이행,건조,맑음,단일로 - 기타,자전거,남,48세,부상신고,원동기,남,58세,상해없음
2014050100100300,2014년 5월 1일 14시,목요일,충청북도 충주시 용두동,중상사고,0,3,0,0,차대차 - 측면직각충돌,신호위반,건조,맑음,교차로 - 교차로안,승용,남,28세,중상,승용,남,32세,중상
2014050100100301,2014년 5월 1일 14시,목요일,충청북도 증평군 증평읍,경상사고,0,0,1,0,차대차 - 측면직각충돌,안전운전불이행,건조,맑음,교차로 - 교차로안,승용,남,36세,상해없음,승용,여,36세,경상
2014050100100334,2014년 5월 1일 15시,목요일,충청북도 청주시 청원구 내덕동,중상사고,0,1,1,0,차대차 - 기타,신호위반,건조,맑음,교차로 - 교차로안,원동기,남,65세,중상,승용,여,30세,경상
2014050100100335,2014년 5월 1일 15시,목요일,충청북도 제천시 동현동,중상사고,0,1,0,0,차대차 - 기타,직진우회전진행방해,건조,맑음,교차로 - 교차로안,승용,여,48세,중상,화물,남,63세,상해없음
2014050100100336,2014년 5월 1일 15시,목요일,충청북도 청주시 흥덕구 봉명동,경상사고,0,0,1,0,차대차 - 추돌 - 주정차중,안전운전불이행,건조,맑음,교차로 - 교차로부근,승용,남,54세,상해없음,승용,여,35세,경상
2014050100100337,2014년 5월 1일 15시,목요일,충청북도 청주시 상당구 용암동,중상사고,0,1,0,0,차대사람 - 횡단중,신호위반,건조,맑음,단일로 - 횡단보도상,승용,남,63세,상해없음,보행자,여,52세,중상
2014050100100376,2014년 5월 1일 16시,목요일,충청북도 충주시 달천동,중상사고,0,1,2,0,차대차 - 추돌 - 주정차중,안전거리미확보,건조,맑음,단일로 - 기타,승용,남,75세,중상,승합,남,47세,상해없음
2014050100100377,2014년 5월 1일 16시,목요일,충청북도 음성군 대소면,중상사고,0,1,0,0,차대사람 - 기타,안전운전불이행,건조,맑음,교차로 - 교차로안,승용,여,40세,상해없음,보행자,남,28세,중상
2014050100100378,2014년 5월 1일 16시,목요일,충청북도 청주시 흥덕구 복대동,경상사고,0,0,2,0,차대차 - 추돌 - 진행중,안전운전불이행,건조,맑음,단일로 - 기타,승용,남,24세,상해없음,승용,남,26세,경상
2014050100100451,2014년 5월 1일 18시,목요일,충청북도 청주시 흥덕구 강서동,경상사고,0,0,1,0,차대차 - 추돌 - 진행중,안전운전불이행,건조,맑음,교차로 - 교차로부근,승용,남,59세,상해없음,화물,남,50세,상해없음
2014050100100500,2014년 5월 1일 19시,목요일,충청북도 음성군 금왕읍,중상사고,0,1,0,0,차대차 - 기타,안전운전불이행,건조,흐림,교차로 - 교차로안,승용,남,31세,상해없음,원동기,남,57세,중상
2014050100100501,2014년 5월 1일 19시,목요일,충청북도 청주시 상당구 용암동,중상사고,0,1,0,0,차대사람 - 횡단중,보행자보호의무위반,건조,맑음,단일로 - 횡단보도상,승용,남,20세,상해없음,보행자,여,72세,중상
2014050100100531,2014년 5월 1일 20시,목요일,충청북도 충주시 목행동,중상사고,0,1,0,0,차대사람 - 기타,안전운전불이행,건조,맑음,교차로 - 교차로안,승용,남,44세,상해없음,보행자,여,50세,중상
2014050100100561,2014년 5월 1일 21시,목요일,충청북도 청주시 서원구 사창동,사망사고,1,0,0,0,차대사람 - 횡단중,안전운전불이행,건조,맑음,교차로 - 교차로부근,승용,여,33세,상해없음,보행자,남,47세,사망
2014050100100624,2014년 5월 1일 23시,목요일,충청북도 청주시 서원구 사창동,경상사고,0,0,1,0,차대차 - 추돌 - 진행중,차로위반,건조,맑음,단일로 - 기타,승용,남,26세,상해없음,이륜,남,42세,경상
2014050200100015,2014년 5월 2일 00시,금요일,충청북도 청주시 서원구 개신동,중상사고,0,1,1,0,차대차 - 측면직각충돌,신호위반,건조,맑음,교차로 - 교차로안,이륜,남,18세,중상,승용,남,58세,경상
2014050200100032,2014년 5월 2일 01시,금요일,충청북도 청주시 서원구 모충동,경상사고,0,0,1,0,차량단독 - 기타,안전운전불이행,건조,맑음,단일로 - 기타,승용,남,53세,상해없음,,,,
2014050200100131,2014년 5월 2일 08시,금요일,충청북도 청주시 상당구 금천동,경상사고,0,0,1,0,차대사람 - 기타,안전운전불이행,건조,맑음,단일로 - 기타,화물,남,51세,상해없음,보행자,남,23세,경상
2014050200100132,2014년 5월 2일 08시,금요일,충청북도 영동군 영동읍,경상사고,0,0,1,0,차대차 - 기타,안전운전불이행,건조,맑음,교차로 - 교차로부근,승용,여,41세,상해없음,자전거,남,14세,경상
2014050200100133,2014년 5월 2일 08시,금요일,충청북도 괴산군 장연면,경상사고,0,0,1,0,차대차 - 기타,직진우회전진행방해,건조,맑음,교차로 - 교차로안,승합,남,60세,상해없음,승용,남,39세,경상
2014050200100134,2014년 5월 2일 08시,금요일,충청북도 청주시 흥덕구 봉명동,경상사고,0,0,1,0,차대차 - 기타,안전운전불이행,건조,맑음,단일로 - 기타,승용,여,46세,상해없음,자전거,남,27세,경상
2014050200100135,2014년 5월 2일 08시,금요일,충청북도 청주시 상당구 용담동,경상사고,0,0,1,0,차대차 - 측면직각충돌,안전운전불이행,건조,맑음,교차로 - 교차로부근,승용,여,27세,상해없음,승용,여,48세,경상
2014050200100198,2014년 5월 2일 10시,금요일,충청북도 청주시 청원구 우암동,경상사고,0,0,1,0,차대차 - 기타,안전운전불이행,건조,맑음,교차로 - 교차로부근,승용,남,55세,상해없음,승용,여,55세,경상
2014050200100199,2014년 5월 2일 10시,금요일,충청북도 보은군 보은읍,경상사고,0,0,1,0,차대차 - 측면직각충돌,교차로운행방법위반,건조,맑음,교차로 - 교차로안,승용,남,32세,상해없음,자전거,남,47세,경상
2014050200100238,2014년 5월 2일 11시,금요일,충청북도 청주시 상당구 석교동,중상사고,0,1,0,0,차대사람 - 길가장자리구역통행중,불법유턴,건조,맑음,단일로 - 기타,승합,남,53세,상해없음,보행자,남,88세,중상
2014050200100239,2014년 5월 2일 11시,금요일,충청북도 청주시 흥덕구 복대동,중상사고,0,1,0,0,차대차 - 측면직각충돌,기타,건조,맑음,교차로 - 교차로부근,승용,남,58세,상해없음,자전거,남,9세,중상
2014050200100263,2014년 5월 2일 12시,금요일,충청북도 청주시 청원구 우암동,중상사고,0,1,0,0,차대사람 - 기타,안전운전불이행,건조,맑음,단일로 - 기타,승용,남,75세,상해없음,보행자,여,68세,중상
2014050200100334,2014년 5월 2일 14시,금요일,,경상사고,0,0,3,0,차대차 - 측면직각충돌,신호위반,건조,맑음,교차로 - 교차로안,승합,남,36세,상해없음,승용,남,38세,경상
2014050200100382,2014년 5월 2일 15시,금요일,충청북도 옥천군 이원면,경상사고,0,0,1,0,차대차 - 측면직각충돌,안전운전불이행,건조,맑음,단일로 - 기타,승용,남,54세,상해없음,자전거,남,37세,경상
2014050200100429,2014년 5월 2일 16시,금요일,충청북도 청주시 상당구 금천동,경상사고,0,0,2,0,차대차 - 기타,안전운전불이행,건조,맑음,교차로 - 교차로부근,승용,남,51세,상해없음,화물,남,59세,경상
2014050200100430,2014년 5월 2일 16시,금요일,충청북도 보은군 마로면,경상사고,0,0,1,0,차대차 - 측면직각충돌,안전운전불이행,건조,맑음,교차로 - 교차로부근,건설기계,남,52세,상해없음,원동기,남,77세,경상
2014050200100431,2014년 5월 2일 16시,금요일,충청북도 청주시 서원구 사직동,부상신고사고,0,0,0,1,차대차 - 측면직각충돌,교차로운행방법위반,건조,맑음,교차로 - 교차로안,승용,남,19세,상해없음,승용,여,30세,부상신고
2014050200100479,2014년 5월 2일 17시,금요일,충청북도 청주시 청원구 오창읍,경상사고,0,0,1,0,차대차 - 기타,신호위반,습기,흐림,교차로 - 교차로안,건설기계,남,53세,기타불명,승용,남,25세,경상
2014050200100480,2014년 5월 2일 17시,금요일,충청북도 제천시 장락동,경상사고,0,0,1,0,차대차 - 측면직각충돌,신호위반,건조,흐림,교차로 - 교차로안,자전거,남,9세,경상,승용,남,43세,상해없음
2014050200100481,2014년 5월 2일 17시,금요일,충청북도 청주시 서원구 모충동,경상사고,0,0,1,0,차대차 - 추돌 - 주정차중,안전운전불이행,건조,맑음,단일로 - 기타,승용,남,78세,경상,승용,남,37세,기타불명
2014050200100527,2014년 5월 2일 18시,금요일,충청북도 충주시 교현동,경상사고,0,0,1,0,차대차 - 기타,안전거리미확보,습기,비,교차로 - 교차로부근,승합,여,34세,상해없음,승용,남,53세,경상
2014050200100528,2014년 5월 2일 18시,금요일,충청북도 청주시 서원구 분평동,경상사고,0,0,1,0,차대차 - 측면직각충돌,안전운전불이행,건조,맑음,단일로 - 기타,승용,남,42세,상해없음,승용,남,25세,경상
2014050200100565,2014년 5월 2일 19시,금요일,충청북도 제천시 강제동,경상사고,0,0,1,0,차대차 - 측면직각충돌,신호위반,건조,맑음,교차로 - 교차로안,승용,여,41세,상해없음,승용,남,24세,경상
2014050200100566,2014년 5월 2일 19시,금요일,충청북도 청주시 흥덕구 가경동,경상사고,0,0,1,0,차대차 - 추돌 - 진행중,안전운전불이행,건조,맑음,교차로 - 교차로안,승용,여,42세,상해없음,승용,여,44세,경상
2014050200100567,2014년 5월 2일 19시,금요일,충청북도 청주시 상당구 미원면,경상사고,0,0,1,0,차량단독 - 공작물충돌,안전운전불이행,건조,맑음,단일로 - 기타,승용,여,40세,경상,,,,
2014050200100599,2014년 5월 2일 20시,금요일,충청북도 충주시 용산동,중상사고,0,1,0,0,차대차 - 추돌 - 진행중,안전운전불이행,습기,비,교차로 - 교차로안,승합,남,53세,상해없음,원동기,남,65세,중상
2014050200100633,2014년 5월 2일 21시,금요일,충청북도 청주시 서원구 분평동,경상사고,0,0,1,0,차대차 - 추돌 - 진행중,안전운전불이행,건조,기타,단일로 - 기타,화물,남,44세,상해없음,승용,남,69세,경상
2014050300100034,2014년 5월 3일 01시,토요일,충청북도 청주시 상당구 수동,중상사고,0,1,1,0,차대차 - 기타,교차로운행방법위반,건조,맑음,교차로 - 교차로안,승용,남,32세,상해없음,승용,남,63세,경상
2014050300100074,2014년 5월 3일 03시,토요일,충청북도 청주시 서원구 분평동,경상사고,0,0,1,0,차대차 - 측면직각충돌,안전운전불이행,건조,맑음,교차로 - 교차로부근,승용,남,28세,상해없음,승용,여,43세,경상
2014050300100103,2014년 5월 3일 05시,토요일,충청북도 청주시 흥덕구 화계동,경상사고,0,0,1,0,차대차 - 기타,안전운전불이행,건조,흐림,기타 - 기타,승용,남,44세,상해없음,자전거,남,53세,경상
2014050300100131,2014년 5월 3일 07시,토요일,충청북도 청주시 흥덕구 가경동,경상사고,0,0,2,0,차대차 - 측면직각충돌,신호위반,건조,맑음,교차로 - 교차로안,승용,여,27세,상해없음,승용,남,33세,경상
2014050300100166,2014년 5월 3일 09시,토요일,충청북도 청주시 상당구 운동동,중상사고,0,1,3,0,차대차 - 기타,안전운전불이행,건조,맑음,단일로 - 기타,농기계,남,49세,중상,승용,남,60세,경상
2014050300100202,2014년 5월 3일 10시,토요일,충청북도 청주시 상당구 석교동,중상사고,0,1,1,0,차대차 - 추돌 - 주정차중,안전운전불이행,건조,맑음,단일로 - 기타,승용,여,58세,경상,승용,남,38세,상해없음
2014050300100203,2014년 5월 3일 10시,토요일,충청북도 제천시 남천동,중상사고,0,1,3,0,차대차 - 측면직각충돌,직진우회전진행방해,건조,맑음,교차로 - 교차로안,승용,남,37세,상해없음,승용,남,47세,중상
2014050300100204,2014년 5월 3일 10시,토요일,충청북도 청주시 상당구 영운동,경상사고,0,0,3,0,차대차 - 기타,신호위반,건조,맑음,교차로 - 교차로안,승용,여,52세,상해없음,승용,남,45세,경상
2014050300100243,2014년 5월 3일 11시,토요일,충청북도 영동군 영동읍,중상사고,0,1,1,0,차대사람 - 기타,안전운전불이행,건조,맑음,교차로 - 교차로부근,승용,여,59세,상해없음,보행자,여,54세,중상
2014050300100244,2014년 5월 3일 11시,토요일,충청북도 청주시 흥덕구 옥산면,경상사고,0,0,1,0,차대사람 - 기타,기타,건조,맑음,단일로 - 기타,화물,남,26세,상해없음,보행자,여,66세,경상
2014050300100292,2014년 5월 3일 12시,토요일,충청북도 증평군 증평읍,중상사고,0,1,1,0,차대차 - 기타,중앙선침범,건조,맑음,교차로 - 교차로안,승용,남,33세,상해없음,승용,남,69세,경상
2014050300100326,2014년 5월 3일 13시,토요일,충청북도 제천시 교동,중상사고,0,1,0,0,차대사람 - 기타,안전운전불이행,건조,맑음,교차로 - 교차로부근,승용,여,55세,상해없음,보행자,남,10세,중상
2014050300100327,2014년 5월 3일 13시,토요일,충청북도 청주시 상당구 미원면,중상사고,0,1,0,0,차대차 - 기타,안전운전불이행,건조,맑음,단일로 - 기타,승용,남,55세,상해없음,이륜,남,65세,중상
2014050300100328,2014년 5월 3일 13시,토요일,충청북도 괴산군 장연면,중상사고,0,1,0,0,차대사람 - 기타,안전운전불이행,건조,맑음,단일로 - 기타,승용,남,60세,상해없음,보행자,남,47세,중상
2014050300100373,2014년 5월 3일 14시,토요일,충청북도 충주시 봉방동,경상사고,0,0,3,0,차대차 - 기타,안전운전불이행,건조,맑음,단일로 - 기타,승용,여,51세,상해없음,승용,여,56세,경상
2014050300100374,2014년 5월 3일 14시,토요일,충청북도 보은군 보은읍,경상사고,0,0,1,0,차대차 - 기타,안전운전불이행,건조,맑음,단일로 - 기타,자전거,여,59세,경상,승용,남,72세,상해없음
2014050300100375,2014년 5월 3일 14시,토요일,충청북도 청주시 서원구 사창동,경상사고,0,0,1,0,차대차 - 측면직각충돌,안전운전불이행,건조,맑음,교차로 - 교차로안,이륜,남,61세,경상,승합,남,46세,상해없음
2014050300100376,2014년 5월 3일 14시,토요일,충청북도 청주시 서원구 사직동,부상신고사고,0,0,0,1,차대사람 - 횡단중,안전운전불이행,건조,맑음,단일로 - 기타,승용,여,55세,상해없음,보행자,남,3세,부상신고
2014050300100420,2014년 5월 3일 15시,토요일,충청북도 제천시 봉양읍,중상사고,0,2,0,0,차대차 - 추돌 - 진행중,안전거리미확보,건조,맑음,단일로 - 기타,승용,남,41세,기타불명,승용,남,30세,중상
2014050300100457,2014년 5월 3일 16시,토요일,충청북도 청주시 상당구 명암동,중상사고,0,1,0,0,차대사람 - 기타,안전운전불이행,건조,맑음,단일로 - 기타,승용,남,44세,상해없음,보행자,남,48세,중상
2014050300100458,2014년 5월 3일 16시,토요일,충청북도 청주시 흥덕구 지동동,중상사고,0,6,5,0,차대차 - 추돌 - 진행중,안전거리미확보,건조,맑음,단일로 - 기타,승용,여,42세,상해없음,승용,남,55세,경상
2014050300100555,2014년 5월 3일 18시,토요일,충청북도 청주시 청원구 내덕동,경상사고,0,0,1,0,차대차 - 측면직각충돌,안전운전불이행,건조,맑음,교차로 - 교차로부근,승용,남,42세,상해없음,승용,남,63세,경상
2014050300100556,2014년 5월 3일 18시,토요일,충청북도 충주시 교현동,경상사고,0,0,3,0,차대차 - 추돌 - 주정차중,안전운전불이행,건조,맑음,교차로 - 교차로부근,승용,남,59세,상해없음,승용,남,49세,경상
2014050300100601,2014년 5월 3일 19시,토요일,충청북도 청주시 서원구 사창동,부상신고사고,0,0,0,1,차대차 - 측면직각충돌,안전운전불이행,건조,맑음,단일로 - 기타,이륜,여,67세,부상신고,자전거,남,23세,상해없음
2014050300100602,2014년 5월 3일 19시,토요일,충청북도 청주시 흥덕구 복대동,경상사고,0,0,1,0,차대차 - 추돌 - 주정차중,불법유턴,건조,맑음,교차로 - 교차로부근,승용,남,33세,상해없음,승용,남,52세,경상
2014050300100632,2014년 5월 3일 20시,토요일,충청북도 제천시 화산동,중상사고,0,1,0,0,차대사람 - 기타,안전운전불이행,건조,맑음,기타 - 기타,승용,여,27세,상해없음,보행자,남,28세,중상
2014050300100633,2014년 5월 3일 20시,토요일,충청북도 괴산군 연풍면,중상사고,0,1,3,1,차대차 - 추돌 - 진행중,안전운전불이행,건조,맑음,단일로 - 기타,승용,남,34세,부상신고,승용,여,52세,경상
2014050300100665,2014년 5월 3일 21시,토요일,충청북도 음성군 금왕읍,중상사고,0,1,0,0,차대차 - 기타,안전운전불이행,건조,맑음,교차로 - 교차로안,승용,남,46세,상해없음,원동기,남,16세,중상
2014050400100034,2014년 5월 4일 01시,일요일,충청북도 충주시 봉방동,중상사고,0,1,1,0,차대차 - 측면직각충돌,신호위반,건조,맑음,교차로 - 교차로안,승용,남,28세,상해없음,승용,남,31세,경상
2014050400100035,2014년 5월 4일 01시,일요일,충청북도 충주시 연수동,경상사고,0,0,1,0,차대사람 - 기타,안전운전불이행,건조,맑음,단일로 - 기타,승용,남,18세,상해없음,보행자,남,27세,경상
2014050400100073,2014년 5월 4일 05시,일요일,충청북도 청주시 상당구 용암동,중상사고,0,1,0,0,차대차 - 추돌 - 주정차중,안전운전불이행,건조,흐림,단일로 - 기타,승용,남,27세,상해없음,승용,남,60세,중상
2014050400100102,2014년 5월 4일 07시,일요일,충청북도 청주시 서원구 분평동,경상사고,0,0,1,0,차대차 - 기타,신호위반,건조,맑음,교차로 - 교차로안,기타불명,기타불명,기타불명,기타불명,승용,남,55세,상해없음
2014050400100116,2014년 5월 4일 08시,일요일,충청북도 충주시 금가면,중상사고,0,1,0,0,차량단독 - 공작물충돌,안전운전불이행,건조,맑음,단일로 - 기타,승용,여,23세,중상,,,,
2014050400100117,2014년 5월 4일 08시,일요일,충청북도 증평군 증평읍,중상사고,0,1,2,0,차대차 - 정면충돌,안전운전불이행,건조,흐림,교차로 - 교차로안,승용,남,25세,경상,승용,남,52세,중상
2014050400100183,2014년 5월 4일 12시,일요일,충청북도 증평군 증평읍,경상사고,0,0,1,0,차대차 - 기타,안전거리미확보,건조,맑음,교차로 - 교차로안,승용,남,40세,상해없음,이륜,남,59세,경상
2014050400100184,2014년 5월 4일 12시,일요일,충청북도 단양군 가곡면,경상사고,0,0,3,0,차대차 - 추돌 - 주정차중,안전거리미확보,건조,맑음,단일로 - 교량,건설기계,남,44세,상해없음,승용,남,40세,경상
2014050400100185,2014년 5월 4일 12시,일요일,충청북도 청주시 흥덕구 신봉동,경상사고,0,0,4,0,차대차 - 측면직각충돌,안전운전불이행,건조,맑음,단일로 - 기타,승용,여,43세,경상,승용,남,44세,경상
2014050400100210,2014년 5월 4일 13시,일요일,충청북도 보은군 마로면,중상사고,0,1,2,0,차대차 - 측면직각충돌,교차로운행방법위반,건조,맑음,교차로 - 교차로안,승용,남,73세,중상,화물,남,66세,경상
2014050400100211,2014년 5월 4일 13시,일요일,충청북도 음성군 음성읍,중상사고,0,1,0,0,차대사람 - 횡단중,보행자보호의무위반,건조,맑음,교차로 - 교차로안,승용,남,45세,상해없음,보행자,남,7세,중상
2014050400100212,2014년 5월 4일 13시,일요일,충청북도 옥천군 이원면,중상사고,0,4,1,0,차대차 - 측면직각충돌,신호위반,건조,맑음,교차로 - 교차로안,승용,남,53세,중상,승용,남,36세,중상
2014050400100255,2014년 5월 4일 15시,일요일,충청북도 영동군 용산면,중상사고,0,2,4,0,차대차 - 추돌 - 진행중,안전거리미확보,건조,맑음,단일로 - 기타,승용,남,54세,경상,승용,남,39세,중상
2014050400100285,2014년 5월 4일 16시,일요일,충청북도 청주시 상당구 남문로1가동,중상사고,0,1,0,0,차대차 - 기타,안전운전불이행,건조,맑음,단일로 - 기타,승용,남,44세,상해없음,자전거,남,67세,중상