사고번호,사고일시,요일,시군구,사고내용,사망자수,중상자수,경상자수,부상신고자수,사고유형,법규위반,노면상태,기상상태,도로형태,가해운전자 차종,가해운전자 성별,가해운전자 연령,가해운전자 상해정도,피해운전자 차종,피해운전자 성별,피해운전자 연령,피해운전자 상해정도
2014050400100286,2014년 5월 4일 16시,일요일,충청북도 증평군 증평읍,중상사고,0,1,0,0,차대사람 - 횡단중,안전운전불이행,건조,맑음,단일로 - 횡단보도상,승용,여,52세,상해없음,보행자,여,59세,중상
2014050400100311,2014년 5월 4일 17시,일요일,충청북도 옥천군 안내면,경상사고,0,0,1,0,차대차 - 측면직각충돌,중앙선침범,건조,맑음,단일로 - 기타,화물,남,59세,상해없음,승용,남,65세,경상
2014050400100312,2014년 5월 4일 17시,일요일,충청북도 청주시 흥덕구 가경동,부상신고사고,0,0,0,1,차대차 - 기타,안전운전불이행,건조,맑음,교차로 - 교차로부근,원동기,남,71세,부상신고,승용,여,40세,상해없음
2014050400100339,2014년 5월 4일 18시,일요일,충청북도 청주시 상당구 서문동,경상사고,0,0,1,0,차대사람 - 기타,보행자보호의무위반,건조,맑음,교차로 - 교차로부근,승용,남,47세,상해없음,보행자,남,70세,경상
2014050400100340,2014년 5월 4일 18시,일요일,충청북도 증평군 증평읍,중상사고,0,1,6,0,차대차 - 추돌 - 주정차중,안전운전불이행,건조,맑음,교차로 - 교차로안,승용,남,50세,중상,승용,남,66세,경상
2014050400100367,2014년 5월 4일 19시,일요일,충청북도 옥천군 옥천읍,중상사고,0,1,0,0,차대차 - 추돌 - 주정차중,안전운전불이행,건조,맑음,단일로 - 기타,승용,남,61세,상해없음,화물,여,54세,상해없음
2014050400100401,2014년 5월 4일 20시,일요일,충청북도 충주시 금릉동,중상사고,0,1,0,0,차대차 - 기타,안전운전불이행,습기,비,교차로 - 교차로부근,승용,남,22세,상해없음,승용,남,45세,중상
2014050400100402,2014년 5월 4일 20시,일요일,충청북도 충주시 칠금동,경상사고,0,0,1,0,차대사람 - 기타,신호위반,습기,비,단일로 - 횡단보도상,승용,남,69세,상해없음,보행자,남,21세,경상
2014050400100403,2014년 5월 4일 20시,일요일,충청북도 충주시 노은면,중상사고,0,1,0,0,차대차 - 기타,중앙선침범,건조,맑음,단일로 - 기타,화물,남,55세,상해없음,승용,남,27세,중상
2014050400100404,2014년 5월 4일 20시,일요일,충청북도 청주시 서원구 현도면,경상사고,0,0,1,0,차대차 - 측면직각충돌,안전운전불이행,습기,비,단일로 - 기타,화물,남,48세,상해없음,승용,남,29세,경상
2014050400100445,2014년 5월 4일 21시,일요일,충청북도 청주시 상당구 탑동,경상사고,0,0,1,0,차대사람 - 기타,중앙선침범,습기,비,단일로 - 횡단보도상,승용,남,18세,상해없음,보행자,남,49세,경상
2014050400100446,2014년 5월 4일 21시,일요일,충청북도 충주시 문화동,중상사고,0,1,0,0,차대차 - 기타,안전운전불이행,습기,비,단일로 - 기타,승용,남,43세,상해없음,승용,남,32세,중상
2014050400100447,2014년 5월 4일 21시,일요일,충청북도 제천시 장락동,경상사고,0,0,3,0,차대차 - 기타,안전거리미확보,습기,비,단일로 - 기타,승용,남,26세,경상,승용,남,49세,경상
2014050400100474,2014년 5월 4일 22시,일요일,충청북도 청주시 서원구 사창동,경상사고,0,0,5,0,차대차 - 추돌 - 주정차중,안전운전불이행,습기,흐림,교차로 - 교차로부근,승용,남,49세,상해없음,승용,남,30세,경상
2014050400100475,2014년 5월 4일 22시,일요일,충청북도 청주시 상당구 용암동,경상사고,0,0,2,0,차대차 - 기타,안전운전불이행,습기,흐림,단일로 - 기타,화물,남,21세,상해없음,승용,남,29세,상해없음
2014050500100028,2014년 5월 5일 01시,월요일,충청북도 충주시 연수동,경상사고,0,0,2,0,차대차 - 기타,직진우회전진행방해,건조,맑음,교차로 - 교차로안,승합,남,29세,상해없음,승용,여,57세,경상
2014050500100146,2014년 5월 5일 10시,월요일,충청북도 음성군 원남면,경상사고,0,0,2,0,차대차 - 기타,안전운전불이행,건조,맑음,교차로 - 교차로부근,화물,남,56세,상해없음,화물,남,56세,경상
2014050500100147,2014년 5월 5일 10시,월요일,충청북도 단양군 매포읍,경상사고,0,0,8,0,차대차 - 추돌 - 주정차중,안전거리미확보,건조,맑음,단일로 - 기타,화물,남,32세,상해없음,승용,남,58세,경상
2014050500100174,2014년 5월 5일 11시,월요일,충청북도 청주시 상당구 미원면,중상사고,0,1,2,0,차량단독 - 기타,안전운전불이행,건조,맑음,단일로 - 기타,승용,여,50세,경상,,,,
2014050500100175,2014년 5월 5일 11시,월요일,충청북도 청주시 청원구 오창읍,경상사고,0,0,1,0,차대차 - 추돌 - 진행중,안전거리미확보,건조,맑음,단일로 - 기타,화물,남,62세,상해없음,승용,남,20세,경상
2014050500100202,2014년 5월 5일 12시,월요일,충청북도 영동군 황간면,경상사고,0,0,1,0,차대사람 - 기타,안전운전불이행,건조,맑음,단일로 - 기타,승용,남,64세,상해없음,보행자,남,64세,경상
2014050500100235,2014년 5월 5일 13시,월요일,충청북도 진천군 이월면,중상사고,0,1,1,0,차대차 - 추돌 - 주정차중,안전운전불이행,건조,맑음,교차로 - 교차로부근,화물,남,49세,상해없음,승용,여,58세,중상
2014050500100236,2014년 5월 5일 13시,월요일,충청북도 청주시 상당구 미원면,경상사고,0,0,4,0,차대차 - 기타,중앙선침범,건조,맑음,단일로 - 기타,승용,남,64세,상해없음,승용,남,61세,경상
2014050500100310,2014년 5월 5일 15시,월요일,충청북도 보은군 보은읍,경상사고,0,0,1,0,차대차 - 기타,안전운전불이행,건조,맑음,단일로 - 기타,승용,여,49세,경상,승용,남,55세,상해없음
2014050500100311,2014년 5월 5일 15시,월요일,충청북도 옥천군 옥천읍,중상사고,0,1,0,0,차대차 - 추돌 - 진행중,안전운전불이행,건조,맑음,단일로 - 교량,화물,남,74세,상해없음,이륜,여,55세,중상
2014050500100350,2014년 5월 5일 16시,월요일,충청북도 청주시 서원구 사직동,경상사고,0,0,1,0,차대사람 - 기타,안전운전불이행,건조,맑음,교차로 - 교차로안,화물,남,55세,상해없음,보행자,남,64세,경상
2014050500100378,2014년 5월 5일 17시,월요일,충청북도 청주시 서원구 개신동,경상사고,0,0,2,0,차대차 - 측면직각충돌,안전운전불이행,건조,맑음,단일로 - 기타,승용,여,29세,상해없음,승용,남,51세,경상
2014050500100416,2014년 5월 5일 18시,월요일,충청북도 제천시 봉양읍,중상사고,0,1,1,0,차대차 - 기타,직진우회전진행방해,건조,맑음,교차로 - 교차로안,화물,남,33세,중상,승용,남,39세,경상
2014050500100417,2014년 5월 5일 18시,월요일,충청북도 청주시 흥덕구 비하동,중상사고,0,1,1,0,차대차 - 측면직각충돌,안전운전불이행,건조,맑음,교차로 - 교차로부근,승합,남,48세,상해없음,승용,남,34세,경상
2014050500100418,2014년 5월 5일 18시,월요일,충청북도 청주시 흥덕구 복대동,경상사고,0,0,2,0,차량단독 - 공작물충돌,안전운전불이행,건조,맑음,교차로 - 교차로부근,승용,남,22세,경상,,,,
2014050500100419,2014년 5월 5일 18시,월요일,충청북도 청주시 상당구 남일면,중상사고,0,1,2,0,차대차 - 기타,신호위반,건조,맑음,교차로 - 교차로안,승용,남,33세,경상,승용,남,43세,경상
2014050500100452,2014년 5월 5일 19시,월요일,충청북도 충주시 목행동,중상사고,0,1,0,0,차대차 - 추돌 - 진행중,안전운전불이행,건조,맑음,교차로 - 교차로안,승용,남,21세,상해없음,승용,여,51세,중상
2014050500100453,2014년 5월 5일 19시,월요일,충청북도 청주시 서원구 성화동,중상사고,0,1,0,0,차대사람 - 횡단중,안전운전불이행,건조,맑음,교차로 - 교차로부근,승합,남,58세,상해없음,보행자,남,12세,중상
2014050500100454,2014년 5월 5일 19시,월요일,충청북도 청주시 서원구 개신동,경상사고,0,0,4,0,차대차 - 추돌 - 주정차중,안전운전불이행,건조,맑음,교차로 - 교차로안,승용,여,56세,상해없음,승용,여,43세,경상
2014050500100455,2014년 5월 5일 19시,월요일,충청북도 청주시 서원구 수곡동,중상사고,0,2,0,0,차대차 - 추돌 - 주정차중,안전거리미확보,건조,맑음,단일로 - 교량,승용,남,56세,상해없음,승용,남,36세,중상
2014050500100481,2014년 5월 5일 20시,월요일,충청북도 청주시 흥덕구 봉명동,경상사고,0,0,1,0,차대차 - 기타,안전운전불이행,건조,맑음,단일로 - 기타,이륜,남,54세,상해없음,이륜,남,34세,경상
2014050500100504,2014년 5월 5일 21시,월요일,충청북도 영동군 양강면,경상사고,0,0,1,0,차대차 - 추돌 - 주정차중,안전운전불이행,건조,맑음,단일로 - 기타,승용,여,34세,경상,승용,남,43세,기타불명
2014050500100533,2014년 5월 5일 22시,월요일,충청북도 청주시 흥덕구 가경동,중상사고,0,1,0,0,차대차 - 기타,신호위반,건조,맑음,교차로 - 교차로부근,승용,남,56세,기타불명,이륜,남,35세,중상
2014050500100534,2014년 5월 5일 22시,월요일,충청북도 청주시 서원구 사창동,중상사고,0,1,0,0,차대사람 - 보도통행중,보행자보호의무위반,건조,흐림,교차로 - 교차로부근,승용,남,52세,상해없음,보행자,여,56세,중상
2014050600100007,2014년 5월 6일 00시,화요일,충청북도 청주시 상당구 남일면,중상사고,0,1,0,0,차량단독 - 기타,안전운전불이행,건조,맑음,단일로 - 기타,승용,남,47세,중상,,,,
2014050600100021,2014년 5월 6일 01시,화요일,충청북도 청주시 청원구 오창읍,중상사고,0,2,0,0,차량단독 - 공작물충돌,안전운전불이행,건조,맑음,단일로 - 기타,승용,남,55세,중상,,,,
2014050600100041,2014년 5월 6일 02시,화요일,충청북도 충주시 수안보면,중상사고,0,1,0,0,차량단독 - 기타,안전운전불이행,건조,맑음,기타 - 기타,승합,남,39세,상해없음,,,,
2014050600100087,2014년 5월 6일 07시,화요일,충청북도 보은군 속리산면,중상사고,0,1,0,0,차대사람 - 길가장자리구역통행중,안전운전불이행,건조,맑음,기타 - 기타,화물,남,70세,상해없음,보행자,여,86세,중상
2014050600100131,2014년 5월 6일 10시,화요일,충청북도 청주시 상당구 남문로2가동,중상사고,0,2,2,0,차대차 - 기타,안전운전불이행,건조,맑음,단일로 - 기타,승용,여,32세,상해없음,승용,여,48세,중상
2014050600100155,2014년 5월 6일 11시,화요일,충청북도 청주시 상당구 명암동,경상사고,0,0,1,0,차대차 - 기타,안전거리미확보,건조,맑음,단일로 - 기타,화물,남,64세,상해없음,승용,여,29세,경상
2014050600100184,2014년 5월 6일 12시,화요일,충청북도 제천시 하소동,경상사고,0,0,1,0,차대사람 - 길가장자리구역통행중,안전운전불이행,건조,맑음,단일로 - 기타,화물,여,55세,상해없음,보행자,남,20세,경상
2014050600100278,2014년 5월 6일 15시,화요일,충청북도 충주시 수안보면,경상사고,0,0,1,1,차대차 - 기타,중앙선침범,건조,맑음,단일로 - 기타,자전거,남,14세,부상신고,승용,남,74세,경상
2014050600100279,2014년 5월 6일 15시,화요일,충청북도 충주시 문화동,경상사고,0,0,2,0,차대차 - 추돌 - 주정차중,안전운전불이행,건조,맑음,단일로 - 기타,승용,남,53세,상해없음,승용,남,41세,경상
2014050600100280,2014년 5월 6일 15시,화요일,충청북도 제천시 송학면,중상사고,0,1,0,0,차대차 - 기타,중앙선침범,건조,맑음,단일로 - 기타,승용,남,30세,상해없음,자전거,남,37세,중상
2014050600100281,2014년 5월 6일 15시,화요일,충청북도 음성군 금왕읍,경상사고,0,0,1,0,차대차 - 기타,신호위반,건조,맑음,교차로 - 교차로안,승합,여,51세,상해없음,화물,남,42세,상해없음
2014050600100315,2014년 5월 6일 16시,화요일,충청북도 제천시 금성면,부상신고사고,0,0,0,1,차대차 - 기타,안전운전불이행,건조,맑음,교차로 - 교차로안,승용,남,58세,부상신고,건설기계,남,46세,상해없음
2014050600100316,2014년 5월 6일 16시,화요일,충청북도 증평군 증평읍,중상사고,0,1,0,0,차대차 - 측면직각충돌,교차로운행방법위반,건조,맑음,교차로 - 교차로안,건설기계,남,57세,상해없음,이륜,남,40세,중상
2014050600100354,2014년 5월 6일 17시,화요일,충청북도 청주시 청원구 내덕동,경상사고,0,0,1,0,차대차 - 측면직각충돌,안전운전불이행,건조,맑음,단일로 - 기타,이륜,남,28세,경상,화물,남,43세,상해없음
2014050600100355,2014년 5월 6일 17시,화요일,충청북도 제천시 명동,중상사고,0,1,0,0,차량단독 - 기타,안전운전불이행,건조,맑음,기타 - 기타,승합,남,45세,상해없음,,,,
2014050600100356,2014년 5월 6일 17시,화요일,충청북도 괴산군 칠성면,경상사고,0,0,3,0,차대차 - 기타,안전거리미확보,건조,맑음,단일로 - 기타,승용,여,60세,경상,승용,남,62세,경상
2014050600100357,2014년 5월 6일 17시,화요일,충청북도 청주시 상당구 남일면,경상사고,0,0,2,0,차대차 - 측면직각충돌,안전운전불이행,건조,맑음,교차로 - 교차로부근,승용,남,29세,경상,승합,남,51세,상해없음
2014050600100386,2014년 5월 6일 18시,화요일,충청북도 청주시 흥덕구 복대동,경상사고,0,0,2,0,차대차 - 추돌 - 주정차중,안전운전불이행,건조,맑음,단일로 - 기타,승용,남,53세,상해없음,승용,남,33세,상해없음
2014050600100387,2014년 5월 6일 18시,화요일,충청북도 청주시 상당구 용암동,경상사고,0,0,1,0,차대차 - 측면직각충돌,교차로운행방법위반,건조,맑음,교차로 - 교차로안,승용,남,64세,상해없음,승용,남,40세,상해없음
2014050600100412,2014년 5월 6일 19시,화요일,충청북도 충주시 칠금동,경상사고,0,0,4,0,차대차 - 측면직각충돌,안전운전불이행,건조,맑음,단일로 - 기타,승용,여,42세,상해없음,승용,남,45세,경상
2014050600100458,2014년 5월 6일 21시,화요일,충청북도 청주시 서원구 사창동,중상사고,0,1,0,0,차대차 - 측면직각충돌,안전운전불이행,건조,맑음,교차로 - 교차로안,자전거,남,26세,중상,승용,남,29세,상해없음
2014050600100489,2014년 5월 6일 22시,화요일,충청북도 청주시 상당구 용암동,경상사고,0,0,1,0,차대차 - 기타,안전운전불이행,건조,맑음,교차로 - 교차로부근,승용,여,31세,상해없음,승용,남,31세,경상
2014050600100511,2014년 5월 6일 23시,화요일,충청북도 음성군 금왕읍,중상사고,0,1,0,0,차대차 - 기타,신호위반,건조,맑음,교차로 - 교차로안,승용,여,63세,상해없음,승용,남,45세,상해없음
2014050700100023,2014년 5월 7일 02시,수요일,충청북도 청주시 청원구 율량동,중상사고,0,1,0,0,차대차 - 추돌 - 진행중,안전운전불이행,건조,맑음,교차로 - 교차로부근,승용,남,23세,상해없음,화물,남,64세,중상
2014050700100024,2014년 5월 7일 02시,수요일,충청북도 청주시 흥덕구 가경동,경상사고,0,0,2,0,차대차 - 측면직각충돌,신호위반,건조,맑음,교차로 - 교차로안,승용,남,46세,상해없음,승용,남,55세,경상
2014050700100183,2014년 5월 7일 10시,수요일,충청북도 충주시 살미면,경상사고,0,0,2,0,차대차 - 추돌 - 주정차중,안전거리미확보,건조,맑음,단일로 - 기타,승용,남,63세,상해없음,승용,남,65세,경상
2014050700100243,2014년 5월 7일 12시,수요일,충청북도 제천시 두학동,중상사고,0,3,1,0,차대차 - 기타,안전운전불이행,건조,맑음,단일로 - 기타,화물,남,67세,경상,화물,남,45세,중상
2014050700100244,2014년 5월 7일 12시,수요일,충청북도 제천시 중앙로1가,중상사고,0,4,0,0,차대차 - 기타,안전운전불이행,건조,맑음,단일로 - 기타,승용,남,51세,상해없음,승용,남,74세,중상
2014050700100245,2014년 5월 7일 12시,수요일,충청북도 청주시 서원구 사직동,경상사고,0,0,5,0,차대차 - 측면직각충돌,교차로운행방법위반,건조,맑음,교차로 - 교차로안,승용,남,63세,경상,승용,여,26세,경상
2014050700100271,2014년 5월 7일 13시,수요일,충청북도 청주시 흥덕구 서촌동,중상사고,0,2,1,0,차대차 - 측면직각충돌,안전운전불이행,건조,맑음,교차로 - 교차로부근,화물,남,55세,경상,화물,남,22세,중상
2014050700100308,2014년 5월 7일 14시,수요일,충청북도 청주시 청원구 오창읍,중상사고,0,2,0,0,차대차 - 기타,교차로운행방법위반,건조,맑음,교차로 - 교차로안,승용,남,49세,상해없음,승용,남,48세,중상
2014050700100309,2014년 5월 7일 14시,수요일,충청북도 청주시 상당구 영동,경상사고,0,0,1,0,차대차 - 추돌 - 주정차중,안전운전불이행,건조,맑음,단일로 - 기타,승용,여,51세,상해없음,승용,여,51세,경상
2014050700100310,2014년 5월 7일 14시,수요일,충청북도 제천시 청전동,경상사고,0,0,1,0,차대차 - 기타,신호위반,건조,맑음,교차로 - 교차로안,승용,남,59세,상해없음,승용,남,59세,경상
2014050700100311,2014년 5월 7일 14시,수요일,충청북도 청주시 서원구 분평동,부상신고사고,0,0,0,1,차대차 - 측면직각충돌,안전운전불이행,건조,맑음,단일로 - 기타,승용,여,47세,부상신고,승용,남,32세,상해없음
2014050700100345,2014년 5월 7일 15시,수요일,충청북도 청주시 청원구 율량동,중상사고,0,1,2,0,차대차 - 기타,교차로운행방법위반,건조,맑음,교차로 - 교차로안,승용,여,46세,상해없음,건설기계,남,45세,중상
2014050700100419,2014년 5월 7일 17시,수요일,충청북도 충주시 중앙탑면,중상사고,0,2,0,0,차량단독 - 공작물충돌,안전운전불이행,건조,맑음,단일로 - 기타,승용,남,68세,상해없음,,,,
2014050700100420,2014년 5월 7일 17시,수요일,충청북도 청주시 서원구 장성동,중상사고,0,1,0,0,차대차 - 측면직각충돌,신호위반,건조,맑음,교차로 - 교차로안,승용,여,47세,상해없음,이륜,남,36세,중상
2014050700100462,2014년 5월 7일 18시,수요일,충청북도 충주시 연수동,경상사고,0,0,2,0,차대차 - 추돌 - 진행중,안전거리미확보,건조,맑음,단일로 - 기타,승용,남,71세,상해없음,승용,여,21세,경상
2014050700100463,2014년 5월 7일 18시,수요일,충청북도 충주시 연수동,경상사고,0,0,1,0,차대차 - 추돌 - 주정차중,안전운전불이행,건조,맑음,단일로 - 기타,승용,남,41세,상해없음,승용,여,27세,경상
2014050700100464,2014년 5월 7일 18시,수요일,충청북도 진천군 이월면,경상사고,0,0,1,0,차대차 - 정면충돌,중앙선침범,건조,흐림,교차로 - 교차로안,승용,남,25세,상해없음,승용,남,23세,경상
2014050700100465,2014년 5월 7일 18시,수요일,충청북도 진천군 진천읍,경상사고,0,0,1,0,차대차 - 추돌 - 진행중,안전운전불이행,건조,맑음,교차로 - 교차로부근,승합,여,38세,상해없음,승용,남,39세,경상
2014050700100468,2014년 5월 7일 18시,수요일,충청북도 청주시 서원구 남이면,경상사고,0,0,1,0,차대차 - 측면직각충돌,안전운전불이행,건조,맑음,단일로 - 기타,화물,남,53세,상해없음,승용,여,28세,경상
2014050700100631,2014년 5월 7일 22시,수요일,충청북도 충주시 금릉동,중상사고,0,2,0,0,차대차 - 측면직각충돌,안전거리미확보,건조,맑음,단일로 - 기타,승용,남,48세,상해없음,승용,여,45세,상해없음
2014050700100659,2014년 5월 7일 23시,수요일,충청북도 제천시 모산동,경상사고,0,0,2,0,차대차 - 측면직각충돌,직진우회전진행방해,습기,비,교차로 - 교차로안,승용,남,22세,상해없음,승용,남,31세,경상
2014050700100660,2014년 5월 7일 23시,수요일,충청북도 청주시 청원구 내덕동,중상사고,0,1,1,0,차대차 - 측면직각충돌,신호위반,건조,맑음,교차로 - 교차로안,승용,여,21세,상해없음,승용,여,26세,중상
2014050800100047,2014년 5월 8일 02시,목요일,충청북도 청주시 흥덕구 봉명동,중상사고,0,2,0,0,차대차 - 측면직각충돌,신호위반,건조,맑음,교차로 - 교차로안,승용,남,35세,상해없음,승용,여,30세,중상
2014050800100076,2014년 5월 8일 05시,목요일,충청북도 제천시 청전동,경상사고,0,0,1,0,차대차 - 측면직각충돌,신호위반,습기,비,교차로 - 교차로안,승용,여,54세,상해없음,승합,남,53세,경상
2014050800100145,2014년 5월 8일 08시,목요일,충청북도 충주시 목행동,경상사고,0,0,1,0,차대차 - 추돌 - 진행중,안전거리미확보,건조,맑음,단일로 - 기타,승용,남,49세,상해없음,승합,남,38세,상해없음
2014050800100146,2014년 5월 8일 08시,목요일,충청북도 제천시 고암동,경상사고,0,0,1,0,차대차 - 기타,직진우회전진행방해,습기,비,교차로 - 교차로안,승용,여,57세,기타불명,승용,여,62세,경상
2014050800100147,2014년 5월 8일 08시,목요일,충청북도 제천시 교동,중상사고,0,1,0,0,차대사람 - 기타,신호위반,습기,비,교차로 - 교차로부근,승용,남,66세,상해없음,보행자,여,31세,중상
2014050800100148,2014년 5월 8일 08시,목요일,충청북도 청주시 흥덕구 휴암동,경상사고,0,0,2,0,차대차 - 추돌 - 주정차중,안전운전불이행,건조,맑음,단일로 - 기타,화물,남,60세,상해없음,승용,남,61세,경상
2014050800100149,2014년 5월 8일 08시,목요일,충청북도 청주시 서원구 남이면,중상사고,0,1,0,0,차대차 - 기타,안전운전불이행,건조,흐림,단일로 - 기타,승용,남,27세,상해없음,승용,남,68세,중상
2014050800100188,2014년 5월 8일 09시,목요일,충청북도 청주시 흥덕구 가경동,중상사고,0,1,0,0,차대사람 - 횡단중,신호위반,건조,맑음,교차로 - 교차로부근,화물,남,43세,상해없음,보행자,여,25세,중상
2014050800100189,2014년 5월 8일 09시,목요일,충청북도 청주시 서원구 현도면,중상사고,0,1,0,0,차대차 - 기타,안전운전불이행,건조,맑음,단일로 - 기타,화물,남,53세,상해없음,승용,여,38세,중상
2014050800100212,2014년 5월 8일 10시,목요일,충청북도 청주시 흥덕구 가경동,중상사고,0,1,0,0,차대차 - 추돌 - 진행중,안전운전불이행,건조,맑음,단일로 - 기타,승용,여,58세,상해없음,승용,여,31세,중상
2014050800100213,2014년 5월 8일 10시,목요일,충청북도 청주시 서원구 산남동,경상사고,0,0,1,0,차대차 - 기타,신호위반,건조,맑음,교차로 - 교차로안,승용,남,40세,상해없음,화물,남,34세,경상
2014050800100274,2014년 5월 8일 12시,목요일,충청북도 청주시 청원구 오창읍,경상사고,0,0,2,0,차대차 - 기타,교차로운행방법위반,건조,맑음,교차로 - 교차로부근,화물,남,26세,상해없음,승용,남,29세,경상
2014050800100275,2014년 5월 8일 12시,목요일,충청북도 청주시 흥덕구 강내면,경상사고,0,0,2,0,차대차 - 추돌 - 진행중,안전운전불이행,건조,맑음,단일로 - 기타,이륜,남,78세,경상,승용,여,29세,경상
2014050800100309,2014년 5월 8일 13시,목요일,충청북도 제천시 화산동,중상사고,0,1,0,0,차대사람 - 횡단중,안전운전불이행,건조,맑음,교차로 - 교차로부근,화물,남,43세,상해없음,보행자,남,75세,중상
2014050800100310,2014년 5월 8일 13시,목요일,충청북도 진천군 진천읍,경상사고,0,0,1,0,차대차 - 측면직각충돌,중앙선침범,건조,맑음,단일로 - 기타,원동기,여,57세,경상,승용,남,66세,상해없음
2014050800100336,2014년 5월 8일 14시,목요일,충청북도 청주시 청원구 우암동,중상사고,0,1,0,0,차대사람 - 보도통행중,보행자보호의무위반,건조,맑음,단일로 - 횡단보도상,승용,여,45세,상해없음,보행자,여,57세,중상
2014050800100337,2014년 5월 8일 14시,목요일,충청북도 청주시 서원구 사직동,중상사고,0,1,1,0,차대차 - 기타,안전운전불이행,건조,맑음,교차로 - 교차로안,승용,남,49세,상해없음,자전거,남,92세,중상
2014050800100368,2014년 5월 8일 15시,목요일,충청북도 충주시 문화동,중상사고,0,1,0,0,차대사람 - 차도통행중,안전운전불이행,건조,맑음,단일로 - 기타,원동기,남,45세,상해없음,보행자,여,77세,중상
2014050800100369,2014년 5월 8일 15시,목요일,충청북도 음성군 대소면,경상사고,0,0,1,0,차대사람 - 기타,안전운전불이행,건조,맑음,단일로 - 기타,화물,남,57세,상해없음,보행자,여,12세,경상
2014050800100370,2014년 5월 8일 15시,목요일,충청북도 청주시 흥덕구 가경동,중상사고,0,1,0,0,차대사람 - 횡단중,보행자보호의무위반,건조,맑음,단일로 - 횡단보도상,승용,남,78세,상해없음,보행자,여,8세,중상
2014050800100417,2014년 5월 8일 16시,목요일,충청북도 제천시 고암동,중상사고,0,1,0,0,차대차 - 기타,안전거리미확보,건조,맑음,단일로 - 기타,승용,남,56세,상해없음,승용,여,47세,중상
2014050800100418,2014년 5월 8일 16시,목요일,충청북도 청주시 흥덕구 봉명동,경상사고,0,0,1,0,차대차 - 추돌 - 주정차중,안전운전불이행,건조,맑음,교차로 - 교차로부근,승용,남,37세,상해없음,승용,남,29세,경상
2014050800100447,2014년 5월 8일 17시,목요일,충청북도 제천시 청전동,중상사고,0,1,0,0,차대사람 - 기타,보행자보호의무위반,건조,맑음,교차로 - 교차로안,승용,여,44세,상해없음,보행자,여,9세,중상
2014050800100448,2014년 5월 8일 17시,목요일,충청북도 제천시 장락동,중상사고,0,1,0,0,차대사람 - 기타,보행자보호의무위반,건조,맑음,교차로 - 교차로안,기타불명,기타불명,기타불명,기타불명,보행자,남,18세,중상
2014050800100449,2014년 5월 8일 17시,목요일,충청북도 진천군 진천읍,중상사고,0,1,0,0,차대차 - 추돌 - 진행중,안전거리미확보,건조,맑음,단일로 - 기타,승용,여,45세,상해없음,승용,남,30세,중상
2014050800100500,2014년 5월 8일 18시,목요일,충청북도 청주시 상당구 서문동,경상사고,0,0,1,0,차대차 - 기타,안전운전불이행,건조,맑음,기타 - 기타,승용,남,34세,상해없음,승용,남,54세,경상
2014050800100501,2014년 5월 8일 18시,목요일,충청북도 청주시 상당구 북문로2가동,경상사고,0,0,1,0,차대차 - 기타,안전운전불이행,건조,맑음,단일로 - 기타,승용,여,33세,상해없음,자전거,남,24세,경상
2014050800100502,2014년 5월 8일 18시,목요일,충청북도 충주시 앙성면,중상사고,0,2,0,0,차대차 - 추돌 - 진행중,안전운전불이행,건조,맑음,교차로 - 교차로안,승합,남,66세,상해없음,승용,남,69세,중상
2014050800100503,2014년 5월 8일 18시,목요일,충청북도 음성군 대소면,경상사고,0,0,1,0,차대차 - 기타,안전운전불이행,건조,맑음,단일로 - 기타,화물,남,48세,상해없음,원동기,남,34세,경상
2014050800100504,2014년 5월 8일 18시,목요일,충청북도 청주시 흥덕구 오송읍,경상사고,0,0,1,0,차대차 - 측면직각충돌,신호위반,건조,맑음,교차로 - 교차로안,승용,남,71세,상해없음,승용,남,45세,경상
2014050800100505,2014년 5월 8일 18시,목요일,충청북도 청주시 흥덕구 옥산면,경상사고,0,0,2,0,차대차 - 추돌 - 진행중,차로위반,건조,맑음,교차로 - 교차로부근,이륜,남,15세,경상,화물,남,54세,상해없음
2014050800100506,2014년 5월 8일 18시,목요일,충청북도 청주시 상당구 용암동,경상사고,0,0,1,0,차대차 - 기타,안전운전불이행,건조,맑음,교차로 - 교차로안,승용,남,62세,상해없음,승용,남,36세,상해없음
2014050800100555,2014년 5월 8일 19시,목요일,충청북도 청주시 청원구 율량동,경상사고,0,0,1,0,차대사람 - 기타,안전운전불이행,건조,맑음,교차로 - 교차로부근,화물,남,57세,상해없음,보행자,남,30세,경상
2014050800100593,2014년 5월 8일 20시,목요일,충청북도 청주시 청원구 주중동,중상사고,0,1,0,0,차대차 - 기타,교차로운행방법위반,건조,맑음,교차로 - 교차로안,승용,남,33세,상해없음,승용,남,50세,상해없음
2014050800100594,2014년 5월 8일 20시,목요일,충청북도 청주시 흥덕구 지동동,중상사고,0,1,2,0,차대차 - 측면직각충돌,교차로운행방법위반,건조,맑음,교차로 - 교차로부근,승용,여,53세,경상,화물,남,39세,중상
2014050800100595,2014년 5월 8일 20시,목요일,충청북도 청주시 상당구 용암동,경상사고,0,0,1,0,차대차 - 기타,신호위반,건조,기타,교차로 - 교차로안,승합,남,62세,상해없음,승용,남,43세,경상
2014050800100626,2014년 5월 8일 21시,목요일,충청북도 제천시 하소동,경상사고,0,0,1,0,차대차 - 기타,신호위반,건조,맑음,교차로 - 교차로안,화물,남,49세,상해없음,승용,남,50세,경상
2014050900100080,2014년 5월 9일 07시,금요일,충청북도 제천시 하소동,경상사고,0,0,3,0,차대차 - 측면직각충돌,직진우회전진행방해,건조,맑음,교차로 - 교차로안,승용,여,22세,경상,승용,남,58세,경상