사고번호,사고일시,요일,시군구,사고내용,사망자수,중상자수,경상자수,부상신고자수,사고유형,법규위반,노면상태,기상상태,도로형태,가해운전자 차종,가해운전자 성별,가해운전자 연령,가해운전자 상해정도,피해운전자 차종,피해운전자 성별,피해운전자 연령,피해운전자 상해정도
2014050900100081,2014년 5월 9일 07시,금요일,충청북도 청주시 흥덕구 송절동,중상사고,0,1,0,0,차대차 - 측면직각충돌,안전거리미확보,건조,맑음,단일로 - 기타,원동기,남,32세,중상,승용,남,40세,상해없음
2014050900100117,2014년 5월 9일 08시,금요일,충청북도 청주시 청원구 오창읍,경상사고,0,0,1,0,차대사람 - 기타,불법유턴,건조,맑음,교차로 - 교차로안,승용,남,59세,상해없음,보행자,여,30세,경상
2014050900100118,2014년 5월 9일 08시,금요일,충청북도 청주시 서원구 사창동,중상사고,0,1,1,0,차대차 - 추돌 - 주정차중,안전운전불이행,건조,맑음,교차로 - 교차로부근,승용,여,60세,상해없음,승용,남,53세,경상
2014050900100201,2014년 5월 9일 10시,금요일,충청북도 제천시 청전동,경상사고,0,0,1,0,차대사람 - 기타,안전운전불이행,건조,맑음,단일로 - 기타,승용,여,42세,상해없음,보행자,여,80세,경상
2014050900100228,2014년 5월 9일 11시,금요일,충청북도 청주시 서원구 사직동,경상사고,0,0,1,0,차대차 - 측면직각충돌,안전운전불이행,건조,맑음,단일로 - 기타,원동기,남,17세,경상,승용,남,77세,상해없음
2014050900100255,2014년 5월 9일 12시,금요일,충청북도 괴산군 소수면,중상사고,0,1,0,0,차대사람 - 횡단중,안전운전불이행,건조,맑음,단일로 - 기타,화물,남,51세,상해없음,보행자,여,78세,중상
2014050900100256,2014년 5월 9일 12시,금요일,충청북도 청주시 흥덕구 가경동,경상사고,0,0,1,0,차대차 - 측면직각충돌,안전운전불이행,건조,맑음,교차로 - 교차로부근,이륜,여,56세,경상,승합,남,60세,상해없음
2014050900100257,2014년 5월 9일 12시,금요일,충청북도 청주시 상당구 용정동,중상사고,0,1,0,0,차대차 - 측면직각충돌,신호위반,건조,맑음,교차로 - 교차로안,승용,남,44세,상해없음,화물,남,36세,중상
2014050900100286,2014년 5월 9일 13시,금요일,충청북도 제천시 봉양읍,중상사고,0,3,2,0,차대차 - 정면충돌,중앙선침범,건조,맑음,단일로 - 기타,승용,남,74세,중상,승용,남,42세,경상
2014050900100317,2014년 5월 9일 14시,금요일,충청북도 제천시 청전동,중상사고,0,1,0,0,차대사람 - 기타,보행자보호의무위반,건조,맑음,교차로 - 교차로안,승용,남,39세,상해없음,보행자,여,58세,중상
2014050900100358,2014년 5월 9일 15시,금요일,충청북도 청주시 청원구 우암동,경상사고,0,0,1,0,차대차 - 기타,안전운전불이행,건조,맑음,교차로 - 교차로안,승용,남,43세,기타불명,자전거,여,67세,경상
2014050900100446,2014년 5월 9일 17시,금요일,충청북도 옥천군 옥천읍,경상사고,0,0,1,0,차대차 - 측면직각충돌,안전운전불이행,건조,맑음,교차로 - 교차로안,승용,남,55세,상해없음,승용,남,65세,경상
2014050900100500,2014년 5월 9일 18시,금요일,충청북도 청주시 상당구 대성동,경상사고,0,0,1,0,차대차 - 기타,교차로운행방법위반,건조,맑음,교차로 - 교차로안,승용,남,53세,상해없음,승용,여,37세,경상
2014050900100501,2014년 5월 9일 18시,금요일,충청북도 충주시 교현동,부상신고사고,0,0,0,1,차량단독 - 기타,안전운전불이행,건조,맑음,단일로 - 기타,자전거,남,62세,부상신고,,,,
2014050900100502,2014년 5월 9일 18시,금요일,충청북도 충주시 봉방동,경상사고,0,0,1,0,차대차 - 기타,안전운전불이행,건조,맑음,단일로 - 기타,자전거,남,18세,경상,승용,남,35세,상해없음
2014050900100503,2014년 5월 9일 18시,금요일,충청북도 청주시 흥덕구 봉명동,중상사고,0,1,0,0,차대차 - 측면직각충돌,신호위반,건조,맑음,교차로 - 교차로안,원동기,남,31세,중상,승용,남,29세,상해없음
2014050900100504,2014년 5월 9일 18시,금요일,충청북도 청주시 상당구 금천동,경상사고,0,0,1,0,차대차 - 측면직각충돌,교차로운행방법위반,건조,맑음,교차로 - 교차로안,승용,남,72세,상해없음,자전거,남,17세,경상
2014050900100585,2014년 5월 9일 20시,금요일,충청북도 청주시 청원구 율량동,경상사고,0,0,1,0,차대차 - 추돌 - 진행중,안전운전불이행,건조,맑음,단일로 - 기타,승용,남,58세,상해없음,승용,여,48세,경상
2014050900100622,2014년 5월 9일 21시,금요일,충청북도 청주시 흥덕구 복대동,경상사고,0,0,1,0,차대사람 - 기타,보행자보호의무위반,건조,맑음,교차로 - 교차로안,기타불명,기타불명,기타불명,기타불명,보행자,여,22세,경상
2014050900100672,2014년 5월 9일 22시,금요일,충청북도 청주시 상당구 용암동,중상사고,0,1,2,0,차대차 - 추돌 - 진행중,안전운전불이행,건조,맑음,교차로 - 교차로부근,승용,남,18세,경상,승용,남,62세,중상
2014050900100674,2014년 5월 9일 22시,금요일,충청북도 옥천군 청성면,중상사고,0,1,0,0,차대차 - 추돌 - 진행중,안전운전불이행,건조,맑음,단일로 - 기타,화물,남,42세,중상,화물,남,63세,상해없음
2014050900100708,2014년 5월 9일 23시,금요일,충청북도 청주시 흥덕구 비하동,경상사고,0,0,1,0,차대차 - 추돌 - 진행중,안전운전불이행,건조,맑음,단일로 - 기타,승용,남,38세,상해없음,승용,남,52세,경상
2014051000100039,2014년 5월 10일 01시,토요일,충청북도 청주시 청원구 오창읍,중상사고,0,1,0,0,차대차 - 기타,안전운전불이행,건조,맑음,단일로 - 기타,원동기,남,41세,중상,승용,남,46세,상해없음
2014051000100040,2014년 5월 10일 01시,토요일,충청북도 청주시 흥덕구 복대동,경상사고,0,0,2,0,차대차 - 추돌 - 진행중,안전운전불이행,건조,맑음,단일로 - 기타,승용,남,26세,상해없음,승용,남,37세,상해없음
2014051000100094,2014년 5월 10일 05시,토요일,충청북도 청주시 청원구 오동동,중상사고,0,1,0,0,차대차 - 기타,신호위반,건조,맑음,교차로 - 교차로안,승용,남,53세,상해없음,승용,여,49세,중상
2014051000100160,2014년 5월 10일 09시,토요일,충청북도 청주시 상당구 대성동,중상사고,0,2,0,0,차대차 - 정면충돌,안전운전불이행,건조,맑음,교차로 - 교차로안,승용,여,46세,중상,승용,여,62세,중상
2014051000100161,2014년 5월 10일 09시,토요일,충청북도 청주시 서원구 분평동,경상사고,0,0,2,0,차대차 - 기타,안전거리미확보,건조,맑음,교차로 - 교차로부근,승용,남,52세,상해없음,승용,남,56세,경상
2014051000100199,2014년 5월 10일 10시,토요일,충청북도 제천시 덕산면,중상사고,0,1,0,0,차대사람 - 기타,안전운전불이행,건조,맑음,기타 - 기타,건설기계,남,51세,상해없음,보행자,남,54세,중상
2014051000100200,2014년 5월 10일 10시,토요일,충청북도 단양군 단양읍,경상사고,0,0,1,0,차량단독 - 전도전복,안전운전불이행,건조,맑음,단일로 - 기타,화물,여,61세,경상,,,,
2014051000100237,2014년 5월 10일 11시,토요일,충청북도 청주시 청원구 율량동,경상사고,0,0,1,0,차대차 - 기타,안전운전불이행,건조,맑음,교차로 - 교차로부근,화물,남,50세,상해없음,승용,남,37세,경상
2014051000100276,2014년 5월 10일 12시,토요일,충청북도 청주시 청원구 내덕동,중상사고,0,1,0,0,차대차 - 정면충돌,안전운전불이행,건조,맑음,교차로 - 교차로부근,원동기,남,46세,중상,승용,남,49세,상해없음
2014051000100277,2014년 5월 10일 12시,토요일,충청북도 청주시 서원구 남이면,경상사고,0,0,6,0,차대차 - 기타,안전거리미확보,건조,맑음,교차로 - 교차로부근,승용,여,53세,경상,승용,여,34세,경상
2014051000100318,2014년 5월 10일 13시,토요일,충청북도 충주시 중앙탑면,경상사고,0,0,2,0,차대차 - 추돌 - 주정차중,안전운전불이행,건조,맑음,교차로 - 교차로부근,승용,남,73세,상해없음,승용,남,50세,경상
2014051000100361,2014년 5월 10일 14시,토요일,충청북도 청주시 청원구 율량동,중상사고,0,1,2,0,차대차 - 측면직각충돌,신호위반,건조,맑음,교차로 - 교차로안,승합,남,31세,상해없음,승용,남,50세,중상
2014051000100362,2014년 5월 10일 14시,토요일,충청북도 진천군 백곡면,중상사고,0,3,0,0,차대차 - 측면직각충돌,안전운전불이행,건조,맑음,교차로 - 교차로안,승용,남,28세,상해없음,화물,남,59세,중상
2014051000100363,2014년 5월 10일 14시,토요일,충청북도 청주시 서원구 남이면,중상사고,0,1,1,0,차대차 - 기타,신호위반,건조,맑음,교차로 - 교차로안,승용,남,73세,상해없음,승용,남,43세,중상
2014051000100418,2014년 5월 10일 16시,토요일,충청북도 청주시 서원구 모충동,중상사고,0,1,2,0,차대차 - 기타,안전거리미확보,건조,맑음,단일로 - 기타,승용,남,69세,상해없음,승용,남,40세,경상
2014051000100470,2014년 5월 10일 17시,토요일,충청북도 충주시 교현동,경상사고,0,0,1,0,차대사람 - 횡단중,보행자보호의무위반,건조,맑음,단일로 - 횡단보도상,승용,남,50세,상해없음,보행자,남,66세,경상
2014051000100509,2014년 5월 10일 18시,토요일,충청북도 충주시 칠금동,경상사고,0,0,1,0,차대차 - 추돌 - 진행중,안전거리미확보,건조,맑음,단일로 - 기타,화물,남,48세,상해없음,이륜,남,20세,경상
2014051000100510,2014년 5월 10일 18시,토요일,충청북도 보은군 탄부면,경상사고,0,0,1,0,차대차 - 측면직각충돌,신호위반,건조,맑음,교차로 - 교차로안,화물,남,74세,상해없음,승용,여,44세,경상
2014051000100548,2014년 5월 10일 19시,토요일,충청북도 청주시 상당구 남문로1가동,경상사고,0,0,1,0,차대사람 - 기타,안전운전불이행,건조,맑음,단일로 - 기타,승용,여,24세,상해없음,보행자,여,20세,경상
2014051000100549,2014년 5월 10일 19시,토요일,충청북도 음성군 대소면,중상사고,0,1,0,0,차량단독 - 기타,안전운전불이행,건조,맑음,교차로 - 교차로안,승용,남,47세,중상,,,,
2014051000100586,2014년 5월 10일 20시,토요일,충청북도 청주시 상당구 남문로2가동,경상사고,0,0,1,0,차대차 - 추돌 - 진행중,안전운전불이행,건조,맑음,교차로 - 교차로안,승용,남,53세,상해없음,승용,남,42세,경상
2014051000100587,2014년 5월 10일 20시,토요일,충청북도 청주시 흥덕구 복대동,중상사고,0,1,5,0,차대차 - 측면직각충돌,안전운전불이행,건조,맑음,단일로 - 기타,승용,남,48세,상해없음,승용,남,38세,경상
2014051000100588,2014년 5월 10일 20시,토요일,충청북도 청주시 흥덕구 봉명동,경상사고,0,0,1,0,차대차 - 기타,안전운전불이행,건조,흐림,단일로 - 기타,기타불명,기타불명,기타불명,기타불명,자전거,남,17세,경상
2014051000100616,2014년 5월 10일 21시,토요일,충청북도 제천시 청전동,경상사고,0,0,1,0,차대차 - 기타,안전운전불이행,건조,맑음,교차로 - 교차로안,승용,남,57세,상해없음,승용,남,30세,경상
2014051000100653,2014년 5월 10일 22시,토요일,충청북도 충주시 봉방동,중상사고,0,1,0,0,차대차 - 측면직각충돌,직진우회전진행방해,건조,맑음,교차로 - 교차로안,승용,남,56세,상해없음,원동기,남,16세,중상
2014051000100654,2014년 5월 10일 22시,토요일,충청북도 청주시 흥덕구 봉명동,중상사고,0,1,0,0,차대차 - 측면직각충돌,안전운전불이행,건조,맑음,교차로 - 교차로부근,승용,남,38세,상해없음,이륜,남,18세,중상
2014051100100014,2014년 5월 11일 00시,일요일,충청북도 충주시 연수동,경상사고,0,0,1,0,차대차 - 추돌 - 주정차중,안전운전불이행,건조,맑음,단일로 - 기타,승용,남,32세,상해없음,승용,남,28세,경상
2014051100100038,2014년 5월 11일 01시,일요일,충청북도 청주시 상당구 미원면,중상사고,0,1,0,0,차량단독 - 공작물충돌,안전운전불이행,건조,맑음,단일로 - 기타,승용,여,28세,중상,,,,
2014051100100113,2014년 5월 11일 07시,일요일,충청북도 증평군 증평읍,중상사고,0,2,0,1,차대차 - 측면직각충돌,신호위반,건조,맑음,교차로 - 교차로안,화물,남,56세,부상신고,승용,남,31세,중상
2014051100100114,2014년 5월 11일 07시,일요일,충청북도 옥천군 군북면,경상사고,0,0,2,0,차대차 - 기타,안전운전불이행,건조,맑음,단일로 - 기타,승용,남,25세,상해없음,화물,남,61세,경상
2014051100100119,2014년 5월 11일 08시,일요일,충청북도 청주시 흥덕구 강서동,경상사고,0,0,1,0,차대차 - 추돌 - 주정차중,안전운전불이행,건조,맑음,교차로 - 교차로안,승용,남,52세,상해없음,승용,남,48세,경상
2014051100100135,2014년 5월 11일 09시,일요일,충청북도 충주시 호암동,중상사고,0,1,1,0,차대차 - 추돌 - 진행중,안전거리미확보,건조,맑음,단일로 - 기타,승용,남,63세,상해없음,화물,남,55세,경상
2014051100100171,2014년 5월 11일 11시,일요일,충청북도 증평군 증평읍,중상사고,0,1,2,0,차대차 - 측면직각충돌,신호위반,건조,맑음,교차로 - 교차로안,승용,남,58세,경상,승용,남,57세,중상
2014051100100184,2014년 5월 11일 12시,일요일,충청북도 증평군 도안면,중상사고,0,1,0,0,차량단독 - 공작물충돌,안전운전불이행,건조,맑음,단일로 - 기타,승용,남,43세,중상,,,,
2014051100100185,2014년 5월 11일 12시,일요일,충청북도 청주시 흥덕구 지동동,경상사고,0,0,1,0,차대차 - 정면충돌,교차로운행방법위반,건조,맑음,교차로 - 교차로안,승용,남,39세,상해없음,승용,남,25세,경상
2014051100100186,2014년 5월 11일 12시,일요일,충청북도 청주시 흥덕구 지동동,경상사고,0,0,2,0,차대차 - 측면직각충돌,안전운전불이행,건조,맑음,단일로 - 기타,승용,여,35세,상해없음,승용,남,59세,경상
2014051100100250,2014년 5월 11일 15시,일요일,충청북도 충주시 교현동,중상사고,0,1,1,0,차대차 - 추돌 - 주정차중,안전운전불이행,건조,맑음,단일로 - 기타,승용,남,53세,상해없음,승용,남,55세,중상
2014051100100251,2014년 5월 11일 15시,일요일,충청북도 제천시 장락동,경상사고,0,0,1,0,차대사람 - 기타,보행자보호의무위반,건조,맑음,교차로 - 교차로안,승용,남,31세,상해없음,보행자,여,5세,경상
2014051100100277,2014년 5월 11일 16시,일요일,충청북도 제천시 남천동,경상사고,0,0,1,0,차대차 - 기타,직진우회전진행방해,건조,맑음,교차로 - 교차로안,승용,여,60세,상해없음,승용,남,58세,상해없음
2014051100100278,2014년 5월 11일 16시,일요일,충청북도 증평군 증평읍,부상신고사고,0,0,0,1,차대차 - 정면충돌,안전운전불이행,건조,맑음,교차로 - 교차로안,이륜,남,57세,부상신고,승용,남,58세,상해없음
2014051100100314,2014년 5월 11일 17시,일요일,충청북도 청주시 청원구 오창읍,경상사고,0,0,1,0,차대차 - 기타,교차로운행방법위반,건조,맑음,교차로 - 교차로안,승용,여,25세,상해없음,승용,남,30세,경상
2014051100100315,2014년 5월 11일 17시,일요일,충청북도 충주시 소태면,경상사고,0,0,4,0,차대차 - 정면충돌,안전운전불이행,건조,맑음,교차로 - 교차로안,승용,남,64세,상해없음,승용,여,42세,경상
2014051100100356,2014년 5월 11일 18시,일요일,충청북도 청주시 청원구 사천동,경상사고,0,0,1,0,차대차 - 추돌 - 진행중,안전운전불이행,건조,맑음,단일로 - 기타,화물,남,56세,상해없음,승용,남,25세,경상
2014051100100357,2014년 5월 11일 18시,일요일,충청북도 청주시 흥덕구 봉명동,중상사고,0,1,2,0,차대차 - 측면직각충돌,안전운전불이행,건조,맑음,단일로 - 기타,승용,남,30세,상해없음,승용,남,18세,중상
2014051100100519,2014년 5월 11일 22시,일요일,충청북도 청주시 청원구 율량동,중상사고,0,1,0,0,차대차 - 측면직각충돌,신호위반,습기,비,교차로 - 교차로안,승합,남,51세,상해없음,승용,남,38세,중상
2014051200100055,2014년 5월 12일 03시,월요일,충청북도 청주시 흥덕구 석소동,중상사고,0,4,0,0,차대차 - 정면충돌,중앙선침범,습기,비,교차로 - 교차로안,승용,남,25세,상해없음,승용,남,33세,중상
2014051200100077,2014년 5월 12일 06시,월요일,충청북도 청주시 흥덕구 송절동,경상사고,0,0,5,0,차대차 - 측면직각충돌,신호위반,습기,비,교차로 - 교차로안,승용,남,22세,경상,승합,남,54세,경상
2014051200100078,2014년 5월 12일 06시,월요일,충청북도 청주시 서원구 분평동,경상사고,0,0,1,0,차대차 - 측면직각충돌,신호위반,건조,맑음,교차로 - 교차로안,승용,남,31세,상해없음,화물,남,44세,경상
2014051200100094,2014년 5월 12일 07시,월요일,충청북도 충주시 목행동,경상사고,0,0,3,0,차대차 - 추돌 - 진행중,안전운전불이행,건조,맑음,단일로 - 기타,승용,여,47세,상해없음,승용,남,48세,경상
2014051200100095,2014년 5월 12일 07시,월요일,충청북도 제천시 의림동,중상사고,0,1,0,1,차대차 - 기타,직진우회전진행방해,습기,흐림,교차로 - 교차로안,화물,남,40세,부상신고,승용,남,59세,중상
2014051200100096,2014년 5월 12일 07시,월요일,충청북도 청주시 흥덕구 봉명동,중상사고,0,1,0,0,차대차 - 측면직각충돌,안전운전불이행,건조,맑음,교차로 - 교차로부근,승용,남,38세,상해없음,이륜,남,48세,중상
2014051200100152,2014년 5월 12일 09시,월요일,충청북도 청주시 흥덕구 지동동,경상사고,0,0,1,0,차대차 - 추돌 - 주정차중,안전운전불이행,건조,맑음,교차로 - 교차로부근,승용,여,43세,상해없음,승용,남,34세,경상
2014051200100212,2014년 5월 12일 11시,월요일,충청북도 청주시 청원구 내수읍,경상사고,0,0,2,0,차대차 - 측면직각충돌,교차로운행방법위반,건조,맑음,교차로 - 교차로부근,승용,여,22세,경상,화물,남,46세,경상
2014051200100213,2014년 5월 12일 11시,월요일,충청북도 음성군 원남면,중상사고,0,1,1,0,차대차 - 기타,중앙선침범,건조,맑음,단일로 - 기타,승용,남,34세,상해없음,승용,남,58세,중상
2014051200100240,2014년 5월 12일 12시,월요일,충청북도 청주시 흥덕구 옥산면,사망사고,1,0,0,0,차대차 - 기타,신호위반,건조,맑음,교차로 - 교차로안,승합,남,33세,상해없음,원동기,남,72세,사망
2014051200100274,2014년 5월 12일 13시,월요일,충청북도 진천군 진천읍,경상사고,0,0,1,0,차대차 - 정면충돌,교차로운행방법위반,건조,맑음,교차로 - 교차로안,원동기,남,28세,상해없음,승용,남,49세,경상
2014051200100275,2014년 5월 12일 13시,월요일,충청북도 청주시 서원구 사창동,부상신고사고,0,0,0,1,차대사람 - 횡단중,안전운전불이행,건조,맑음,단일로 - 기타,승용,여,49세,상해없음,보행자,여,65세,부상신고
2014051200100276,2014년 5월 12일 13시,월요일,충청북도 청주시 서원구 사창동,경상사고,0,0,2,0,차대차 - 추돌 - 진행중,안전운전불이행,건조,맑음,단일로 - 기타,승용,남,74세,상해없음,승용,여,33세,경상
2014051200100298,2014년 5월 12일 14시,월요일,충청북도 충주시 용산동,경상사고,0,0,1,0,차대차 - 추돌 - 진행중,기타,건조,맑음,교차로 - 교차로안,화물,남,27세,상해없음,이륜,남,77세,경상
2014051200100417,2014년 5월 12일 17시,월요일,충청북도 청주시 청원구 내덕동,경상사고,0,0,1,0,차대차 - 기타,교차로운행방법위반,건조,맑음,교차로 - 교차로안,화물,남,58세,상해없음,이륜,남,23세,경상
2014051200100418,2014년 5월 12일 17시,월요일,충청북도 증평군 증평읍,경상사고,0,0,1,0,차대사람 - 차도통행중,안전운전불이행,건조,맑음,교차로 - 교차로부근,화물,남,53세,상해없음,보행자,남,53세,경상
2014051200100419,2014년 5월 12일 17시,월요일,충청북도 청주시 상당구 지북동,경상사고,0,0,1,0,차대사람 - 기타,안전운전불이행,건조,맑음,단일로 - 횡단보도상,승합,남,50세,상해없음,보행자,여,54세,경상
2014051200100493,2014년 5월 12일 19시,월요일,충청북도 청주시 흥덕구 봉명동,경상사고,0,0,1,0,차대차 - 측면직각충돌,교차로운행방법위반,건조,맑음,교차로 - 교차로안,승용,남,72세,상해없음,이륜,남,52세,경상
2014051200100526,2014년 5월 12일 20시,월요일,충청북도 충주시 대소원면,부상신고사고,0,0,0,1,차량단독 - 전도전복,안전운전불이행,건조,맑음,단일로 - 기타,승용,여,50세,부상신고,,,,
2014051200100527,2014년 5월 12일 20시,월요일,충청북도 증평군 증평읍,경상사고,0,0,1,0,차대사람 - 기타,안전운전불이행,건조,맑음,단일로 - 기타,이륜,남,20세,상해없음,보행자,남,58세,경상
2014051200100528,2014년 5월 12일 20시,월요일,충청북도 청주시 서원구 개신동,경상사고,0,0,1,0,차대차 - 측면직각충돌,안전운전불이행,건조,맑음,단일로 - 기타,이륜,남,17세,상해없음,자전거,여,28세,경상
2014051200100581,2014년 5월 12일 22시,월요일,충청북도 청주시 청원구 내수읍,중상사고,0,2,0,0,차대차 - 기타,안전운전불이행,건조,맑음,교차로 - 교차로부근,승용,남,35세,중상,승용,남,37세,중상
2014051200100601,2014년 5월 12일 23시,월요일,충청북도 청주시 청원구 율량동,중상사고,0,1,0,0,차대사람 - 횡단중,안전운전불이행,건조,맑음,단일로 - 기타,승용,남,45세,상해없음,보행자,남,33세,중상
2014051200100602,2014년 5월 12일 23시,월요일,충청북도 충주시 대소원면,경상사고,0,0,1,0,차대차 - 추돌 - 주정차중,안전운전불이행,건조,맑음,단일로 - 기타,승용,남,65세,상해없음,승용,남,18세,경상
2014051200100603,2014년 5월 12일 23시,월요일,충청북도 충주시 교현동,중상사고,0,2,0,0,차대차 - 추돌 - 진행중,안전운전불이행,건조,맑음,단일로 - 기타,승용,남,27세,상해없음,승용,남,54세,중상
2014051300100043,2014년 5월 13일 04시,화요일,충청북도 청주시 흥덕구 복대동,중상사고,0,1,0,0,차대차 - 측면직각충돌,안전운전불이행,건조,맑음,단일로 - 기타,승용,남,56세,상해없음,이륜,남,52세,중상
2014051300100085,2014년 5월 13일 07시,화요일,충청북도 제천시 신백동,경상사고,0,0,2,0,차대차 - 기타,안전운전불이행,건조,맑음,단일로 - 기타,승용,남,59세,상해없음,승용,여,39세,경상
2014051300100194,2014년 5월 13일 10시,화요일,충청북도 괴산군 괴산읍,중상사고,0,1,1,0,차대차 - 기타,기타,건조,맑음,교차로 - 교차로안,이륜,여,56세,경상,농기계,남,69세,상해없음
2014051300100195,2014년 5월 13일 10시,화요일,충청북도 청주시 흥덕구 복대동,중상사고,0,1,1,0,차대차 - 측면직각충돌,교차로운행방법위반,건조,맑음,교차로 - 교차로안,승용,남,24세,경상,승용,여,52세,중상
2014051300100278,2014년 5월 13일 13시,화요일,충청북도 영동군 영동읍,경상사고,0,0,1,0,차대사람 - 차도통행중,안전운전불이행,건조,맑음,교차로 - 교차로안,승용,여,57세,상해없음,보행자,남,80세,경상
2014051300100279,2014년 5월 13일 13시,화요일,충청북도 괴산군 괴산읍,경상사고,0,0,1,0,차대차 - 기타,차로위반,건조,맑음,교차로 - 교차로안,이륜,남,76세,경상,승용,여,47세,상해없음
2014051300100306,2014년 5월 13일 14시,화요일,충청북도 청주시 서원구 모충동,경상사고,0,0,1,0,차대차 - 측면직각충돌,교차로운행방법위반,건조,맑음,교차로 - 교차로안,화물,남,56세,상해없음,이륜,여,41세,경상
2014051300100351,2014년 5월 13일 15시,화요일,충청북도 청주시 청원구 북이면,중상사고,0,1,0,0,차대사람 - 기타,안전운전불이행,건조,맑음,단일로 - 기타,승용,여,52세,상해없음,보행자,남,67세,중상
2014051300100395,2014년 5월 13일 16시,화요일,충청북도 청주시 상당구 남문로1가동,중상사고,0,1,0,0,차대사람 - 길가장자리구역통행중,안전운전불이행,건조,맑음,교차로 - 교차로안,승용,여,36세,상해없음,보행자,남,72세,중상
2014051300100396,2014년 5월 13일 16시,화요일,충청북도 단양군 단양읍,중상사고,0,1,1,0,차대차 - 측면직각충돌,직진우회전진행방해,건조,맑음,교차로 - 교차로안,승용,여,42세,상해없음,승용,남,59세,상해없음
2014051300100397,2014년 5월 13일 16시,화요일,충청북도 단양군 단양읍,중상사고,0,3,1,0,차대차 - 정면충돌,중앙선침범,건조,맑음,기타 - 기타,승용,남,27세,중상,승용,여,42세,중상
2014051300100427,2014년 5월 13일 17시,화요일,충청북도 청주시 서원구 사창동,경상사고,0,0,1,0,차대차 - 추돌 - 주정차중,안전거리미확보,건조,맑음,교차로 - 교차로부근,승용,남,55세,상해없음,승용,남,29세,경상
2014051300100466,2014년 5월 13일 18시,화요일,충청북도 진천군 진천읍,경상사고,0,0,1,0,차대차 - 측면직각충돌,교차로운행방법위반,건조,맑음,교차로 - 교차로안,이륜,남,17세,경상,승용,여,36세,상해없음
2014051300100506,2014년 5월 13일 19시,화요일,충청북도 청주시 청원구 율량동,경상사고,0,0,1,0,차량단독 - 기타,안전운전불이행,건조,맑음,교차로 - 교차로부근,승용,남,49세,기타불명,,,,
2014051300100538,2014년 5월 13일 20시,화요일,충청북도 충주시 목행동,중상사고,0,1,0,0,차대사람 - 기타,안전운전불이행,건조,맑음,단일로 - 기타,승용,남,48세,상해없음,보행자,여,21세,중상
2014051300100539,2014년 5월 13일 20시,화요일,충청북도 옥천군 옥천읍,경상사고,0,0,1,0,차대차 - 측면직각충돌,안전운전불이행,건조,맑음,교차로 - 교차로안,승용,남,28세,상해없음,이륜,남,54세,경상
2014051300100540,2014년 5월 13일 20시,화요일,충청북도 청주시 흥덕구 옥산면,중상사고,0,1,0,0,차대차 - 측면직각충돌,교차로운행방법위반,건조,맑음,교차로 - 교차로안,승용,남,34세,상해없음,이륜,남,71세,중상
2014051300100565,2014년 5월 13일 21시,화요일,충청북도 제천시 화산동,중상사고,0,1,0,0,차대사람 - 기타,안전운전불이행,건조,맑음,교차로 - 교차로안,화물,남,35세,상해없음,보행자,남,55세,중상
2014051300100566,2014년 5월 13일 21시,화요일,충청북도 청주시 서원구 사직동,경상사고,0,0,1,0,차대차 - 기타,안전운전불이행,건조,맑음,단일로 - 기타,승용,여,47세,상해없음,자전거,남,26세,경상
2014051300100567,2014년 5월 13일 21시,화요일,충청북도 청주시 서원구 미평동,중상사고,0,2,0,0,차대차 - 기타,신호위반,건조,맑음,교차로 - 교차로안,승용,여,45세,중상,승용,남,30세,중상
2014051300100594,2014년 5월 13일 22시,화요일,충청북도 청주시 흥덕구 가경동,경상사고,0,0,1,0,차대사람 - 기타,기타,건조,맑음,단일로 - 기타,승합,남,46세,상해없음,보행자,여,22세,경상
2014051300100595,2014년 5월 13일 22시,화요일,충청북도 청주시 청원구 오창읍,중상사고,0,1,0,0,차대차 - 추돌 - 진행중,안전운전불이행,건조,맑음,단일로 - 기타,승용,남,47세,상해없음,화물,남,26세,중상
2014051300100599,2014년 5월 13일 22시,화요일,충청북도 영동군 용산면,사망사고,1,0,0,0,차량단독 - 공작물충돌,안전운전불이행,건조,맑음,단일로 - 기타,화물,남,58세,사망,,,,
2014051300100625,2014년 5월 13일 23시,화요일,충청북도 청주시 청원구 오창읍,경상사고,0,0,1,0,차대사람 - 횡단중,중앙선침범,건조,맑음,단일로 - 기타,승용,남,56세,상해없음,보행자,남,36세,경상
2014051300100626,2014년 5월 13일 23시,화요일,충청북도 청주시 흥덕구 운천동,중상사고,0,1,0,0,차대차 - 측면직각충돌,안전운전불이행,건조,맑음,단일로 - 기타,승용,남,70세,상해없음,원동기,남,23세,중상
2014051400100011,2014년 5월 14일 00시,수요일,충청북도 제천시 하소동,경상사고,0,0,1,0,차대차 - 기타,안전운전불이행,건조,맑음,교차로 - 교차로부근,승용,남,44세,상해없음,승용,남,44세,경상
2014051400100012,2014년 5월 14일 00시,수요일,충청북도 청주시 흥덕구 봉명동,경상사고,0,0,2,0,차대차 - 측면직각충돌,신호위반,건조,맑음,교차로 - 교차로부근,승용,남,32세,상해없음,승용,남,43세,경상
2014051400100060,2014년 5월 14일 04시,수요일,충청북도 진천군 이월면,중상사고,0,1,0,0,차대차 - 추돌 - 진행중,안전운전불이행,건조,맑음,단일로 - 기타,승용,남,28세,중상,화물,남,47세,상해없음