사고번호,사고일시,요일,시군구,사고내용,사망자수,중상자수,경상자수,부상신고자수,사고유형,법규위반,노면상태,기상상태,도로형태,가해운전자 차종,가해운전자 성별,가해운전자 연령,가해운전자 상해정도,피해운전자 차종,피해운전자 성별,피해운전자 연령,피해운전자 상해정도
2014051400100070,2014년 5월 14일 05시,수요일,충청북도 충주시 금가면,중상사고,0,1,0,0,차량단독 - 공작물충돌,안전운전불이행,건조,맑음,단일로 - 기타,승합,남,36세,중상,,,,
2014051400100096,2014년 5월 14일 07시,수요일,충청북도 옥천군 옥천읍,경상사고,0,0,2,0,차대차 - 측면직각충돌,신호위반,건조,맑음,교차로 - 교차로안,화물,남,64세,경상,화물,남,60세,경상
2014051400100097,2014년 5월 14일 07시,수요일,충청북도 청주시 서원구 모충동,경상사고,0,0,2,0,차대차 - 기타,직진우회전진행방해,건조,맑음,교차로 - 교차로안,승용,여,41세,상해없음,승용,남,46세,경상
2014051400100127,2014년 5월 14일 08시,수요일,충청북도 충주시 칠금동,경상사고,0,0,1,0,차대차 - 추돌 - 진행중,안전운전불이행,건조,맑음,교차로 - 교차로부근,승용,여,40세,상해없음,승용,여,32세,경상
2014051400100128,2014년 5월 14일 08시,수요일,충청북도 충주시 호암동,경상사고,0,0,1,0,차대차 - 추돌 - 진행중,중앙선침범,건조,맑음,단일로 - 기타,자전거,남,10세,경상,승용,남,34세,상해없음
2014051400100165,2014년 5월 14일 09시,수요일,충청북도 제천시 고암동,부상신고사고,0,0,0,1,차대차 - 측면직각충돌,안전거리미확보,건조,맑음,단일로 - 기타,원동기,남,78세,부상신고,승합,남,36세,상해없음
2014051400100258,2014년 5월 14일 12시,수요일,충청북도 청주시 청원구 주중동,중상사고,0,1,0,0,차대차 - 기타,안전거리미확보,건조,맑음,단일로 - 기타,승합,남,39세,상해없음,승용,남,19세,중상
2014051400100295,2014년 5월 14일 13시,수요일,충청북도 증평군 증평읍,중상사고,0,1,0,0,차대차 - 기타,안전운전불이행,건조,맑음,교차로 - 교차로부근,화물,남,46세,상해없음,자전거,남,73세,중상
2014051400100337,2014년 5월 14일 14시,수요일,충청북도 영동군 영동읍,경상사고,0,0,2,0,차대차 - 기타,직진우회전진행방해,건조,맑음,교차로 - 교차로부근,승용,남,36세,상해없음,화물,남,58세,상해없음
2014051400100338,2014년 5월 14일 14시,수요일,충청북도 청주시 흥덕구 봉명동,경상사고,0,0,2,0,차대차 - 측면직각충돌,교차로운행방법위반,건조,맑음,교차로 - 교차로안,승용,남,26세,경상,승용,남,54세,경상
2014051400100451,2014년 5월 14일 17시,수요일,충청북도 충주시 목행동,중상사고,0,1,0,0,차대차 - 추돌 - 진행중,안전거리미확보,건조,맑음,단일로 - 기타,화물,남,57세,상해없음,원동기,남,58세,중상
2014051400100452,2014년 5월 14일 17시,수요일,충청북도 충주시 교현동,경상사고,0,0,5,0,차대차 - 측면직각충돌,직진우회전진행방해,건조,맑음,교차로 - 교차로안,승용,여,67세,상해없음,승용,남,20세,경상
2014051400100453,2014년 5월 14일 17시,수요일,충청북도 제천시 청전동,경상사고,0,0,3,0,차대차 - 기타,직진우회전진행방해,건조,맑음,교차로 - 교차로안,승용,남,49세,상해없음,승합,남,57세,경상
2014051400100489,2014년 5월 14일 18시,수요일,충청북도 청주시 청원구 내수읍,경상사고,0,0,2,0,차대차 - 기타,안전운전불이행,건조,맑음,단일로 - 기타,승합,남,63세,상해없음,이륜,남,75세,경상
2014051400100490,2014년 5월 14일 18시,수요일,충청북도 청주시 서원구 분평동,경상사고,0,0,1,0,차대사람 - 횡단중,보행자보호의무위반,건조,맑음,교차로 - 교차로안,승용,여,44세,상해없음,보행자,여,18세,경상
2014051400100524,2014년 5월 14일 19시,수요일,충청북도 옥천군 안내면,중상사고,0,1,0,0,차대사람 - 보도통행중,안전운전불이행,건조,맑음,단일로 - 기타,승용,남,47세,상해없음,보행자,여,72세,중상
2014051400100567,2014년 5월 14일 20시,수요일,충청북도 청주시 서원구 사직동,경상사고,0,0,1,0,차대사람 - 횡단중,안전운전불이행,건조,맑음,교차로 - 교차로부근,기타불명,기타불명,기타불명,기타불명,보행자,남,13세,경상
2014051400100615,2014년 5월 14일 21시,수요일,충청북도 진천군 진천읍,경상사고,0,0,1,0,차대사람 - 기타,안전운전불이행,건조,맑음,단일로 - 기타,승용,여,51세,상해없음,보행자,여,17세,경상
2014051400100616,2014년 5월 14일 21시,수요일,충청북도 청주시 흥덕구 비하동,중상사고,0,1,3,0,차대차 - 기타,안전거리미확보,건조,맑음,단일로 - 기타,승용,남,22세,상해없음,승용,남,52세,중상
2014051400100654,2014년 5월 14일 22시,수요일,충청북도 청주시 청원구 우암동,경상사고,0,0,2,0,차대차 - 기타,중앙선침범,건조,맑음,단일로 - 기타,승용,남,33세,상해없음,승용,남,29세,경상
2014051400100655,2014년 5월 14일 22시,수요일,충청북도 청주시 흥덕구 봉명동,경상사고,0,0,1,0,차대차 - 측면직각충돌,안전운전불이행,건조,맑음,단일로 - 기타,승용,남,59세,상해없음,자전거,남,36세,경상
2014051400100656,2014년 5월 14일 22시,수요일,충청북도 청주시 흥덕구 오송읍,경상사고,0,0,1,0,차대차 - 측면직각충돌,불법유턴,건조,맑음,기타 - 기타,승용,남,49세,상해없음,승용,여,28세,경상
2014051500100012,2014년 5월 15일 00시,목요일,충청북도 음성군 금왕읍,경상사고,0,0,1,0,차대차 - 기타,교차로운행방법위반,건조,맑음,교차로 - 교차로안,승용,남,49세,상해없음,승용,남,27세,경상
2014051500100057,2014년 5월 15일 02시,목요일,충청북도 청주시 흥덕구 강서동,중상사고,0,1,4,0,차대차 - 측면직각충돌,안전운전불이행,건조,맑음,단일로 - 기타,승용,남,36세,상해없음,승용,남,56세,중상
2014051500100113,2014년 5월 15일 07시,목요일,충청북도 청주시 흥덕구 가경동,중상사고,0,1,0,0,차대사람 - 횡단중,신호위반,건조,맑음,교차로 - 교차로안,승용,남,50세,상해없음,보행자,여,22세,중상
2014051500100114,2014년 5월 15일 07시,목요일,충청북도 청주시 흥덕구 옥산면,경상사고,0,0,2,0,차대차 - 측면직각충돌,안전운전불이행,건조,맑음,단일로 - 기타,건설기계,남,56세,상해없음,승용,남,52세,경상
2014051500100147,2014년 5월 15일 08시,목요일,충청북도 청주시 상당구 용암동,중상사고,0,1,0,0,차대차 - 기타,신호위반,건조,맑음,교차로 - 교차로부근,승용,남,31세,상해없음,화물,남,66세,중상
2014051500100148,2014년 5월 15일 08시,목요일,충청북도 진천군 진천읍,중상사고,0,1,0,0,차대사람 - 기타,신호위반,건조,맑음,교차로 - 교차로안,승용,남,39세,상해없음,보행자,남,73세,중상
2014051500100149,2014년 5월 15일 08시,목요일,충청북도 진천군 진천읍,경상사고,0,0,1,0,차대차 - 측면직각충돌,안전거리미확보,건조,맑음,단일로 - 기타,승용,남,31세,상해없음,화물,남,41세,경상
2014051500100185,2014년 5월 15일 09시,목요일,충청북도 제천시 청전동,경상사고,0,0,2,0,차대차 - 기타,직진우회전진행방해,건조,맑음,교차로 - 교차로안,승용,남,58세,경상,승용,여,57세,경상
2014051500100219,2014년 5월 15일 10시,목요일,충청북도 청주시 청원구 북이면,중상사고,0,1,0,0,차대차 - 측면직각충돌,안전운전불이행,건조,맑음,교차로 - 교차로부근,승용,여,51세,상해없음,원동기,남,70세,중상
2014051500100282,2014년 5월 15일 12시,목요일,충청북도 괴산군 불정면,중상사고,0,1,5,0,차대차 - 측면직각충돌,직진우회전진행방해,기타,맑음,교차로 - 교차로안,화물,남,58세,경상,승용,여,58세,경상
2014051500100321,2014년 5월 15일 13시,목요일,충청북도 단양군 단양읍,중상사고,0,1,0,0,차대차 - 측면직각충돌,직진우회전진행방해,건조,맑음,교차로 - 교차로안,이륜,남,60세,중상,화물,남,32세,상해없음
2014051500100384,2014년 5월 15일 15시,목요일,충청북도 단양군 매포읍,중상사고,0,1,0,0,차량단독 - 전도전복,안전운전불이행,건조,맑음,기타 - 기타,승용,여,32세,기타불명,,,,
2014051500100385,2014년 5월 15일 15시,목요일,충청북도 진천군 진천읍,경상사고,0,0,1,0,차량단독 - 공작물충돌,안전운전불이행,건조,맑음,단일로 - 기타,화물,남,75세,상해없음,,,,
2014051500100386,2014년 5월 15일 15시,목요일,충청북도 청주시 상당구 남일면,경상사고,0,0,1,0,차대차 - 기타,안전거리미확보,건조,맑음,단일로 - 기타,화물,남,55세,상해없음,승용,여,34세,경상
2014051500100387,2014년 5월 15일 15시,목요일,충청북도 청주시 서원구 산남동,중상사고,0,1,0,0,차대사람 - 횡단중,신호위반,건조,맑음,교차로 - 교차로안,화물,남,45세,상해없음,보행자,남,8세,중상
2014051500100439,2014년 5월 15일 16시,목요일,충청북도 충주시 대소원면,경상사고,0,0,1,0,차대차 - 기타,중앙선침범,건조,맑음,단일로 - 기타,승용,남,23세,상해없음,원동기,남,52세,경상
2014051500100440,2014년 5월 15일 16시,목요일,충청북도 청주시 상당구 용암동,경상사고,0,0,4,0,차대차 - 측면직각충돌,신호위반,건조,맑음,교차로 - 교차로안,승합,남,58세,상해없음,승용,남,46세,경상
2014051500100501,2014년 5월 15일 17시,목요일,충청북도 청주시 청원구 우암동,중상사고,0,2,2,0,차대차 - 기타,교차로운행방법위반,건조,맑음,교차로 - 교차로안,승용,여,44세,상해없음,승용,남,36세,중상
2014051500100503,2014년 5월 15일 17시,목요일,충청북도 충주시 지현동,중상사고,0,1,0,0,차대사람 - 기타,안전운전불이행,건조,맑음,교차로 - 교차로부근,승용,여,36세,상해없음,보행자,여,84세,중상
2014051500100563,2014년 5월 15일 18시,목요일,충청북도 제천시 동현동,경상사고,0,0,5,0,차대차 - 기타,안전운전불이행,건조,맑음,단일로 - 기타,승용,남,52세,상해없음,승용,남,56세,경상
2014051500100564,2014년 5월 15일 18시,목요일,충청북도 음성군 금왕읍,경상사고,0,0,1,0,차대차 - 추돌 - 주정차중,안전운전불이행,건조,맑음,교차로 - 교차로부근,승용,여,32세,상해없음,승용,남,36세,경상
2014051500100565,2014년 5월 15일 18시,목요일,충청북도 음성군 감곡면,중상사고,0,1,0,0,차대사람 - 기타,안전운전불이행,건조,맑음,교차로 - 교차로부근,승합,남,33세,상해없음,보행자,남,13세,중상
2014051500100566,2014년 5월 15일 18시,목요일,충청북도 음성군 감곡면,경상사고,0,0,1,0,차대차 - 추돌 - 주정차중,안전운전불이행,건조,맑음,교차로 - 교차로부근,승용,남,42세,상해없음,승용,여,24세,경상
2014051500100567,2014년 5월 15일 18시,목요일,충청북도 청주시 흥덕구 강내면,경상사고,0,0,1,0,차대차 - 추돌 - 진행중,안전운전불이행,건조,맑음,단일로 - 기타,승용,여,46세,상해없음,승용,남,41세,경상
2014051500100568,2014년 5월 15일 18시,목요일,충청북도 청주시 흥덕구 오송읍,경상사고,0,0,1,0,차대차 - 측면직각충돌,교차로운행방법위반,건조,맑음,교차로 - 교차로안,승용,남,48세,상해없음,승용,여,30세,경상
2014051500100602,2014년 5월 15일 19시,목요일,충청북도 청주시 청원구 오창읍,경상사고,0,0,1,0,차대차 - 기타,안전운전불이행,건조,맑음,단일로 - 기타,승용,남,33세,상해없음,승용,남,51세,경상
2014051500100603,2014년 5월 15일 19시,목요일,충청북도 충주시 금가면,중상사고,0,1,0,0,차대차 - 기타,안전운전불이행,건조,맑음,단일로 - 기타,화물,남,67세,상해없음,승용,남,51세,중상
2014051500100604,2014년 5월 15일 19시,목요일,충청북도 진천군 초평면,경상사고,0,0,1,0,차대차 - 측면직각충돌,교차로운행방법위반,건조,맑음,교차로 - 교차로안,이륜,남,75세,상해없음,이륜,남,72세,경상
2014051500100605,2014년 5월 15일 19시,목요일,충청북도 청주시 흥덕구 가경동,중상사고,0,1,1,0,차대차 - 측면직각충돌,신호위반,건조,맑음,교차로 - 교차로안,이륜,남,27세,중상,승용,여,35세,경상
2014051500100643,2014년 5월 15일 20시,목요일,충청북도 청주시 서원구 개신동,경상사고,0,0,6,0,차대차 - 측면직각충돌,안전운전불이행,건조,맑음,교차로 - 교차로부근,승용,남,53세,상해없음,승용,남,45세,경상
2014051500100677,2014년 5월 15일 21시,목요일,충청북도 청주시 상당구 금천동,경상사고,0,0,1,0,차대차 - 기타,신호위반,건조,맑음,교차로 - 교차로안,화물,남,52세,상해없음,이륜,남,56세,경상
2014051500100678,2014년 5월 15일 21시,목요일,충청북도 청주시 청원구 사천동,중상사고,0,1,0,0,차대차 - 기타,신호위반,건조,맑음,교차로 - 교차로안,승용,남,51세,상해없음,화물,남,31세,중상
2014051500100679,2014년 5월 15일 21시,목요일,충청북도 청주시 흥덕구 복대동,중상사고,0,1,4,0,차대차 - 추돌 - 주정차중,안전운전불이행,건조,맑음,단일로 - 기타,승합,남,58세,상해없음,승용,남,51세,경상
2014051500100717,2014년 5월 15일 22시,목요일,충청북도 청주시 청원구 오창읍,경상사고,0,0,1,0,차대사람 - 기타,보행자보호의무위반,건조,맑음,교차로 - 교차로부근,승용,남,52세,상해없음,보행자,여,17세,경상
2014051500100718,2014년 5월 15일 22시,목요일,충청북도 보은군 내북면,중상사고,0,1,0,0,차대차 - 추돌 - 진행중,안전운전불이행,건조,기타,기타 - 기타,승용,남,34세,상해없음,이륜,남,72세,중상
2014051500100751,2014년 5월 15일 23시,목요일,충청북도 청주시 상당구 영운동,경상사고,0,0,1,0,차대차 - 기타,안전운전불이행,건조,맑음,단일로 - 기타,자전거,남,21세,경상,승용,남,47세,상해없음
2014051600100032,2014년 5월 16일 01시,금요일,충청북도 청주시 상당구 문의면,경상사고,0,0,1,0,차대차 - 기타,중앙선침범,건조,맑음,단일로 - 기타,승용,남,61세,상해없음,승용,여,42세,경상
2014051600100047,2014년 5월 16일 02시,금요일,충청북도 청주시 흥덕구 복대동,경상사고,0,0,1,0,차대사람 - 횡단중,보행자보호의무위반,건조,맑음,단일로 - 기타,승용,남,24세,상해없음,보행자,남,43세,경상
2014051600100080,2014년 5월 16일 06시,금요일,충청북도 음성군 생극면,경상사고,0,0,1,0,차량단독 - 기타,안전운전불이행,건조,맑음,단일로 - 기타,승용,남,75세,경상,,,,
2014051600100130,2014년 5월 16일 08시,금요일,충청북도 충주시 교현동,경상사고,0,0,1,0,차대사람 - 기타,보행자보호의무위반,건조,맑음,단일로 - 횡단보도상,승용,여,54세,상해없음,보행자,여,10세,경상
2014051600100131,2014년 5월 16일 08시,금요일,충청북도 청주시 흥덕구 오송읍,경상사고,0,0,1,0,차대차 - 추돌 - 진행중,차로위반,건조,맑음,단일로 - 기타,건설기계,남,37세,상해없음,승용,여,30세,경상
2014051600100132,2014년 5월 16일 08시,금요일,충청북도 청주시 서원구 개신동,경상사고,0,0,1,0,차대사람 - 횡단중,보행자보호의무위반,건조,맑음,단일로 - 횡단보도상,승용,남,47세,상해없음,보행자,여,16세,경상
2014051600100166,2014년 5월 16일 09시,금요일,충청북도 청주시 청원구 내수읍,사망사고,1,0,0,0,차대사람 - 횡단중,안전운전불이행,건조,맑음,단일로 - 기타,화물,남,67세,상해없음,보행자,남,82세,사망
2014051600100222,2014년 5월 16일 11시,금요일,충청북도 괴산군 감물면,사망사고,1,0,0,0,차량단독 - 전도전복,안전운전불이행,건조,맑음,단일로 - 기타,이륜,남,85세,사망,,,,
2014051600100254,2014년 5월 16일 12시,금요일,충청북도 청주시 상당구 용암동,경상사고,0,0,2,0,차대차 - 추돌 - 진행중,안전운전불이행,건조,맑음,교차로 - 교차로부근,승용,여,52세,상해없음,승용,여,47세,경상
2014051600100286,2014년 5월 16일 13시,금요일,충청북도 청주시 흥덕구 가경동,중상사고,0,1,0,0,차대사람 - 횡단중,보행자보호의무위반,건조,맑음,단일로 - 횡단보도상,승용,남,46세,상해없음,보행자,여,54세,중상
2014051600100361,2014년 5월 16일 15시,금요일,충청북도 음성군 생극면,경상사고,0,0,1,0,차대차 - 기타,신호위반,건조,맑음,교차로 - 교차로안,화물,남,69세,경상,화물,남,49세,상해없음
2014051600100362,2014년 5월 16일 15시,금요일,충청북도 단양군 단양읍,경상사고,0,0,1,0,차대차 - 측면직각충돌,기타,건조,맑음,단일로 - 기타,승용,여,49세,상해없음,승용,남,58세,경상
2014051600100400,2014년 5월 16일 16시,금요일,충청북도 음성군 대소면,부상신고사고,0,0,0,1,차대차 - 기타,안전운전불이행,건조,맑음,교차로 - 교차로부근,원동기,남,62세,부상신고,승용,남,42세,상해없음
2014051600100401,2014년 5월 16일 16시,금요일,충청북도 청주시 서원구 산남동,경상사고,0,0,1,0,차대사람 - 횡단중,안전운전불이행,건조,맑음,단일로 - 기타,승용,남,69세,상해없음,보행자,여,9세,경상
2014051600100452,2014년 5월 16일 17시,금요일,충청북도 충주시 교현동,경상사고,0,0,1,0,차대차 - 추돌 - 진행중,안전거리미확보,건조,맑음,단일로 - 기타,승용,여,49세,상해없음,승용,남,43세,경상
2014051600100453,2014년 5월 16일 17시,금요일,충청북도 청주시 상당구 용암동,경상사고,0,0,1,0,차대차 - 추돌 - 진행중,안전운전불이행,건조,맑음,단일로 - 기타,승용,남,62세,상해없음,승용,남,36세,경상
2014051600100505,2014년 5월 16일 18시,금요일,충청북도 청주시 상당구 금천동,중상사고,0,1,0,0,차대사람 - 횡단중,안전운전불이행,건조,맑음,단일로 - 기타,승합,여,42세,상해없음,보행자,여,78세,중상
2014051600100506,2014년 5월 16일 18시,금요일,충청북도 충주시 금릉동,경상사고,0,0,1,0,차대차 - 추돌 - 진행중,안전거리미확보,건조,맑음,교차로 - 교차로안,승합,남,55세,상해없음,승용,남,51세,상해없음
2014051600100507,2014년 5월 16일 18시,금요일,충청북도 청주시 흥덕구 가경동,경상사고,0,0,1,0,차대차 - 추돌 - 진행중,교차로운행방법위반,건조,맑음,교차로 - 교차로안,승용,남,26세,상해없음,이륜,남,44세,경상
2014051600100508,2014년 5월 16일 18시,금요일,충청북도 청주시 흥덕구 송절동,경상사고,0,0,3,0,차대차 - 측면직각충돌,직진우회전진행방해,건조,맑음,교차로 - 교차로안,승용,남,28세,경상,승용,남,26세,경상
2014051600100509,2014년 5월 16일 18시,금요일,충청북도 청주시 서원구 성화동,중상사고,0,1,0,0,차대차 - 측면직각충돌,신호위반,건조,맑음,교차로 - 교차로안,승용,여,27세,상해없음,이륜,남,24세,중상
2014051600100510,2014년 5월 16일 18시,금요일,충청북도 청주시 흥덕구 복대동,경상사고,0,0,1,0,차대차 - 측면직각충돌,안전운전불이행,건조,맑음,단일로 - 횡단보도상,승용,남,52세,상해없음,자전거,남,10세,경상
2014051600100580,2014년 5월 16일 20시,금요일,충청북도 청주시 서원구 분평동,중상사고,0,1,0,0,차대차 - 측면직각충돌,신호위반,건조,맑음,교차로 - 교차로안,승용,남,40세,상해없음,승용,남,57세,중상
2014051600100627,2014년 5월 16일 21시,금요일,충청북도 음성군 감곡면,경상사고,0,0,3,0,차대차 - 기타,안전운전불이행,건조,맑음,단일로 - 기타,승용,남,60세,경상,화물,남,62세,상해없음
2014051600100628,2014년 5월 16일 21시,금요일,충청북도 청주시 상당구 금천동,중상사고,0,2,3,0,차대차 - 측면직각충돌,안전운전불이행,건조,맑음,교차로 - 교차로안,승용,남,54세,상해없음,승용,남,28세,중상
2014051600100669,2014년 5월 16일 22시,금요일,충청북도 청주시 흥덕구 가경동,중상사고,0,1,0,0,차대차 - 측면직각충돌,안전운전불이행,건조,맑음,교차로 - 교차로부근,승용,남,31세,상해없음,승용,여,44세,중상
2014051600100670,2014년 5월 16일 22시,금요일,충청북도 청주시 서원구 남이면,경상사고,0,0,2,0,차대차 - 기타,안전운전불이행,건조,맑음,단일로 - 기타,승용,남,53세,상해없음,승용,여,49세,경상
2014051600100706,2014년 5월 16일 23시,금요일,충청북도 청주시 흥덕구 봉명동,사망사고,2,0,0,0,차량단독 - 전도전복,안전운전불이행,건조,맑음,단일로 - 기타,이륜,남,15세,사망,,,,
2014051700100045,2014년 5월 17일 01시,토요일,충청북도 청주시 서원구 사창동,경상사고,0,0,2,0,차대차 - 추돌 - 진행중,안전운전불이행,건조,맑음,교차로 - 교차로부근,승용,남,51세,상해없음,이륜,남,19세,경상
2014051700100082,2014년 5월 17일 03시,토요일,충청북도 청주시 청원구 주중동,중상사고,0,1,0,0,차대차 - 기타,신호위반,건조,맑음,교차로 - 교차로안,승용,남,25세,상해없음,승용,남,35세,중상
2014051700100105,2014년 5월 17일 05시,토요일,충청북도 청주시 흥덕구 봉명동,중상사고,0,1,3,0,차대차 - 측면직각충돌,안전운전불이행,건조,맑음,단일로 - 기타,승용,남,25세,상해없음,승용,남,54세,중상
2014051700100131,2014년 5월 17일 07시,토요일,충청북도 청주시 청원구 내수읍,경상사고,0,0,1,0,차대사람 - 기타,안전운전불이행,건조,맑음,단일로 - 기타,승용,남,37세,상해없음,보행자,남,77세,경상
2014051700100158,2014년 5월 17일 08시,토요일,충청북도 청주시 청원구 내덕동,경상사고,0,0,1,0,차량단독 - 기타,안전운전불이행,건조,맑음,단일로 - 기타,승합,남,55세,상해없음,,,,
2014051700100237,2014년 5월 17일 11시,토요일,충청북도 청주시 흥덕구 오송읍,중상사고,0,1,0,0,차대차 - 기타,교차로운행방법위반,건조,맑음,교차로 - 교차로안,승용,남,35세,상해없음,이륜,남,77세,중상
2014051700100238,2014년 5월 17일 11시,토요일,충청북도 청주시 서원구 죽림동,중상사고,0,1,2,0,차대차 - 기타,교차로운행방법위반,건조,맑음,교차로 - 교차로안,승용,여,57세,중상,화물,남,70세,경상
2014051700100272,2014년 5월 17일 12시,토요일,충청북도 진천군 진천읍,경상사고,0,0,1,0,차대차 - 측면직각충돌,안전운전불이행,건조,맑음,교차로 - 교차로안,승용,남,77세,상해없음,승용,여,33세,경상
2014051700100273,2014년 5월 17일 12시,토요일,충청북도 청주시 서원구 남이면,중상사고,0,1,0,0,차대사람 - 기타,안전운전불이행,건조,맑음,단일로 - 기타,기타불명,기타불명,기타불명,기타불명,보행자,남,21세,중상
2014051700100306,2014년 5월 17일 13시,토요일,충청북도 청주시 상당구 남일면,경상사고,0,0,1,0,차대차 - 기타,안전운전불이행,건조,맑음,교차로 - 교차로안,승용,여,57세,상해없음,원동기,남,71세,경상
2014051700100350,2014년 5월 17일 14시,토요일,충청북도 충주시 금릉동,경상사고,0,0,1,0,차대차 - 측면직각충돌,직진우회전진행방해,건조,맑음,교차로 - 교차로안,승용,남,46세,상해없음,승용,남,51세,경상
2014051700100351,2014년 5월 17일 14시,토요일,충청북도 청주시 흥덕구 강서동,경상사고,0,0,5,0,차대차 - 추돌 - 주정차중,안전운전불이행,건조,맑음,교차로 - 교차로부근,승용,남,73세,경상,승용,여,28세,경상
2014051700100396,2014년 5월 17일 15시,토요일,충청북도 보은군 장안면,사망사고,1,0,0,0,차량단독 - 전도전복,안전운전불이행,건조,맑음,기타 - 기타,농기계,남,77세,사망,,,,
2014051700100397,2014년 5월 17일 15시,토요일,충청북도 음성군 대소면,경상사고,0,0,1,0,차대차 - 기타,중앙선침범,건조,맑음,단일로 - 기타,원동기,남,78세,경상,승용,남,52세,상해없음
2014051700100398,2014년 5월 17일 15시,토요일,충청북도 청주시 흥덕구 강내면,중상사고,0,1,0,0,차대차 - 추돌 - 진행중,안전운전불이행,건조,맑음,단일로 - 기타,승합,남,24세,상해없음,자전거,남,13세,중상
2014051700100474,2014년 5월 17일 17시,토요일,충청북도 청주시 흥덕구 봉명동,경상사고,0,0,4,0,차대차 - 측면직각충돌,교차로운행방법위반,건조,맑음,교차로 - 교차로안,승용,남,66세,상해없음,이륜,남,59세,경상
2014051700100518,2014년 5월 17일 18시,토요일,충청북도 청주시 청원구 사천동,경상사고,0,0,2,0,차대차 - 추돌 - 진행중,안전운전불이행,건조,맑음,단일로 - 기타,승용,여,67세,상해없음,화물,남,46세,경상
2014051700100519,2014년 5월 17일 18시,토요일,충청북도 충주시 연수동,경상사고,0,0,1,0,차대차 - 정면충돌,안전운전불이행,건조,맑음,단일로 - 기타,승용,남,31세,상해없음,원동기,남,27세,경상
2014051700100520,2014년 5월 17일 18시,토요일,충청북도 청주시 서원구 개신동,중상사고,0,1,0,0,차대차 - 측면직각충돌,불법유턴,건조,맑음,교차로 - 교차로안,승용,남,32세,상해없음,승용,남,49세,중상
2014051700100557,2014년 5월 17일 19시,토요일,충청북도 청주시 청원구 율량동,경상사고,0,0,1,0,차량단독 - 기타,기타,건조,맑음,단일로 - 기타,승합,남,43세,상해없음,,,,
2014051700100558,2014년 5월 17일 19시,토요일,충청북도 청주시 상당구 용암동,중상사고,0,1,0,0,차량단독 - 기타,안전운전불이행,건조,맑음,단일로 - 기타,기타불명,기타불명,기타불명,기타불명,,,,
2014051700100620,2014년 5월 17일 21시,토요일,충청북도 청주시 상당구 남문로1가동,경상사고,0,0,2,0,차대사람 - 횡단중,보행자보호의무위반,건조,맑음,교차로 - 교차로부근,승용,남,19세,상해없음,보행자,여,20세,경상
2014051700100621,2014년 5월 17일 21시,토요일,충청북도 충주시 연수동,부상신고사고,0,0,0,1,차대차 - 추돌 - 진행중,안전운전불이행,건조,맑음,단일로 - 기타,원동기,남,22세,부상신고,승용,남,37세,상해없음
2014051700100622,2014년 5월 17일 21시,토요일,충청북도 충주시 연수동,중상사고,0,1,0,0,차대차 - 측면직각충돌,신호위반,건조,맑음,교차로 - 교차로안,화물,남,30세,상해없음,자전거,남,74세,중상
2014051700100699,2014년 5월 17일 23시,토요일,충청북도 제천시 영천동,경상사고,0,0,1,0,차대차 - 기타,안전운전불이행,건조,맑음,교차로 - 교차로부근,승용,남,53세,상해없음,승용,남,43세,경상
2014051700100700,2014년 5월 17일 23시,토요일,충청북도 청주시 흥덕구 복대동,경상사고,0,0,1,0,차대사람 - 기타,안전운전불이행,건조,맑음,단일로 - 기타,승용,남,36세,기타불명,보행자,남,33세,경상
2014051800100011,2014년 5월 18일 00시,일요일,충청북도 충주시 연수동,경상사고,0,0,1,0,차대사람 - 기타,안전운전불이행,건조,맑음,기타 - 기타,승용,남,26세,상해없음,보행자,남,25세,경상
2014051800100040,2014년 5월 18일 01시,일요일,충청북도 청주시 흥덕구 가경동,중상사고,0,1,0,0,차대차 - 측면직각충돌,안전거리미확보,건조,맑음,교차로 - 교차로부근,승용,남,47세,상해없음,이륜,남,47세,중상
2014051800100041,2014년 5월 18일 01시,일요일,충청북도 청주시 흥덕구 송정동,중상사고,0,5,0,0,차대차 - 추돌 - 진행중,교차로운행방법위반,건조,맑음,교차로 - 교차로안,승용,남,18세,중상,승용,남,28세,중상
2014051800100066,2014년 5월 18일 02시,일요일,충청북도 옥천군 옥천읍,경상사고,0,0,7,0,차대차 - 측면직각충돌,안전운전불이행,건조,맑음,교차로 - 교차로부근,승합,남,47세,경상,승용,남,41세,경상
2014051800100075,2014년 5월 18일 03시,일요일,충청북도 청주시 상당구 용암동,중상사고,0,1,0,0,차대차 - 기타,안전운전불이행,건조,맑음,교차로 - 교차로안,승용,남,67세,상해없음,승용,여,41세,중상
2014051800100094,2014년 5월 18일 04시,일요일,충청북도 청주시 흥덕구 복대동,경상사고,0,0,2,0,차대차 - 추돌 - 진행중,안전운전불이행,건조,맑음,단일로 - 기타,승용,남,22세,상해없음,승용,남,47세,경상
2014051800100095,2014년 5월 18일 04시,일요일,충청북도 청주시 서원구 죽림동,중상사고,0,1,0,0,차대차 - 기타,안전운전불이행,건조,맑음,단일로 - 기타,승용,남,28세,중상,화물,남,44세,상해없음
2014051800100106,2014년 5월 18일 05시,일요일,충청북도 진천군 백곡면,중상사고,0,1,1,0,차대차 - 정면충돌,중앙선침범,건조,맑음,단일로 - 기타,승용,남,43세,상해없음,승용,남,37세,중상
2014051800100107,2014년 5월 18일 05시,일요일,충청북도 청주시 서원구 사창동,경상사고,0,0,1,0,차대차 - 측면직각충돌,신호위반,건조,맑음,교차로 - 교차로안,승용,남,41세,상해없음,이륜,남,33세,경상