사고번호,사고일시,요일,시군구,사고내용,사망자수,중상자수,경상자수,부상신고자수,사고유형,법규위반,노면상태,기상상태,도로형태,가해운전자 차종,가해운전자 성별,가해운전자 연령,가해운전자 상해정도,피해운전자 차종,피해운전자 성별,피해운전자 연령,피해운전자 상해정도
2014051800100129,2014년 5월 18일 07시,일요일,충청북도 충주시 대소원면,중상사고,0,1,0,0,차대차 - 기타,안전운전불이행,건조,맑음,교차로 - 교차로안,화물,남,64세,상해없음,원동기,남,76세,중상
2014051800100188,2014년 5월 18일 10시,일요일,충청북도 단양군 가곡면,중상사고,0,1,3,0,차대차 - 기타,안전거리미확보,건조,맑음,교차로 - 교차로안,화물,남,57세,기타불명,승용,남,58세,경상
2014051800100217,2014년 5월 18일 11시,일요일,충청북도 제천시 백운면,경상사고,0,0,3,0,차대차 - 측면직각충돌,직진우회전진행방해,건조,맑음,교차로 - 교차로부근,이륜,남,55세,경상,승용,남,53세,상해없음
2014051800100218,2014년 5월 18일 11시,일요일,충청북도 청주시 흥덕구 비하동,경상사고,0,0,3,0,차대차 - 추돌 - 진행중,안전운전불이행,건조,맑음,단일로 - 기타,승용,남,43세,상해없음,승용,남,31세,경상
2014051800100306,2014년 5월 18일 14시,일요일,충청북도 청주시 상당구 석교동,경상사고,0,0,1,0,차대사람 - 기타,안전운전불이행,건조,맑음,단일로 - 기타,승용,남,63세,상해없음,보행자,남,37세,경상
2014051800100307,2014년 5월 18일 14시,일요일,충청북도 청주시 흥덕구 휴암동,중상사고,0,1,0,0,차대차 - 기타,안전운전불이행,건조,맑음,단일로 - 기타,승용,여,26세,중상,승용,여,64세,상해없음
2014051800100343,2014년 5월 18일 15시,일요일,충청북도 제천시 금성면,부상신고사고,0,0,0,1,차대차 - 기타,안전운전불이행,건조,맑음,교차로 - 교차로안,기타불명,기타불명,기타불명,기타불명,이륜,남,32세,부상신고
2014051800100344,2014년 5월 18일 15시,일요일,충청북도 진천군 초평면,사망사고,1,0,0,0,차량단독 - 기타,안전운전불이행,건조,맑음,단일로 - 기타,이륜,남,54세,사망,,,,
2014051800100405,2014년 5월 18일 17시,일요일,충청북도 청주시 청원구 북이면,사망사고,1,1,0,0,차량단독 - 공작물충돌,안전운전불이행,건조,맑음,단일로 - 기타,화물,남,71세,중상,,,,
2014051800100442,2014년 5월 18일 18시,일요일,충청북도 단양군 단양읍,중상사고,0,2,0,0,차대차 - 정면충돌,중앙선침범,건조,맑음,단일로 - 기타,승용,여,50세,상해없음,승용,남,34세,중상
2014051800100443,2014년 5월 18일 18시,일요일,충청북도 청주시 흥덕구 비하동,경상사고,0,0,1,0,차대차 - 측면직각충돌,안전운전불이행,건조,맑음,기타 - 기타,승용,남,30세,상해없음,승용,남,28세,경상
2014051800100472,2014년 5월 18일 19시,일요일,충청북도 청주시 청원구 오창읍,경상사고,0,0,2,0,차대차 - 추돌 - 진행중,안전운전불이행,건조,맑음,단일로 - 기타,승용,남,33세,상해없음,승용,여,25세,경상
2014051800100473,2014년 5월 18일 19시,일요일,충청북도 제천시 청전동,부상신고사고,0,0,0,1,차대차 - 기타,안전운전불이행,건조,맑음,교차로 - 교차로안,원동기,남,17세,부상신고,승용,여,21세,기타불명
2014051800100474,2014년 5월 18일 19시,일요일,충청북도 보은군 보은읍,중상사고,0,1,0,0,차대사람 - 횡단중,보행자보호의무위반,건조,맑음,기타 - 기타,승용,남,41세,상해없음,보행자,남,5세,중상
2014051800100515,2014년 5월 18일 20시,일요일,충청북도 제천시 모산동,중상사고,0,3,4,0,차대차 - 추돌 - 주정차중,안전운전불이행,건조,맑음,교차로 - 교차로부근,승용,남,45세,상해없음,승용,여,43세,중상
2014051800100578,2014년 5월 18일 22시,일요일,충청북도 음성군 삼성면,중상사고,0,1,1,0,차대차 - 기타,중앙선침범,건조,맑음,교차로 - 교차로부근,승용,남,40세,경상,승용,남,36세,중상
2014051800100599,2014년 5월 18일 23시,일요일,충청북도 청주시 흥덕구 복대동,중상사고,0,1,0,0,차대차 - 추돌 - 진행중,신호위반,건조,맑음,교차로 - 교차로안,승용,남,29세,상해없음,승용,남,25세,중상
2014051900100008,2014년 5월 19일 00시,월요일,충청북도 청주시 청원구 주성동,중상사고,0,5,0,0,차대차 - 기타,신호위반,건조,맑음,교차로 - 교차로안,승용,남,21세,중상,승용,남,47세,중상
2014051900100057,2014년 5월 19일 07시,월요일,충청북도 청주시 흥덕구 운천동,중상사고,0,1,2,0,차대차 - 측면직각충돌,교차로운행방법위반,건조,맑음,교차로 - 교차로부근,승용,남,67세,경상,승용,여,42세,중상
2014051900100092,2014년 5월 19일 08시,월요일,충청북도 충주시 교현동,중상사고,0,1,0,0,차대사람 - 길가장자리구역통행중,안전운전불이행,건조,맑음,단일로 - 기타,승용,여,47세,상해없음,보행자,남,15세,중상
2014051900100093,2014년 5월 19일 08시,월요일,충청북도 청주시 서원구 현도면,경상사고,0,0,1,0,차량단독 - 공작물충돌,안전운전불이행,건조,맑음,단일로 - 기타,승용,남,26세,경상,,,,
2014051900100094,2014년 5월 19일 08시,월요일,충청북도 진천군 진천읍,사망사고,1,0,1,0,차대차 - 기타,안전거리미확보,건조,맑음,단일로 - 기타,승용,여,51세,사망,승용,남,50세,경상
2014051900100127,2014년 5월 19일 09시,월요일,충청북도 충주시 봉방동,경상사고,0,0,1,0,차대차 - 추돌 - 진행중,안전거리미확보,건조,맑음,단일로 - 기타,승용,남,65세,상해없음,승용,여,29세,경상
2014051900100128,2014년 5월 19일 09시,월요일,충청북도 제천시 하소동,중상사고,0,1,0,0,차대사람 - 기타,보행자보호의무위반,건조,맑음,교차로 - 교차로부근,화물,남,27세,상해없음,보행자,여,10세,중상
2014051900100129,2014년 5월 19일 09시,월요일,충청북도 청주시 흥덕구 강서동,경상사고,0,0,1,0,차대차 - 측면직각충돌,안전운전불이행,건조,맑음,단일로 - 기타,승용,남,38세,상해없음,자전거,남,18세,경상
2014051900100204,2014년 5월 19일 11시,월요일,충청북도 청주시 청원구 사천동,중상사고,0,1,0,0,차대사람 - 횡단중,보행자보호의무위반,건조,맑음,교차로 - 교차로안,승용,남,51세,상해없음,보행자,여,79세,중상
2014051900100205,2014년 5월 19일 11시,월요일,충청북도 충주시 달천동,경상사고,0,0,2,0,차대차 - 추돌 - 주정차중,안전운전불이행,건조,맑음,단일로 - 기타,승합,남,58세,상해없음,승용,여,40세,경상
2014051900100206,2014년 5월 19일 11시,월요일,충청북도 옥천군 옥천읍,경상사고,0,0,1,0,차대차 - 추돌 - 진행중,안전거리미확보,건조,맑음,교차로 - 교차로부근,승용,여,46세,상해없음,승용,남,57세,경상
2014051900100232,2014년 5월 19일 12시,월요일,충청북도 제천시 동현동,경상사고,0,0,1,0,차대차 - 기타,안전거리미확보,건조,맑음,단일로 - 기타,승용,남,47세,상해없음,승용,남,30세,경상
2014051900100265,2014년 5월 19일 13시,월요일,충청북도 음성군 대소면,중상사고,0,1,0,0,차대차 - 기타,신호위반,건조,맑음,교차로 - 교차로안,원동기,남,45세,중상,승용,남,28세,상해없음
2014051900100288,2014년 5월 19일 14시,월요일,충청북도 제천시 청풍면,경상사고,0,0,4,0,차대차 - 기타,안전거리미확보,건조,흐림,단일로 - 기타,승용,여,52세,상해없음,승용,여,52세,경상
2014051900100289,2014년 5월 19일 14시,월요일,충청북도 제천시 백운면,중상사고,0,1,0,0,차대차 - 기타,불법유턴,건조,맑음,단일로 - 기타,농기계,남,74세,상해없음,원동기,남,82세,중상
2014051900100290,2014년 5월 19일 14시,월요일,충청북도 옥천군 옥천읍,경상사고,0,0,1,0,차대차 - 측면직각충돌,교차로운행방법위반,건조,맑음,교차로 - 교차로안,승합,남,24세,상해없음,이륜,남,64세,경상
2014051900100321,2014년 5월 19일 15시,월요일,충청북도 음성군 감곡면,경상사고,0,0,1,0,차대차 - 기타,안전운전불이행,건조,맑음,단일로 - 기타,원동기,여,48세,경상,승용,남,28세,상해없음
2014051900100395,2014년 5월 19일 17시,월요일,충청북도 청주시 상당구 북문로1가동,중상사고,0,1,0,0,차대차 - 기타,기타,건조,맑음,단일로 - 기타,승용,남,61세,상해없음,자전거,여,58세,중상
2014051900100396,2014년 5월 19일 17시,월요일,충청북도 음성군 음성읍,경상사고,0,0,1,0,차대차 - 기타,중앙선침범,건조,맑음,교차로 - 교차로안,화물,남,60세,상해없음,승용,남,34세,경상
2014051900100397,2014년 5월 19일 17시,월요일,충청북도 청주시 서원구 사창동,경상사고,0,0,1,0,차대사람 - 기타,안전운전불이행,건조,맑음,단일로 - 기타,승용,여,32세,상해없음,보행자,남,8세,경상
2014051900100398,2014년 5월 19일 17시,월요일,충청북도 청주시 상당구 용암동,중상사고,0,1,0,0,차대사람 - 횡단중,안전운전불이행,건조,맑음,교차로 - 교차로부근,승용,남,37세,상해없음,보행자,여,53세,중상
2014051900100438,2014년 5월 19일 18시,월요일,충청북도 제천시 서부동,경상사고,0,0,2,0,차대차 - 기타,안전운전불이행,건조,맑음,교차로 - 교차로안,승용,남,33세,경상,자전거,남,74세,경상
2014051900100439,2014년 5월 19일 18시,월요일,충청북도 진천군 이월면,중상사고,0,1,0,0,차대차 - 측면직각충돌,교차로운행방법위반,건조,맑음,교차로 - 교차로부근,화물,남,64세,상해없음,승용,남,29세,중상
2014051900100513,2014년 5월 19일 20시,월요일,충청북도 충주시 연수동,경상사고,0,0,1,0,차대차 - 추돌 - 진행중,안전운전불이행,건조,맑음,교차로 - 교차로안,승용,여,40세,상해없음,자전거,남,16세,경상
2014051900100514,2014년 5월 19일 20시,월요일,충청북도 청주시 흥덕구 강서동,경상사고,0,0,1,0,차대차 - 기타,안전운전불이행,건조,맑음,단일로 - 기타,화물,남,40세,기타불명,승용,남,29세,경상
2014051900100557,2014년 5월 19일 21시,월요일,충청북도 청주시 청원구 오창읍,경상사고,0,0,1,0,차대사람 - 기타,안전운전불이행,건조,맑음,단일로 - 기타,승용,남,54세,상해없음,보행자,남,27세,경상
2014051900100558,2014년 5월 19일 21시,월요일,충청북도 충주시 연수동,중상사고,0,2,0,0,차대차 - 정면충돌,안전운전불이행,건조,맑음,교차로 - 교차로안,승용,남,39세,상해없음,화물,남,67세,중상
2014051900100559,2014년 5월 19일 21시,월요일,충청북도 청주시 흥덕구 오송읍,중상사고,0,1,3,0,차대차 - 측면직각충돌,안전운전불이행,건조,맑음,단일로 - 기타,승용,남,30세,상해없음,건설기계,남,37세,상해없음
2014052000100067,2014년 5월 20일 06시,화요일,충청북도 청주시 상당구 남주동,경상사고,0,0,1,0,차대차 - 기타,안전운전불이행,건조,맑음,교차로 - 교차로안,승용,남,57세,상해없음,승용,여,32세,경상
2014052000100068,2014년 5월 20일 06시,화요일,충청북도 청주시 상당구 석교동,경상사고,0,0,1,0,차대차 - 기타,안전운전불이행,건조,맑음,교차로 - 교차로부근,승합,남,69세,상해없음,승용,남,45세,경상
2014052000100069,2014년 5월 20일 06시,화요일,충청북도 청주시 흥덕구 봉명동,경상사고,0,0,1,0,차대차 - 측면직각충돌,안전운전불이행,건조,맑음,단일로 - 기타,승용,남,42세,상해없음,승용,여,59세,경상
2014052000100085,2014년 5월 20일 07시,화요일,충청북도 청주시 청원구 오창읍,경상사고,0,0,1,0,차대차 - 측면직각충돌,기타,건조,맑음,단일로 - 기타,승용,남,28세,상해없음,승용,남,61세,경상
2014052000100120,2014년 5월 20일 08시,화요일,충청북도 청주시 흥덕구 오송읍,중상사고,0,1,2,0,차대차 - 추돌 - 진행중,안전운전불이행,건조,맑음,단일로 - 기타,승용,남,46세,상해없음,승용,남,59세,경상
2014052000100155,2014년 5월 20일 09시,화요일,충청북도 청주시 서원구 현도면,중상사고,0,1,1,0,차대차 - 기타,신호위반,건조,맑음,교차로 - 교차로안,원동기,남,27세,중상,화물,남,37세,경상
2014052000100203,2014년 5월 20일 11시,화요일,충청북도 청주시 청원구 오창읍,경상사고,0,0,1,0,차대차 - 추돌 - 진행중,안전운전불이행,건조,맑음,교차로 - 교차로부근,승용,남,56세,상해없음,승용,여,44세,경상
2014052000100231,2014년 5월 20일 12시,화요일,충청북도 청주시 상당구 북문로1가동,중상사고,0,2,2,0,차대차 - 추돌 - 진행중,안전운전불이행,건조,맑음,단일로 - 기타,승합,남,60세,상해없음,승용,여,37세,경상
2014052000100232,2014년 5월 20일 12시,화요일,충청북도 충주시 산척면,경상사고,0,0,1,0,차대차 - 추돌 - 진행중,안전운전불이행,건조,맑음,교차로 - 교차로부근,기타불명,기타불명,기타불명,기타불명,농기계,남,61세,상해없음
2014052000100233,2014년 5월 20일 12시,화요일,충청북도 영동군 황간면,중상사고,0,1,0,0,차대차 - 기타,신호위반,건조,맑음,교차로 - 교차로안,승용,남,54세,상해없음,이륜,남,38세,중상
2014052000100234,2014년 5월 20일 12시,화요일,충청북도 진천군 진천읍,경상사고,0,0,1,0,차대차 - 기타,신호위반,건조,맑음,단일로 - 기타,승용,남,64세,상해없음,승용,여,45세,경상
2014052000100268,2014년 5월 20일 13시,화요일,충청북도 증평군 증평읍,중상사고,0,1,3,0,차대차 - 측면직각충돌,안전운전불이행,건조,맑음,교차로 - 교차로안,승용,남,69세,상해없음,화물,남,61세,중상
2014052000100339,2014년 5월 20일 15시,화요일,충청북도 청주시 청원구 주성동,경상사고,0,0,2,0,차대차 - 기타,안전운전불이행,건조,맑음,교차로 - 교차로부근,승용,남,66세,상해없음,승용,여,35세,경상
2014052000100382,2014년 5월 20일 16시,화요일,충청북도 청주시 청원구 사천동,경상사고,0,0,1,0,차대사람 - 기타,보행자보호의무위반,건조,맑음,단일로 - 횡단보도상,승용,여,56세,상해없음,보행자,남,16세,경상
2014052000100383,2014년 5월 20일 16시,화요일,충청북도 청주시 흥덕구 복대동,중상사고,0,1,0,0,차대차 - 측면직각충돌,안전운전불이행,건조,맑음,단일로 - 기타,승용,남,28세,상해없음,이륜,남,19세,상해없음
2014052000100384,2014년 5월 20일 16시,화요일,충청북도 청주시 흥덕구 비하동,중상사고,0,1,0,0,차량단독 - 공작물충돌,안전운전불이행,건조,맑음,단일로 - 기타,승용,여,43세,중상,,,,
2014052000100385,2014년 5월 20일 16시,화요일,충청북도 청주시 상당구 남일면,중상사고,0,1,1,0,차대차 - 기타,안전운전불이행,건조,맑음,교차로 - 교차로안,승용,남,52세,중상,승용,남,52세,경상
2014052000100424,2014년 5월 20일 17시,화요일,충청북도 청주시 상당구 평촌동,중상사고,0,1,0,0,차대차 - 기타,안전운전불이행,건조,맑음,단일로 - 기타,승용,남,56세,상해없음,원동기,남,62세,중상
2014052000100455,2014년 5월 20일 18시,화요일,충청북도 영동군 양강면,사망사고,1,0,0,0,차량단독 - 공작물충돌,안전운전불이행,건조,맑음,단일로 - 기타,승용,남,58세,사망,,,,
2014052000100484,2014년 5월 20일 19시,화요일,충청북도 청주시 청원구 우암동,경상사고,0,0,1,0,차대사람 - 기타,안전운전불이행,건조,맑음,단일로 - 기타,승합,남,58세,상해없음,보행자,남,36세,경상
2014052000100485,2014년 5월 20일 19시,화요일,충청북도 충주시 연수동,경상사고,0,0,1,0,차대차 - 추돌 - 진행중,안전운전불이행,건조,맑음,교차로 - 교차로안,승용,남,35세,상해없음,자전거,남,45세,경상
2014052000100486,2014년 5월 20일 19시,화요일,충청북도 진천군 진천읍,중상사고,0,1,1,0,차대차 - 기타,안전거리미확보,건조,맑음,교차로 - 교차로부근,원동기,남,73세,경상,승용,여,40세,상해없음
2014052000100516,2014년 5월 20일 20시,화요일,충청북도 청주시 흥덕구 강내면,중상사고,0,1,0,0,차대차 - 측면직각충돌,신호위반,건조,맑음,교차로 - 교차로안,자전거,남,23세,중상,승용,남,48세,상해없음
2014052000100517,2014년 5월 20일 20시,화요일,충청북도 청주시 서원구 사직동,경상사고,0,0,2,0,차대차 - 기타,신호위반,건조,맑음,교차로 - 교차로안,승합,남,65세,상해없음,승용,남,52세,상해없음
2014052000100518,2014년 5월 20일 20시,화요일,충청북도 청주시 상당구 영운동,중상사고,0,1,1,0,차대사람 - 횡단중,안전운전불이행,건조,흐림,단일로 - 기타,승용,남,43세,상해없음,보행자,남,56세,경상
2014052000100603,2014년 5월 20일 23시,화요일,충청북도 충주시 용산동,부상신고사고,0,0,0,1,차대차 - 추돌 - 진행중,안전운전불이행,건조,맑음,교차로 - 교차로안,원동기,남,18세,부상신고,승용,남,57세,상해없음
2014052000100604,2014년 5월 20일 23시,화요일,충청북도 보은군 수한면,경상사고,0,0,1,0,차량단독 - 전도전복,안전운전불이행,건조,맑음,교차로 - 교차로부근,승용,남,49세,경상,,,,
2014052000100605,2014년 5월 20일 23시,화요일,충청북도 진천군 진천읍,사망사고,1,0,0,0,차대사람 - 횡단중,안전운전불이행,건조,맑음,단일로 - 기타,승용,남,50세,상해없음,보행자,남,35세,사망
2014052000100606,2014년 5월 20일 23시,화요일,충청북도 청주시 서원구 성화동,경상사고,0,0,2,0,차대차 - 측면직각충돌,안전운전불이행,건조,흐림,단일로 - 기타,승합,남,40세,상해없음,이륜,남,17세,경상
2014052000100607,2014년 5월 20일 23시,화요일,충청북도 청주시 서원구 사직동,경상사고,0,0,1,0,차대차 - 측면직각충돌,차로위반,건조,맑음,단일로 - 기타,승용,여,69세,상해없음,승용,남,54세,상해없음
2014052000100608,2014년 5월 20일 23시,화요일,충청북도 청주시 서원구 산남동,경상사고,0,0,1,0,차대차 - 기타,안전운전불이행,건조,맑음,교차로 - 교차로부근,승용,남,30세,상해없음,승용,남,40세,경상
2014052100100011,2014년 5월 21일 00시,수요일,충청북도 청주시 흥덕구 봉명동,경상사고,0,0,1,0,차대사람 - 길가장자리구역통행중,안전운전불이행,건조,맑음,단일로 - 기타,승용,남,28세,상해없음,보행자,여,18세,경상
2014052100100044,2014년 5월 21일 02시,수요일,충청북도 청주시 서원구 분평동,중상사고,0,2,2,0,차대차 - 추돌 - 진행중,안전운전불이행,건조,맑음,교차로 - 교차로부근,승용,남,28세,상해없음,승용,남,35세,중상
2014052100100056,2014년 5월 21일 04시,수요일,충청북도 청주시 흥덕구 송정동,중상사고,0,1,0,0,차대차 - 측면직각충돌,신호위반,건조,맑음,교차로 - 교차로안,화물,남,51세,상해없음,화물,남,27세,중상
2014052100100074,2014년 5월 21일 06시,수요일,충청북도 청주시 흥덕구 오송읍,경상사고,0,0,1,0,차대차 - 측면직각충돌,안전운전불이행,건조,맑음,단일로 - 기타,승합,남,64세,상해없음,화물,남,33세,경상
2014052100100094,2014년 5월 21일 07시,수요일,충청북도 충주시 목행동,경상사고,0,0,1,0,차대사람 - 길가장자리구역통행중,안전운전불이행,건조,맑음,단일로 - 기타,화물,남,60세,상해없음,보행자,남,53세,경상
2014052100100095,2014년 5월 21일 07시,수요일,충청북도 제천시 신월동,경상사고,0,0,1,0,차대차 - 측면직각충돌,직진우회전진행방해,건조,맑음,교차로 - 교차로안,승용,여,42세,상해없음,화물,남,40세,경상
2014052100100096,2014년 5월 21일 07시,수요일,충청북도 증평군 증평읍,경상사고,0,0,1,0,차대차 - 측면직각충돌,신호위반,건조,흐림,교차로 - 교차로안,승용,남,46세,상해없음,승용,여,40세,경상
2014052100100137,2014년 5월 21일 08시,수요일,충청북도 청주시 청원구 북이면,사망사고,1,0,0,0,차대차 - 측면직각충돌,안전운전불이행,건조,맑음,단일로 - 기타,농기계,남,68세,상해없음,농기계,남,75세,사망
2014052100100138,2014년 5월 21일 08시,수요일,충청북도 제천시 장락동,중상사고,0,1,0,0,차대차 - 기타,직진우회전진행방해,건조,맑음,교차로 - 교차로안,화물,남,36세,상해없음,승용,여,39세,중상
2014052100100139,2014년 5월 21일 08시,수요일,충청북도 진천군 초평면,경상사고,0,0,1,0,차대차 - 측면직각충돌,중앙선침범,건조,맑음,단일로 - 기타,원동기,여,41세,경상,승용,여,42세,상해없음
2014052100100227,2014년 5월 21일 11시,수요일,충청북도 청주시 흥덕구 강내면,경상사고,0,0,1,0,차대차 - 측면직각충돌,안전운전불이행,건조,맑음,교차로 - 교차로부근,승용,남,35세,상해없음,화물,남,56세,상해없음
2014052100100310,2014년 5월 21일 14시,수요일,충청북도 제천시 백운면,중상사고,0,1,0,0,차대사람 - 기타,안전운전불이행,건조,맑음,단일로 - 기타,승용,남,26세,상해없음,보행자,남,75세,중상
2014052100100311,2014년 5월 21일 14시,수요일,충청북도 청주시 흥덕구 강서동,중상사고,0,1,0,0,차대차 - 측면직각충돌,신호위반,건조,맑음,교차로 - 교차로안,승용,여,27세,상해없음,승용,남,35세,중상
2014052100100312,2014년 5월 21일 14시,수요일,충청북도 청주시 흥덕구 봉명동,경상사고,0,0,3,0,차대차 - 측면직각충돌,안전운전불이행,건조,맑음,교차로 - 교차로안,승용,여,38세,상해없음,승합,여,28세,상해없음
2014052100100353,2014년 5월 21일 15시,수요일,충청북도 청주시 상당구 금천동,경상사고,0,0,1,0,차대차 - 기타,안전운전불이행,건조,맑음,단일로 - 기타,이륜,남,66세,경상,화물,남,46세,상해없음
2014052100100388,2014년 5월 21일 16시,수요일,충청북도 충주시 엄정면,경상사고,0,0,1,0,차대차 - 추돌 - 진행중,안전거리미확보,건조,맑음,단일로 - 기타,승용,남,49세,상해없음,화물,남,48세,경상
2014052100100495,2014년 5월 21일 18시,수요일,충청북도 충주시 가주동,경상사고,0,0,1,0,차대차 - 기타,교차로운행방법위반,건조,맑음,교차로 - 교차로안,승용,남,33세,상해없음,원동기,남,55세,경상
2014052100100496,2014년 5월 21일 18시,수요일,충청북도 제천시 장락동,경상사고,0,0,5,0,차대차 - 기타,안전거리미확보,건조,맑음,교차로 - 교차로부근,화물,남,52세,상해없음,승용,여,54세,경상
2014052100100497,2014년 5월 21일 18시,수요일,충청북도 음성군 음성읍,중상사고,0,1,0,0,차대차 - 기타,안전운전불이행,건조,맑음,교차로 - 교차로부근,승합,남,52세,상해없음,자전거,남,76세,중상
2014052100100529,2014년 5월 21일 19시,수요일,충청북도 제천시 화산동,경상사고,0,0,1,0,차대사람 - 기타,안전운전불이행,건조,맑음,교차로 - 교차로안,승합,남,57세,상해없음,보행자,남,65세,경상
2014052100100564,2014년 5월 21일 20시,수요일,충청북도 제천시 고암동,경상사고,0,0,1,0,차대차 - 기타,안전거리미확보,건조,맑음,단일로 - 기타,화물,남,64세,상해없음,이륜,남,22세,경상
2014052100100565,2014년 5월 21일 20시,수요일,충청북도 진천군 초평면,중상사고,0,1,0,0,차대차 - 추돌 - 주정차중,안전운전불이행,건조,맑음,단일로 - 기타,승용,여,60세,상해없음,농기계,남,79세,중상
2014052100100566,2014년 5월 21일 20시,수요일,충청북도 청주시 흥덕구 오송읍,경상사고,0,0,2,0,차대차 - 측면직각충돌,신호위반,건조,맑음,교차로 - 교차로안,승용,여,33세,상해없음,승용,여,31세,경상
2014052100100598,2014년 5월 21일 21시,수요일,충청북도 청주시 흥덕구 복대동,경상사고,0,0,1,0,차대차 - 측면직각충돌,안전운전불이행,건조,맑음,단일로 - 기타,승합,남,54세,상해없음,자전거,남,16세,경상
2014052100100638,2014년 5월 21일 22시,수요일,충청북도 제천시 신월동,경상사고,0,0,1,0,차대차 - 기타,안전운전불이행,건조,맑음,단일로 - 기타,승용,여,26세,상해없음,승용,남,29세,기타불명
2014052100100639,2014년 5월 21일 22시,수요일,충청북도 증평군 증평읍,부상신고사고,0,0,0,1,차대차 - 측면직각충돌,기타,건조,맑음,교차로 - 교차로안,이륜,남,19세,부상신고,승용,남,26세,상해없음
2014052100100640,2014년 5월 21일 22시,수요일,충청북도 청주시 흥덕구 복대동,중상사고,0,2,0,0,차대차 - 추돌 - 진행중,안전운전불이행,건조,맑음,단일로 - 기타,화물,남,46세,상해없음,승용,여,18세,중상
2014052100100669,2014년 5월 21일 23시,수요일,충청북도 영동군 용산면,경상사고,0,0,1,0,차량단독 - 공작물충돌,안전운전불이행,건조,맑음,단일로 - 기타,승용,남,29세,경상,,,,
2014052200100031,2014년 5월 22일 02시,목요일,충청북도 음성군 대소면,경상사고,0,0,1,0,차대차 - 기타,안전운전불이행,건조,맑음,교차로 - 교차로부근,승용,남,27세,상해없음,승용,남,29세,경상
2014052200100076,2014년 5월 22일 06시,목요일,충청북도 청주시 청원구 오창읍,중상사고,0,4,0,0,차대차 - 측면직각충돌,신호위반,건조,맑음,교차로 - 교차로안,승용,남,47세,중상,승합,남,71세,중상
2014052200100098,2014년 5월 22일 07시,목요일,충청북도 영동군 영동읍,경상사고,0,0,3,0,차대차 - 측면직각충돌,직진우회전진행방해,건조,맑음,교차로 - 교차로안,승용,남,35세,상해없음,승용,남,47세,경상
2014052200100099,2014년 5월 22일 07시,목요일,충청북도 청주시 흥덕구 봉명동,중상사고,0,1,0,0,차대사람 - 횡단중,안전운전불이행,건조,맑음,단일로 - 기타,승용,남,55세,상해없음,보행자,여,72세,중상
2014052200100138,2014년 5월 22일 08시,목요일,충청북도 괴산군 소수면,중상사고,0,1,0,0,차대차 - 측면직각충돌,중앙선침범,건조,맑음,단일로 - 기타,화물,남,77세,상해없음,농기계,남,37세,중상
2014052200100205,2014년 5월 22일 10시,목요일,충청북도 청주시 청원구 우암동,중상사고,0,1,1,0,차대차 - 기타,교차로운행방법위반,건조,맑음,교차로 - 교차로안,승합,여,50세,중상,승용,남,23세,경상
2014052200100206,2014년 5월 22일 10시,목요일,충청북도 충주시 성서동,경상사고,0,0,1,0,차대사람 - 기타,안전운전불이행,건조,맑음,단일로 - 기타,승용,남,40세,상해없음,보행자,여,84세,경상
2014052200100207,2014년 5월 22일 10시,목요일,충청북도 청주시 서원구 현도면,중상사고,0,1,0,0,차대차 - 기타,안전운전불이행,건조,맑음,단일로 - 기타,승용,남,41세,상해없음,이륜,여,53세,중상
2014052200100236,2014년 5월 22일 11시,목요일,충청북도 진천군 초평면,중상사고,0,1,0,0,차대차 - 측면직각충돌,교차로운행방법위반,건조,맑음,교차로 - 교차로안,화물,여,47세,상해없음,이륜,남,66세,중상
2014052200100261,2014년 5월 22일 12시,목요일,충청북도 청주시 서원구 사창동,경상사고,0,0,2,0,차대차 - 추돌 - 주정차중,불법유턴,건조,맑음,단일로 - 기타,승합,남,22세,상해없음,이륜,남,32세,경상
2014052200100294,2014년 5월 22일 13시,목요일,충청북도 충주시 봉방동,중상사고,0,1,0,0,차대차 - 추돌 - 진행중,안전운전불이행,건조,맑음,단일로 - 기타,화물,남,54세,상해없음,자전거,여,62세,중상
2014052200100295,2014년 5월 22일 13시,목요일,충청북도 충주시 성내동,중상사고,0,1,0,0,차대차 - 추돌 - 진행중,안전운전불이행,건조,맑음,단일로 - 기타,승용,남,50세,상해없음,승용,여,54세,상해없음
2014052200100296,2014년 5월 22일 13시,목요일,충청북도 제천시 영천동,중상사고,0,1,0,0,차대사람 - 보도통행중,기타,건조,맑음,교차로 - 교차로부근,승용,여,51세,상해없음,보행자,여,71세,중상
2014052200100364,2014년 5월 22일 15시,목요일,충청북도 옥천군 옥천읍,중상사고,0,1,0,0,차대사람 - 기타,안전운전불이행,건조,맑음,단일로 - 기타,승용,남,36세,상해없음,보행자,여,69세,중상
2014052200100407,2014년 5월 22일 16시,목요일,충청북도 진천군 진천읍,경상사고,0,0,1,0,차대차 - 측면직각충돌,교차로운행방법위반,건조,맑음,교차로 - 교차로안,승용,남,41세,상해없음,승용,여,46세,경상
2014052200100408,2014년 5월 22일 16시,목요일,충청북도 청주시 흥덕구 송절동,경상사고,0,0,1,0,차대차 - 기타,안전거리미확보,건조,맑음,교차로 - 교차로부근,건설기계,남,72세,상해없음,승용,남,62세,경상
2014052200100409,2014년 5월 22일 16시,목요일,충청북도 청주시 상당구 용정동,경상사고,0,0,1,0,차대차 - 기타,안전운전불이행,건조,맑음,교차로 - 교차로부근,기타불명,기타불명,기타불명,기타불명,자전거,남,14세,경상