사고번호,사고일시,요일,시군구,사고내용,사망자수,중상자수,경상자수,부상신고자수,사고유형,법규위반,노면상태,기상상태,도로형태,가해운전자 차종,가해운전자 성별,가해운전자 연령,가해운전자 상해정도,피해운전자 차종,피해운전자 성별,피해운전자 연령,피해운전자 상해정도
2014052200100410,2014년 5월 22일 16시,목요일,충청북도 청주시 서원구 분평동,중상사고,0,1,0,0,차대차 - 기타,안전운전불이행,건조,맑음,단일로 - 횡단보도상,승용,여,29세,상해없음,자전거,남,67세,중상
2014052200100459,2014년 5월 22일 17시,목요일,충청북도 제천시 의림동,경상사고,0,0,1,0,차대차 - 기타,안전운전불이행,건조,맑음,교차로 - 교차로안,승합,남,61세,상해없음,자전거,남,13세,경상
2014052200100460,2014년 5월 22일 17시,목요일,충청북도 음성군 음성읍,경상사고,0,0,1,0,차대차 - 기타,안전운전불이행,건조,맑음,기타 - 기타,승용,남,55세,상해없음,승용,남,66세,경상
2014052200100461,2014년 5월 22일 17시,목요일,충청북도 청주시 흥덕구 봉명동,중상사고,0,1,0,0,차대사람 - 횡단중,안전운전불이행,건조,맑음,교차로 - 교차로안,승용,남,32세,상해없음,보행자,남,64세,중상
2014052200100509,2014년 5월 22일 18시,목요일,충청북도 청주시 청원구 율량동,중상사고,0,1,0,0,차대차 - 기타,교차로운행방법위반,건조,맑음,교차로 - 교차로안,이륜,남,48세,중상,승용,여,28세,상해없음
2014052200100547,2014년 5월 22일 19시,목요일,충청북도 진천군 진천읍,중상사고,0,1,1,0,차대차 - 측면직각충돌,기타,건조,맑음,교차로 - 교차로안,승용,남,38세,상해없음,승합,여,43세,중상
2014052200100657,2014년 5월 22일 22시,목요일,충청북도 청주시 흥덕구 가경동,중상사고,0,1,0,0,차대차 - 추돌 - 주정차중,안전운전불이행,건조,맑음,교차로 - 교차로안,승용,남,46세,상해없음,승용,남,25세,중상
2014052200100676,2014년 5월 22일 23시,목요일,충청북도 충주시 연수동,경상사고,0,0,1,0,차대사람 - 기타,안전운전불이행,건조,맑음,단일로 - 기타,승용,남,23세,상해없음,보행자,남,25세,경상
2014052300100009,2014년 5월 23일 00시,금요일,충청북도 충주시 금릉동,중상사고,0,1,2,0,차대차 - 측면직각충돌,안전운전불이행,건조,맑음,교차로 - 교차로안,승용,남,47세,경상,승용,여,22세,중상
2014052300100010,2014년 5월 23일 00시,금요일,충청북도 충주시 중앙탑면,경상사고,0,0,1,0,차량단독 - 공작물충돌,안전운전불이행,건조,맑음,단일로 - 기타,승용,남,55세,상해없음,,,,
2014052300100042,2014년 5월 23일 02시,금요일,충청북도 청주시 상당구 영운동,경상사고,0,0,1,0,차대차 - 기타,안전운전불이행,건조,맑음,단일로 - 기타,승용,남,19세,상해없음,승용,남,56세,경상
2014052300100057,2014년 5월 23일 04시,금요일,충청북도 괴산군 장연면,중상사고,0,2,2,0,차대차 - 기타,안전운전불이행,건조,맑음,단일로 - 기타,승용,남,44세,상해없음,승용,남,31세,중상
2014052300100071,2014년 5월 23일 06시,금요일,충청북도 청주시 청원구 내덕동,중상사고,0,1,0,0,차대차 - 기타,안전운전불이행,건조,맑음,교차로 - 교차로부근,승용,남,56세,상해없음,승용,남,60세,중상
2014052300100155,2014년 5월 23일 09시,금요일,충청북도 청주시 청원구 오동동,중상사고,0,1,0,0,차대차 - 측면직각충돌,교차로운행방법위반,건조,맑음,교차로 - 교차로안,이륜,여,69세,중상,승용,남,66세,상해없음
2014052300100156,2014년 5월 23일 09시,금요일,충청북도 충주시 연수동,중상사고,0,1,0,0,차대차 - 추돌 - 진행중,안전운전불이행,건조,맑음,교차로 - 교차로안,승용,여,44세,상해없음,자전거,여,75세,중상
2014052300100157,2014년 5월 23일 09시,금요일,충청북도 청주시 흥덕구 봉명동,경상사고,0,0,1,0,차대차 - 측면직각충돌,안전운전불이행,건조,맑음,단일로 - 기타,이륜,남,25세,경상,승용,남,65세,상해없음
2014052300100195,2014년 5월 23일 10시,금요일,충청북도 제천시 서부동,중상사고,0,1,0,0,차대사람 - 기타,안전운전불이행,건조,맑음,단일로 - 기타,승용,여,53세,상해없음,보행자,남,55세,중상
2014052300100196,2014년 5월 23일 10시,금요일,충청북도 음성군 맹동면,경상사고,0,0,1,0,차대차 - 기타,안전운전불이행,건조,맑음,교차로 - 교차로부근,농기계,남,76세,경상,승용,여,41세,상해없음
2014052300100197,2014년 5월 23일 10시,금요일,충청북도 음성군 대소면,경상사고,0,0,1,0,차대차 - 기타,중앙선침범,건조,맑음,단일로 - 기타,승용,남,52세,상해없음,화물,남,53세,경상
2014052300100287,2014년 5월 23일 13시,금요일,충청북도 청주시 상당구 문화동,경상사고,0,0,1,0,차대사람 - 기타,안전운전불이행,건조,맑음,단일로 - 기타,승용,남,63세,상해없음,보행자,여,13세,경상
2014052300100319,2014년 5월 23일 14시,금요일,충청북도 청주시 상당구 석교동,경상사고,0,0,1,0,차대사람 - 길가장자리구역통행중,안전운전불이행,건조,맑음,기타 - 기타,승용,남,65세,상해없음,보행자,여,40세,경상
2014052300100320,2014년 5월 23일 14시,금요일,충청북도 청주시 흥덕구 원평동,경상사고,0,0,1,0,차대차 - 정면충돌,안전운전불이행,건조,맑음,교차로 - 교차로안,승용,여,33세,상해없음,화물,남,35세,상해없음
2014052300100351,2014년 5월 23일 15시,금요일,충청북도 괴산군 괴산읍,경상사고,0,0,1,0,차대차 - 측면직각충돌,안전거리미확보,건조,맑음,단일로 - 기타,승용,여,59세,상해없음,화물,남,59세,경상
2014052300100352,2014년 5월 23일 15시,금요일,충청북도 음성군 금왕읍,경상사고,0,0,1,0,차대차 - 기타,교차로운행방법위반,건조,맑음,교차로 - 교차로안,원동기,남,29세,경상,화물,남,70세,상해없음
2014052300100353,2014년 5월 23일 15시,금요일,충청북도 청주시 흥덕구 복대동,경상사고,0,0,1,0,차대차 - 기타,안전운전불이행,건조,맑음,단일로 - 기타,화물,남,55세,상해없음,자전거,남,65세,경상
2014052300100391,2014년 5월 23일 16시,금요일,충청북도 충주시 지현동,부상신고사고,0,0,0,1,차대사람 - 기타,안전운전불이행,건조,맑음,단일로 - 기타,기타불명,기타불명,기타불명,기타불명,보행자,남,72세,부상신고
2014052300100392,2014년 5월 23일 16시,금요일,충청북도 청주시 상당구 용암동,경상사고,0,0,1,0,차대차 - 측면직각충돌,안전운전불이행,건조,맑음,단일로 - 기타,이륜,남,72세,경상,승용,여,55세,상해없음
2014052300100426,2014년 5월 23일 17시,금요일,충청북도 단양군 가곡면,부상신고사고,0,0,0,1,차대차 - 측면직각충돌,직진우회전진행방해,건조,맑음,교차로 - 교차로안,승용,여,60세,상해없음,승합,남,47세,상해없음
2014052300100477,2014년 5월 23일 18시,금요일,충청북도 제천시 산곡동,중상사고,0,1,0,0,차대차 - 기타,직진우회전진행방해,건조,맑음,교차로 - 교차로안,화물,남,57세,상해없음,원동기,남,67세,중상
2014052300100478,2014년 5월 23일 18시,금요일,충청북도 청주시 흥덕구 봉명동,중상사고,0,1,0,0,차대차 - 측면직각충돌,안전운전불이행,건조,맑음,교차로 - 교차로부근,이륜,남,68세,중상,승용,남,43세,상해없음
2014052300100479,2014년 5월 23일 18시,금요일,충청북도 청주시 청원구 오창읍,중상사고,0,1,3,0,차대차 - 추돌 - 진행중,안전운전불이행,건조,맑음,단일로 - 기타,승용,남,55세,상해없음,승용,여,27세,중상
2014052300100510,2014년 5월 23일 19시,금요일,충청북도 제천시 강제동,중상사고,0,1,0,0,차대차 - 기타,안전운전불이행,건조,맑음,단일로 - 기타,원동기,남,23세,기타불명,자전거,남,10세,중상
2014052300100511,2014년 5월 23일 19시,금요일,충청북도 청주시 상당구 금천동,경상사고,0,0,3,0,차대차 - 기타,안전운전불이행,건조,맑음,단일로 - 기타,승용,여,49세,경상,승용,남,36세,경상
2014052300100554,2014년 5월 23일 20시,금요일,충청북도 청주시 청원구 율량동,경상사고,0,0,1,0,차대차 - 측면직각충돌,교차로운행방법위반,건조,맑음,교차로 - 교차로부근,승합,남,49세,상해없음,승용,여,33세,경상
2014052300100555,2014년 5월 23일 20시,금요일,충청북도 청주시 서원구 사직동,경상사고,0,0,1,0,차대사람 - 기타,안전운전불이행,건조,맑음,단일로 - 기타,승용,남,63세,상해없음,보행자,남,56세,경상
2014052300100556,2014년 5월 23일 20시,금요일,충청북도 청주시 흥덕구 신봉동,중상사고,0,1,0,0,차대사람 - 보도통행중,보행자보호의무위반,건조,맑음,단일로 - 기타,승용,여,30세,상해없음,보행자,여,20세,중상
2014052300100557,2014년 5월 23일 20시,금요일,충청북도 청주시 흥덕구 가경동,중상사고,0,3,0,0,차대차 - 추돌 - 진행중,안전운전불이행,건조,맑음,단일로 - 기타,승용,여,31세,상해없음,승용,여,30세,중상
2014052300100558,2014년 5월 23일 20시,금요일,충청북도 청주시 서원구 성화동,중상사고,0,1,2,0,차대차 - 추돌 - 진행중,안전운전불이행,건조,맑음,단일로 - 기타,승용,남,53세,상해없음,화물,남,57세,경상
2014052300100559,2014년 5월 23일 20시,금요일,충청북도 청주시 서원구 산남동,경상사고,0,0,1,0,차대차 - 측면직각충돌,안전운전불이행,건조,맑음,교차로 - 교차로안,승용,남,37세,상해없음,승용,여,44세,경상
2014052300100621,2014년 5월 23일 22시,금요일,충청북도 청주시 상당구 석교동,경상사고,0,0,1,0,차대차 - 추돌 - 주정차중,안전거리미확보,건조,맑음,단일로 - 교량,이륜,남,18세,경상,승용,남,57세,상해없음
2014052300100654,2014년 5월 23일 23시,금요일,충청북도 청주시 서원구 모충동,경상사고,0,0,1,0,차대차 - 기타,안전운전불이행,건조,맑음,교차로 - 교차로부근,승용,남,22세,상해없음,승용,남,30세,경상
2014052300100655,2014년 5월 23일 23시,금요일,충청북도 청주시 서원구 모충동,중상사고,0,1,1,0,차대사람 - 기타,안전운전불이행,건조,맑음,단일로 - 횡단보도상,승용,남,52세,상해없음,보행자,남,24세,중상
2014052400100017,2014년 5월 24일 00시,토요일,충청북도 청주시 서원구 산남동,경상사고,0,0,2,0,차대차 - 측면직각충돌,안전운전불이행,건조,맑음,단일로 - 기타,승용,남,28세,상해없음,승용,남,27세,경상
2014052400100075,2014년 5월 24일 03시,토요일,충청북도 청주시 흥덕구 평동,중상사고,0,1,0,0,차량단독 - 도로외이탈 - 기타,안전운전불이행,건조,맑음,단일로 - 기타,승용,여,30세,중상,,,,
2014052400100076,2014년 5월 24일 03시,토요일,충청북도 청주시 흥덕구 가경동,경상사고,0,0,1,0,차대차 - 측면직각충돌,안전운전불이행,건조,맑음,교차로 - 교차로안,기타불명,기타불명,기타불명,기타불명,자전거,남,16세,경상
2014052400100145,2014년 5월 24일 07시,토요일,충청북도 청주시 청원구 사천동,중상사고,0,7,3,0,차대차 - 측면직각충돌,신호위반,건조,흐림,교차로 - 교차로안,승합,남,44세,상해없음,승용,여,52세,중상
2014052400100146,2014년 5월 24일 07시,토요일,충청북도 청주시 흥덕구 외북동,사망사고,1,0,0,0,차량단독 - 전도전복,안전운전불이행,건조,맑음,단일로 - 기타,이륜,남,36세,사망,,,,
2014052400100172,2014년 5월 24일 08시,토요일,충청북도 영동군 영동읍,경상사고,0,0,4,0,차대차 - 기타,안전운전불이행,건조,맑음,교차로 - 교차로부근,승용,여,38세,경상,승용,남,69세,경상
2014052400100201,2014년 5월 24일 09시,토요일,충청북도 제천시 천남동,중상사고,0,1,2,0,차대차 - 기타,신호위반,건조,맑음,교차로 - 교차로안,건설기계,남,49세,상해없음,승용,남,48세,중상
2014052400100202,2014년 5월 24일 09시,토요일,충청북도 영동군 상촌면,중상사고,0,1,0,0,차량단독 - 기타,안전운전불이행,건조,맑음,단일로 - 기타,원동기,남,79세,중상,,,,
2014052400100229,2014년 5월 24일 10시,토요일,충청북도 청주시 흥덕구 오송읍,중상사고,0,1,0,0,차대차 - 기타,안전운전불이행,건조,맑음,단일로 - 기타,화물,남,51세,상해없음,화물,남,33세,중상
2014052400100261,2014년 5월 24일 11시,토요일,충청북도 제천시 화산동,경상사고,0,0,2,0,차대차 - 기타,안전운전불이행,건조,맑음,교차로 - 교차로안,승용,여,30세,상해없음,승용,여,38세,경상
2014052400100262,2014년 5월 24일 11시,토요일,충청북도 청주시 서원구 산남동,중상사고,0,1,0,0,차대차 - 기타,안전운전불이행,건조,맑음,단일로 - 기타,승용,여,48세,상해없음,자전거,남,82세,중상
2014052400100324,2014년 5월 24일 13시,토요일,충청북도 충주시 칠금동,중상사고,0,1,0,0,차대차 - 기타,안전거리미확보,건조,맑음,단일로 - 기타,승용,여,48세,상해없음,이륜,남,27세,중상
2014052400100325,2014년 5월 24일 13시,토요일,충청북도 충주시 용관동,경상사고,0,0,1,0,차대차 - 추돌 - 주정차중,안전운전불이행,건조,맑음,단일로 - 기타,승용,남,69세,상해없음,화물,여,46세,경상
2014052400100326,2014년 5월 24일 13시,토요일,충청북도 제천시 청전동,경상사고,0,0,1,0,차대차 - 기타,안전거리미확보,건조,맑음,단일로 - 기타,원동기,남,19세,상해없음,원동기,남,60세,경상
2014052400100356,2014년 5월 24일 14시,토요일,충청북도 청주시 청원구 우암동,경상사고,0,0,1,0,차대차 - 기타,안전운전불이행,건조,맑음,교차로 - 교차로안,승용,남,51세,상해없음,승용,여,27세,경상
2014052400100357,2014년 5월 24일 14시,토요일,충청북도 충주시 대소원면,경상사고,0,0,8,1,차대차 - 기타,안전운전불이행,건조,맑음,교차로 - 교차로부근,승용,여,38세,부상신고,승용,남,39세,경상
2014052400100358,2014년 5월 24일 14시,토요일,충청북도 영동군 황간면,경상사고,0,0,1,0,차대차 - 기타,기타,건조,맑음,단일로 - 기타,원동기,여,46세,경상,승용,여,34세,상해없음
2014052400100359,2014년 5월 24일 14시,토요일,충청북도 청주시 흥덕구 오송읍,중상사고,0,1,1,0,차대차 - 기타,안전운전불이행,건조,맑음,교차로 - 교차로안,승용,남,76세,상해없음,승용,남,51세,경상
2014052400100395,2014년 5월 24일 15시,토요일,충청북도 충주시 노은면,중상사고,0,1,1,0,차대차 - 기타,안전운전불이행,건조,맑음,단일로 - 기타,승용,남,59세,경상,승용,여,31세,기타불명
2014052400100396,2014년 5월 24일 15시,토요일,충청북도 제천시 청풍면,경상사고,0,0,1,0,차대차 - 기타,안전운전불이행,건조,맑음,단일로 - 기타,승용,남,41세,상해없음,승용,남,34세,상해없음
2014052400100397,2014년 5월 24일 15시,토요일,충청북도 단양군 단양읍,경상사고,0,0,1,0,차대차 - 기타,안전운전불이행,건조,맑음,단일로 - 기타,승용,남,48세,상해없음,승용,여,43세,경상
2014052400100439,2014년 5월 24일 16시,토요일,충청북도 청주시 흥덕구 가경동,경상사고,0,0,1,0,차대사람 - 횡단중,보행자보호의무위반,건조,맑음,단일로 - 횡단보도상,기타불명,기타불명,기타불명,기타불명,보행자,남,7세,경상
2014052400100475,2014년 5월 24일 17시,토요일,충청북도 청주시 청원구 율량동,경상사고,0,0,1,0,차대차 - 측면직각충돌,안전운전불이행,건조,맑음,단일로 - 기타,승용,남,40세,상해없음,이륜,남,22세,경상
2014052400100476,2014년 5월 24일 17시,토요일,충청북도 제천시 봉양읍,경상사고,0,0,1,0,차대차 - 기타,안전거리미확보,건조,맑음,단일로 - 기타,화물,남,69세,상해없음,승용,남,35세,경상
2014052400100477,2014년 5월 24일 17시,토요일,충청북도 영동군 영동읍,중상사고,0,1,0,0,차대사람 - 횡단중,안전운전불이행,건조,맑음,교차로 - 교차로안,승용,남,48세,상해없음,보행자,여,51세,중상
2014052400100478,2014년 5월 24일 17시,토요일,충청북도 증평군 증평읍,중상사고,0,1,0,0,차대차 - 측면직각충돌,교차로운행방법위반,건조,맑음,교차로 - 교차로안,화물,남,26세,상해없음,원동기,남,58세,중상
2014052400100479,2014년 5월 24일 17시,토요일,충청북도 음성군 음성읍,중상사고,0,1,0,0,차대차 - 기타,교차로운행방법위반,건조,맑음,교차로 - 교차로안,승용,남,54세,상해없음,원동기,남,35세,중상
2014052400100523,2014년 5월 24일 18시,토요일,충청북도 제천시 하소동,중상사고,0,1,1,0,차대차 - 기타,신호위반,건조,맑음,교차로 - 교차로안,화물,남,40세,경상,승용,남,32세,중상
2014052400100524,2014년 5월 24일 18시,토요일,충청북도 보은군 보은읍,중상사고,0,1,0,0,차대차 - 측면직각충돌,안전운전불이행,건조,맑음,교차로 - 교차로안,승용,남,61세,상해없음,원동기,남,66세,중상
2014052400100525,2014년 5월 24일 18시,토요일,충청북도 청주시 상당구 용암동,중상사고,0,1,0,0,차대사람 - 횡단중,안전운전불이행,건조,맑음,교차로 - 교차로부근,승용,남,57세,상해없음,보행자,남,66세,중상
2014052400100559,2014년 5월 24일 19시,토요일,충청북도 청주시 청원구 내수읍,경상사고,0,0,2,0,차대차 - 기타,안전운전불이행,건조,맑음,교차로 - 교차로부근,승용,남,45세,상해없음,승용,여,44세,경상
2014052400100560,2014년 5월 24일 19시,토요일,충청북도 청주시 상당구 금천동,경상사고,0,0,1,0,차대차 - 측면직각충돌,신호위반,건조,맑음,교차로 - 교차로안,승용,남,23세,상해없음,승용,남,25세,경상
2014052400100594,2014년 5월 24일 20시,토요일,충청북도 청주시 상당구 용담동,경상사고,0,0,4,0,차대차 - 측면직각충돌,교차로운행방법위반,건조,맑음,교차로 - 교차로안,승용,여,41세,상해없음,승용,남,43세,경상
2014052400100595,2014년 5월 24일 20시,토요일,충청북도 영동군 황간면,경상사고,0,0,2,0,차대차 - 기타,안전운전불이행,건조,맑음,단일로 - 기타,승용,남,51세,상해없음,승용,남,55세,상해없음
2014052400100629,2014년 5월 24일 21시,토요일,충청북도 진천군 백곡면,경상사고,0,0,3,0,차대차 - 기타,안전거리미확보,건조,맑음,교차로 - 교차로부근,승용,남,31세,상해없음,승용,남,51세,경상
2014052400100630,2014년 5월 24일 21시,토요일,충청북도 청주시 흥덕구 봉명동,경상사고,0,0,3,0,차대차 - 기타,안전운전불이행,건조,흐림,교차로 - 교차로부근,원동기,남,51세,상해없음,승용,남,33세,경상
2014052400100651,2014년 5월 24일 22시,토요일,충청북도 충주시 용산동,경상사고,0,0,1,0,차대차 - 기타,교차로운행방법위반,건조,맑음,교차로 - 교차로안,승용,남,64세,상해없음,원동기,남,29세,경상
2014052500100013,2014년 5월 25일 00시,일요일,충청북도 청주시 서원구 수곡동,경상사고,0,0,1,0,차대차 - 기타,안전운전불이행,건조,맑음,교차로 - 교차로안,승용,남,50세,상해없음,자전거,남,55세,경상
2014052500100058,2014년 5월 25일 02시,일요일,충청북도 충주시 호암동,부상신고사고,0,0,0,1,차량단독 - 기타,안전운전불이행,건조,맑음,단일로 - 기타,원동기,남,27세,부상신고,,,,
2014052500100087,2014년 5월 25일 05시,일요일,충청북도 청주시 상당구 금천동,중상사고,0,1,0,0,차대차 - 측면직각충돌,신호위반,건조,맑음,교차로 - 교차로안,화물,남,31세,상해없음,승용,남,58세,중상
2014052500100127,2014년 5월 25일 08시,일요일,충청북도 진천군 초평면,경상사고,0,0,2,0,차대차 - 추돌 - 진행중,안전운전불이행,건조,맑음,교차로 - 교차로부근,화물,남,41세,상해없음,승용,남,51세,경상
2014052500100159,2014년 5월 25일 10시,일요일,충청북도 충주시 안림동,중상사고,0,1,0,0,차대차 - 측면직각충돌,안전거리미확보,건조,흐림,단일로 - 기타,승용,남,42세,상해없음,승용,여,48세,중상
2014052500100218,2014년 5월 25일 12시,일요일,충청북도 충주시 연수동,중상사고,0,1,0,0,차대차 - 측면직각충돌,중앙선침범,건조,맑음,단일로 - 기타,원동기,남,80세,중상,승용,남,55세,상해없음
2014052500100219,2014년 5월 25일 12시,일요일,충청북도 영동군 상촌면,중상사고,0,1,0,0,차대차 - 기타,교차로운행방법위반,건조,맑음,교차로 - 교차로안,화물,남,40세,상해없음,이륜,남,80세,상해없음
2014052500100220,2014년 5월 25일 12시,일요일,충청북도 청주시 상당구 낭성면,중상사고,0,1,3,0,차대차 - 기타,안전운전불이행,건조,맑음,교차로 - 교차로안,승용,여,34세,경상,승용,여,54세,경상
2014052500100274,2014년 5월 25일 14시,일요일,충청북도 진천군 진천읍,중상사고,0,3,0,0,차량단독 - 공작물충돌,안전운전불이행,건조,맑음,단일로 - 기타,승용,남,23세,상해없음,,,,
2014052500100316,2014년 5월 25일 15시,일요일,충청북도 제천시 하소동,중상사고,0,1,0,0,차대사람 - 기타,안전운전불이행,건조,맑음,교차로 - 교차로부근,승용,여,30세,상해없음,보행자,여,14세,중상
2014052500100350,2014년 5월 25일 16시,일요일,충청북도 증평군 증평읍,중상사고,0,1,0,0,차대차 - 측면직각충돌,기타,건조,맑음,교차로 - 교차로안,자전거,남,8세,중상,승용,여,49세,상해없음
2014052500100351,2014년 5월 25일 16시,일요일,충청북도 청주시 서원구 성화동,경상사고,0,0,2,0,차대차 - 측면직각충돌,중앙선침범,건조,맑음,단일로 - 기타,승용,여,43세,상해없음,화물,남,76세,경상
2014052500100388,2014년 5월 25일 17시,일요일,충청북도 영동군 영동읍,중상사고,0,1,0,0,차대사람 - 기타,기타,습기,비,단일로 - 기타,화물,남,59세,상해없음,보행자,남,20세,중상
2014052500100389,2014년 5월 25일 17시,일요일,충청북도 청주시 흥덕구 가경동,경상사고,0,0,1,0,차대차 - 측면직각충돌,안전거리미확보,건조,맑음,단일로 - 기타,승용,남,57세,상해없음,승용,여,44세,경상
2014052500100426,2014년 5월 25일 18시,일요일,충청북도 제천시 장락동,중상사고,0,1,0,0,차대사람 - 기타,안전운전불이행,건조,맑음,교차로 - 교차로부근,승용,남,38세,상해없음,보행자,여,25세,중상
2014052500100427,2014년 5월 25일 18시,일요일,충청북도 청주시 흥덕구 복대동,경상사고,0,0,4,1,차대차 - 추돌 - 주정차중,안전운전불이행,건조,맑음,단일로 - 기타,승합,남,44세,상해없음,승용,남,40세,부상신고
2014052500100456,2014년 5월 25일 19시,일요일,충청북도 청주시 서원구 산남동,중상사고,0,1,0,0,차대사람 - 기타,안전운전불이행,건조,맑음,단일로 - 기타,승용,남,56세,상해없음,보행자,여,40세,중상
2014052500100510,2014년 5월 25일 20시,일요일,충청북도 충주시 산척면,경상사고,0,0,2,0,차대차 - 추돌 - 주정차중,안전운전불이행,건조,맑음,단일로 - 기타,화물,남,48세,상해없음,승용,남,62세,경상
2014052500100573,2014년 5월 25일 21시,일요일,충청북도 충주시 문화동,경상사고,0,0,1,0,차대차 - 추돌 - 주정차중,안전운전불이행,건조,맑음,단일로 - 기타,승용,남,29세,상해없음,승용,여,25세,경상
2014052500100613,2014년 5월 25일 22시,일요일,충청북도 충주시 달천동,중상사고,0,2,0,0,차대차 - 추돌 - 주정차중,안전운전불이행,건조,흐림,교차로 - 교차로부근,화물,남,55세,상해없음,승용,여,48세,중상
2014052500100642,2014년 5월 25일 23시,일요일,충청북도 청주시 흥덕구 복대동,중상사고,0,1,0,1,차대차 - 측면직각충돌,신호위반,건조,맑음,교차로 - 교차로안,승용,여,26세,기타불명,승용,남,44세,중상
2014052600100034,2014년 5월 26일 02시,월요일,충청북도 청주시 서원구 사창동,경상사고,0,0,1,0,차대사람 - 기타,안전운전불이행,건조,맑음,단일로 - 기타,승용,남,20세,상해없음,보행자,남,21세,경상
2014052600100094,2014년 5월 26일 07시,월요일,충청북도 충주시 신니면,중상사고,0,1,0,0,차대차 - 추돌 - 주정차중,신호위반,건조,맑음,교차로 - 교차로안,원동기,남,72세,중상,승용,남,58세,상해없음
2014052600100095,2014년 5월 26일 07시,월요일,충청북도 청주시 서원구 미평동,중상사고,0,2,0,0,차대차 - 정면충돌,중앙선침범,건조,맑음,단일로 - 기타,승합,여,57세,중상,승용,여,44세,중상
2014052600100129,2014년 5월 26일 08시,월요일,충청북도 제천시 신백동,중상사고,0,1,1,0,차대차 - 측면직각충돌,직진우회전진행방해,건조,맑음,교차로 - 교차로안,승용,여,42세,상해없음,승용,남,61세,중상
2014052600100130,2014년 5월 26일 08시,월요일,충청북도 옥천군 청성면,중상사고,0,2,0,0,차대사람 - 기타,안전운전불이행,건조,맑음,단일로 - 기타,승용,남,64세,중상,보행자,여,37세,중상
2014052600100131,2014년 5월 26일 08시,월요일,충청북도 청주시 흥덕구 복대동,중상사고,0,3,0,0,차대차 - 측면직각충돌,교차로운행방법위반,건조,맑음,교차로 - 교차로안,승합,여,62세,중상,승용,남,51세,중상
2014052600100191,2014년 5월 26일 10시,월요일,충청북도 옥천군 동이면,경상사고,0,0,1,0,차대차 - 측면직각충돌,중앙선침범,건조,맑음,단일로 - 기타,승용,남,49세,상해없음,승용,남,55세,경상
2014052600100192,2014년 5월 26일 10시,월요일,충청북도 단양군 영춘면,중상사고,0,2,0,0,차량단독 - 전도전복,안전운전불이행,건조,맑음,단일로 - 기타,화물,남,62세,중상,,,,
2014052600100193,2014년 5월 26일 10시,월요일,충청북도 청주시 흥덕구 복대동,경상사고,0,0,1,0,차대차 - 추돌 - 진행중,차로위반,건조,맑음,단일로 - 기타,승용,남,21세,상해없음,승용,남,57세,경상
2014052600100280,2014년 5월 26일 13시,월요일,충청북도 청주시 청원구 오창읍,경상사고,0,0,1,0,차대사람 - 횡단중,신호위반,건조,맑음,교차로 - 교차로안,승용,여,33세,상해없음,보행자,여,7세,경상
2014052600100281,2014년 5월 26일 13시,월요일,충청북도 음성군 금왕읍,경상사고,0,0,1,0,차대사람 - 기타,안전운전불이행,건조,맑음,단일로 - 기타,승용,남,43세,상해없음,보행자,남,6세,경상
2014052600100282,2014년 5월 26일 13시,월요일,충청북도 청주시 서원구 미평동,경상사고,0,0,2,0,차대차 - 추돌 - 주정차중,안전운전불이행,건조,맑음,단일로 - 기타,승용,남,52세,상해없음,화물,남,47세,경상
2014052600100283,2014년 5월 26일 13시,월요일,충청북도 청주시 상당구 북문로2가동,중상사고,0,1,0,0,차대사람 - 기타,안전운전불이행,건조,맑음,기타 - 기타,승용,남,37세,상해없음,보행자,여,78세,중상
2014052600100341,2014년 5월 26일 15시,월요일,충청북도 영동군 황간면,경상사고,0,0,1,0,차대차 - 기타,직진우회전진행방해,건조,맑음,교차로 - 교차로안,승용,남,45세,상해없음,원동기,남,51세,경상
2014052600100342,2014년 5월 26일 15시,월요일,충청북도 증평군 증평읍,경상사고,0,0,1,0,차대차 - 측면직각충돌,직진우회전진행방해,건조,맑음,교차로 - 교차로안,승용,여,36세,상해없음,이륜,남,75세,경상
2014052600100343,2014년 5월 26일 15시,월요일,충청북도 옥천군 옥천읍,중상사고,0,1,0,0,차대차 - 측면직각충돌,중앙선침범,건조,맑음,교차로 - 교차로안,승용,남,71세,상해없음,승용,남,49세,중상
2014052600100344,2014년 5월 26일 15시,월요일,충청북도 단양군 단양읍,중상사고,0,2,0,0,차대차 - 측면직각충돌,중앙선침범,건조,맑음,단일로 - 교량,승용,남,64세,중상,승용,여,39세,중상
2014052600100345,2014년 5월 26일 15시,월요일,충청북도 청주시 흥덕구 옥산면,경상사고,0,0,1,0,차대차 - 측면직각충돌,교차로운행방법위반,건조,맑음,교차로 - 교차로안,화물,남,65세,상해없음,승용,남,65세,경상
2014052600100386,2014년 5월 26일 16시,월요일,충청북도 단양군 적성면,경상사고,0,0,2,0,차대차 - 기타,기타,건조,맑음,단일로 - 기타,승용,여,48세,경상,화물,여,61세,경상
2014052600100424,2014년 5월 26일 17시,월요일,충청북도 충주시 성남동,경상사고,0,0,1,1,차대차 - 추돌 - 진행중,직진우회전진행방해,건조,맑음,교차로 - 교차로안,원동기,남,17세,부상신고,화물,남,54세,상해없음
2014052600100425,2014년 5월 26일 17시,월요일,충청북도 진천군 초평면,사망사고,1,0,0,0,차량단독 - 공작물충돌,안전운전불이행,건조,맑음,단일로 - 기타,승용,남,51세,사망,,,,