사고번호,사고일시,요일,시군구,사고내용,사망자수,중상자수,경상자수,부상신고자수,사고유형,법규위반,노면상태,기상상태,도로형태,가해운전자 차종,가해운전자 성별,가해운전자 연령,가해운전자 상해정도,피해운전자 차종,피해운전자 성별,피해운전자 연령,피해운전자 상해정도
2014053100100073,2014년 5월 31일 02시,토요일,충청북도 청주시 흥덕구 복대동,경상사고,0,0,1,0,차대사람 - 횡단중,안전운전불이행,건조,흐림,단일로 - 기타,승용,남,57세,상해없음,보행자,남,29세,경상
2014053100100111,2014년 5월 31일 05시,토요일,충청북도 괴산군 감물면,중상사고,0,3,1,0,차대차 - 측면직각충돌,직진우회전진행방해,건조,맑음,교차로 - 교차로안,승용,남,60세,중상,승용,여,53세,중상
2014053100100214,2014년 5월 31일 09시,토요일,충청북도 제천시 장락동,중상사고,0,1,0,0,차대차 - 측면직각충돌,직진우회전진행방해,건조,맑음,교차로 - 교차로안,승용,남,52세,중상,승합,남,20세,상해없음
2014053100100215,2014년 5월 31일 09시,토요일,충청북도 청주시 서원구 미평동,경상사고,0,0,3,0,차대차 - 기타,안전운전불이행,건조,맑음,단일로 - 기타,승용,남,66세,상해없음,승용,여,38세,경상
2014053100100252,2014년 5월 31일 10시,토요일,충청북도 증평군 도안면,사망사고,1,2,0,0,차대차 - 측면직각충돌,직진우회전진행방해,건조,맑음,교차로 - 교차로안,화물,남,53세,중상,승용,여,45세,중상
2014053100100293,2014년 5월 31일 11시,토요일,충청북도 청주시 청원구 오창읍,중상사고,0,1,0,0,차대차 - 측면직각충돌,신호위반,건조,맑음,교차로 - 교차로안,건설기계,남,40세,상해없음,승용,여,54세,중상
2014053100100294,2014년 5월 31일 11시,토요일,충청북도 충주시 문화동,경상사고,0,0,1,0,차대사람 - 기타,중앙선침범,건조,맑음,단일로 - 횡단보도상,자전거,남,15세,상해없음,보행자,여,72세,경상
2014053100100295,2014년 5월 31일 11시,토요일,충청북도 충주시 단월동,경상사고,0,0,2,0,차대차 - 추돌 - 주정차중,안전운전불이행,건조,맑음,단일로 - 기타,이륜,남,58세,경상,승용,남,26세,상해없음
2014053100100296,2014년 5월 31일 11시,토요일,충청북도 제천시 화산동,부상신고사고,0,0,0,1,차대차 - 기타,안전운전불이행,건조,맑음,교차로 - 교차로안,승용,여,41세,상해없음,자전거,남,56세,부상신고
2014053100100297,2014년 5월 31일 11시,토요일,충청북도 제천시 중앙로1가,중상사고,0,1,0,0,차대사람 - 차도통행중,안전운전불이행,건조,맑음,기타 - 기타,원동기,남,17세,상해없음,보행자,여,69세,중상
2014053100100298,2014년 5월 31일 11시,토요일,충청북도 청주시 상당구 영운동,중상사고,0,1,0,0,차대차 - 기타,안전운전불이행,건조,맑음,교차로 - 교차로안,승용,남,40세,상해없음,승용,여,38세,중상
2014053100100335,2014년 5월 31일 12시,토요일,충청북도 제천시 강제동,중상사고,0,2,4,0,차대차 - 기타,안전운전불이행,건조,맑음,단일로 - 기타,건설기계,남,46세,상해없음,화물,남,53세,중상
2014053100100373,2014년 5월 31일 13시,토요일,충청북도 충주시 칠금동,경상사고,0,0,3,1,차대차 - 추돌 - 진행중,안전운전불이행,건조,맑음,단일로 - 기타,승용,여,32세,부상신고,승용,남,59세,경상
2014053100100422,2014년 5월 31일 14시,토요일,충청북도 단양군 단양읍,경상사고,0,0,2,0,차대차 - 추돌 - 진행중,안전거리미확보,건조,맑음,교차로 - 교차로안,승용,남,50세,상해없음,승용,남,67세,경상
2014053100100423,2014년 5월 31일 14시,토요일,충청북도 청주시 서원구 개신동,중상사고,0,2,3,0,차대차 - 정면충돌,중앙선침범,건조,맑음,단일로 - 기타,승용,남,23세,상해없음,승용,남,41세,중상
2014053100100505,2014년 5월 31일 16시,토요일,충청북도 충주시 산척면,중상사고,0,2,2,0,차대차 - 추돌 - 주정차중,안전운전불이행,건조,맑음,단일로 - 터널,승합,남,50세,상해없음,승용,여,43세,중상
2014053100100506,2014년 5월 31일 16시,토요일,충청북도 진천군 진천읍,경상사고,0,0,2,0,차대차 - 정면충돌,교차로운행방법위반,건조,맑음,교차로 - 교차로안,승용,여,56세,상해없음,승용,여,42세,경상
2014053100100507,2014년 5월 31일 16시,토요일,충청북도 청주시 흥덕구 지동동,중상사고,0,1,0,0,차대차 - 측면직각충돌,교차로운행방법위반,건조,맑음,교차로 - 교차로안,특수,남,56세,상해없음,승합,남,43세,중상
2014053100100508,2014년 5월 31일 16시,토요일,충청북도 청주시 서원구 수곡동,중상사고,0,1,0,0,차대차 - 측면직각충돌,안전운전불이행,건조,맑음,단일로 - 기타,승용,남,54세,상해없음,자전거,남,63세,중상
2014053100100543,2014년 5월 31일 17시,토요일,충청북도 청주시 청원구 오창읍,경상사고,0,0,1,0,차대차 - 정면충돌,교차로운행방법위반,건조,맑음,교차로 - 교차로안,승용,여,53세,상해없음,승용,여,50세,경상
2014053100100544,2014년 5월 31일 17시,토요일,충청북도 충주시 금릉동,경상사고,0,0,1,0,차대차 - 추돌 - 주정차중,안전운전불이행,건조,맑음,교차로 - 교차로부근,승용,남,28세,상해없음,승용,여,44세,경상
2014053100100545,2014년 5월 31일 17시,토요일,충청북도 음성군 소이면,경상사고,0,0,3,0,차대차 - 기타,안전운전불이행,건조,맑음,단일로 - 기타,승용,여,38세,상해없음,승용,남,49세,경상
2014053100100546,2014년 5월 31일 17시,토요일,충청북도 단양군 단양읍,중상사고,0,1,4,0,차대차 - 측면직각충돌,불법유턴,건조,맑음,단일로 - 기타,승용,여,51세,상해없음,승용,여,53세,경상
2014053100100547,2014년 5월 31일 17시,토요일,충청북도 진천군 광혜원면,중상사고,0,1,0,0,차대차 - 추돌 - 진행중,기타,건조,맑음,교차로 - 교차로안,승용,남,56세,상해없음,이륜,남,85세,중상
2014053100100548,2014년 5월 31일 17시,토요일,충청북도 청주시 서원구 산남동,경상사고,0,0,3,0,차대차 - 측면직각충돌,안전운전불이행,건조,맑음,단일로 - 기타,승용,여,40세,경상,승용,남,28세,경상
2014053100100642,2014년 5월 31일 19시,토요일,충청북도 청주시 흥덕구 복대동,중상사고,0,1,0,0,차대사람 - 횡단중,안전운전불이행,건조,맑음,교차로 - 교차로안,기타불명,기타불명,기타불명,기타불명,보행자,남,10세,중상
2014053100100643,2014년 5월 31일 19시,토요일,충청북도 청주시 흥덕구 봉명동,경상사고,0,0,1,0,차대차 - 추돌 - 주정차중,안전운전불이행,건조,맑음,교차로 - 교차로부근,승용,남,26세,상해없음,승용,남,54세,경상
2014053100100695,2014년 5월 31일 20시,토요일,충청북도 청주시 상당구 석교동,중상사고,0,1,0,0,차량단독 - 전도전복,안전운전불이행,건조,맑음,단일로 - 기타,원동기,남,55세,중상,,,,
2014053100100696,2014년 5월 31일 20시,토요일,충청북도 충주시 종민동,경상사고,0,0,1,0,차대차 - 정면충돌,중앙선침범,건조,맑음,교차로 - 교차로부근,승용,남,24세,상해없음,승용,남,37세,상해없음
2014053100100697,2014년 5월 31일 20시,토요일,충청북도 제천시 금성면,경상사고,0,0,2,0,차대차 - 기타,안전운전불이행,건조,맑음,단일로 - 기타,승용,여,32세,상해없음,승용,남,66세,경상
2014053100100698,2014년 5월 31일 20시,토요일,충청북도 청주시 서원구 사창동,경상사고,0,0,2,0,차대차 - 측면직각충돌,안전운전불이행,건조,맑음,단일로 - 기타,승용,남,65세,상해없음,원동기,남,22세,경상
2014053100100743,2014년 5월 31일 21시,토요일,충청북도 제천시 청전동,경상사고,0,0,1,0,차대차 - 기타,신호위반,건조,맑음,교차로 - 교차로안,승용,여,52세,상해없음,원동기,남,19세,경상
2014053100100778,2014년 5월 31일 22시,토요일,충청북도 청주시 상당구 용암동,중상사고,0,1,0,0,차대사람 - 횡단중,안전운전불이행,건조,맑음,단일로 - 기타,승용,남,52세,상해없음,보행자,남,47세,중상
2014060100100009,2014년 6월 1일 00시,일요일,충청북도 음성군 감곡면,중상사고,0,1,0,0,차대차 - 기타,안전운전불이행,습기,흐림,단일로 - 기타,승용,남,42세,상해없음,원동기,남,45세,중상
2014060100100019,2014년 6월 1일 01시,일요일,충청북도 충주시 단월동,중상사고,0,2,1,0,차대사람 - 기타,안전운전불이행,건조,맑음,단일로 - 기타,원동기,남,48세,중상,보행자,남,18세,중상
2014060100100020,2014년 6월 1일 01시,일요일,충청북도 단양군 영춘면,경상사고,0,0,2,0,차대차 - 기타,안전운전불이행,건조,맑음,기타 - 기타,승용,남,47세,상해없음,승용,남,24세,경상
2014060100100056,2014년 6월 1일 03시,일요일,충청북도 음성군 생극면,중상사고,0,1,0,0,차대차 - 기타,안전운전불이행,건조,맑음,교차로 - 교차로안,승용,남,19세,상해없음,원동기,남,17세,중상
2014060100100073,2014년 6월 1일 04시,일요일,충청북도 청주시 흥덕구 향정동,경상사고,0,0,1,0,차량단독 - 공작물충돌,안전운전불이행,건조,맑음,교차로 - 교차로부근,승용,여,35세,경상,,,,
2014060100100088,2014년 6월 1일 05시,일요일,충청북도 충주시 산척면,사망사고,1,0,0,0,차대차 - 측면직각충돌,안전운전불이행,건조,맑음,단일로 - 기타,승용,남,62세,상해없음,원동기,남,71세,사망
2014060100100130,2014년 6월 1일 08시,일요일,충청북도 청주시 청원구 오창읍,경상사고,0,0,2,0,차대차 - 기타,신호위반,건조,맑음,교차로 - 교차로안,화물,남,61세,상해없음,승용,남,61세,경상
2014060100100131,2014년 6월 1일 08시,일요일,충청북도 청주시 흥덕구 복대동,중상사고,0,1,0,0,차대사람 - 기타,안전운전불이행,건조,맑음,단일로 - 기타,승용,여,43세,상해없음,보행자,남,88세,중상
2014060100100158,2014년 6월 1일 10시,일요일,충청북도 괴산군 연풍면,중상사고,0,1,0,0,차대차 - 측면직각충돌,직진우회전진행방해,건조,맑음,교차로 - 교차로안,농기계,남,71세,상해없음,자전거,여,43세,중상
2014060100100159,2014년 6월 1일 10시,일요일,충청북도 청주시 서원구 사직동,경상사고,0,0,2,0,차대차 - 추돌 - 진행중,교차로운행방법위반,건조,맑음,교차로 - 교차로안,승용,여,30세,상해없음,승용,남,56세,경상
2014060100100187,2014년 6월 1일 11시,일요일,충청북도 청주시 상당구 용암동,중상사고,0,4,3,0,차대차 - 측면직각충돌,신호위반,건조,맑음,교차로 - 교차로안,승용,여,35세,경상,승용,여,34세,중상
2014060100100262,2014년 6월 1일 14시,일요일,충청북도 충주시 산척면,중상사고,0,1,0,0,차량단독 - 공작물충돌,안전운전불이행,건조,맑음,단일로 - 기타,승용,남,41세,중상,,,,
2014060100100263,2014년 6월 1일 14시,일요일,충청북도 제천시 수산면,중상사고,0,1,1,0,차량단독 - 공작물충돌,안전운전불이행,건조,맑음,단일로 - 기타,승용,여,50세,상해없음,,,,
2014060100100264,2014년 6월 1일 14시,일요일,충청북도 청주시 흥덕구 가경동,경상사고,0,0,1,0,차대차 - 추돌 - 진행중,안전운전불이행,건조,맑음,교차로 - 교차로안,승용,남,59세,상해없음,이륜,남,16세,경상
2014060100100298,2014년 6월 1일 15시,일요일,충청북도 음성군 금왕읍,중상사고,0,1,0,0,차대차 - 기타,교차로운행방법위반,건조,맑음,교차로 - 교차로안,화물,남,66세,상해없음,승용,남,72세,상해없음
2014060100100378,2014년 6월 1일 18시,일요일,충청북도 괴산군 괴산읍,중상사고,0,1,0,0,차량단독 - 도로외이탈 - 추락,안전운전불이행,건조,맑음,단일로 - 기타,화물,남,46세,중상,,,,
2014060100100402,2014년 6월 1일 19시,일요일,충청북도 충주시 앙성면,경상사고,0,0,1,0,차대사람 - 기타,안전운전불이행,건조,맑음,단일로 - 기타,승용,여,37세,상해없음,보행자,여,39세,경상
2014060100100403,2014년 6월 1일 19시,일요일,충청북도 제천시 봉양읍,부상신고사고,0,0,0,1,차량단독 - 기타,안전운전불이행,건조,흐림,단일로 - 기타,승용,남,40세,부상신고,,,,
2014060100100465,2014년 6월 1일 21시,일요일,충청북도 증평군 증평읍,경상사고,0,0,1,0,차대차 - 추돌 - 진행중,안전운전불이행,건조,맑음,교차로 - 교차로안,승용,남,50세,상해없음,승용,남,28세,경상
2014060100100490,2014년 6월 1일 22시,일요일,충청북도 청주시 상당구 금천동,경상사고,0,0,1,0,차대차 - 기타,안전운전불이행,건조,맑음,교차로 - 교차로안,승용,남,53세,상해없음,원동기,남,23세,경상
2014060200100010,2014년 6월 2일 00시,월요일,충청북도 청주시 상당구 남일면,경상사고,0,0,1,0,차대차 - 측면직각충돌,중앙선침범,건조,맑음,단일로 - 기타,승용,남,59세,상해없음,승용,남,45세,경상
2014060200100094,2014년 6월 2일 08시,월요일,충청북도 청주시 서원구 사직동,중상사고,0,1,3,0,차대차 - 추돌 - 진행중,교차로운행방법위반,건조,맑음,교차로 - 교차로안,승용,여,38세,중상,승용,여,37세,경상
2014060200100095,2014년 6월 2일 08시,월요일,충청북도 청주시 서원구 성화동,경상사고,0,0,2,0,차대차 - 측면직각충돌,안전운전불이행,건조,맑음,기타 - 기타,승합,남,35세,상해없음,승용,여,42세,경상
2014060200100132,2014년 6월 2일 09시,월요일,충청북도 청주시 청원구 내덕동,경상사고,0,0,2,0,차대차 - 기타,안전운전불이행,건조,맑음,단일로 - 기타,화물,남,53세,상해없음,승용,여,35세,경상
2014060200100160,2014년 6월 2일 10시,월요일,충청북도 청주시 청원구 우암동,경상사고,0,0,3,0,차대차 - 추돌 - 주정차중,안전운전불이행,건조,흐림,단일로 - 교량,승용,남,48세,상해없음,승용,남,43세,경상
2014060200100161,2014년 6월 2일 10시,월요일,충청북도 청주시 상당구 금천동,경상사고,0,0,1,0,차대차 - 측면직각충돌,신호위반,습기,흐림,교차로 - 교차로안,원동기,남,64세,상해없음,승용,여,27세,경상
2014060200100162,2014년 6월 2일 10시,월요일,충청북도 옥천군 청산면,경상사고,0,0,1,0,차대차 - 추돌 - 주정차중,안전운전불이행,건조,맑음,교차로 - 교차로부근,화물,남,61세,상해없음,승용,여,57세,경상
2014060200100163,2014년 6월 2일 10시,월요일,충청북도 청주시 흥덕구 복대동,경상사고,0,0,1,0,차대차 - 추돌 - 진행중,안전운전불이행,습기,비,단일로 - 기타,승용,남,65세,상해없음,승용,남,49세,경상
2014060200100164,2014년 6월 2일 10시,월요일,충청북도 청주시 상당구 용암동,중상사고,0,1,0,0,차대차 - 기타,안전운전불이행,건조,맑음,교차로 - 교차로부근,기타불명,기타불명,기타불명,기타불명,원동기,남,63세,중상
2014060200100201,2014년 6월 2일 11시,월요일,충청북도 음성군 대소면,중상사고,0,1,1,0,차대차 - 기타,안전운전불이행,습기,흐림,교차로 - 교차로부근,화물,남,62세,경상,화물,남,31세,중상
2014060200100255,2014년 6월 2일 13시,월요일,충청북도 충주시 봉방동,중상사고,0,2,1,0,차대차 - 추돌 - 진행중,안전운전불이행,건조,맑음,교차로 - 교차로안,승용,남,52세,경상,승용,여,46세,중상
2014060200100256,2014년 6월 2일 13시,월요일,충청북도 제천시 하소동,경상사고,0,0,1,0,차대차 - 기타,신호위반,건조,맑음,교차로 - 교차로안,화물,남,72세,상해없음,승용,남,41세,경상
2014060200100257,2014년 6월 2일 13시,월요일,충청북도 진천군 광혜원면,중상사고,0,1,3,0,차대차 - 측면직각충돌,교차로운행방법위반,건조,맑음,교차로 - 교차로안,승용,남,58세,경상,승용,여,36세,경상
2014060200100363,2014년 6월 2일 16시,월요일,충청북도 청주시 흥덕구 강내면,경상사고,0,0,2,0,차대차 - 측면직각충돌,안전운전불이행,건조,맑음,단일로 - 기타,승용,남,18세,상해없음,승용,남,22세,경상
2014060200100398,2014년 6월 2일 17시,월요일,충청북도 충주시 교현동,중상사고,0,1,1,0,차대차 - 추돌 - 진행중,신호위반,건조,맑음,교차로 - 교차로안,승용,남,29세,상해없음,승용,남,57세,경상
2014060200100399,2014년 6월 2일 17시,월요일,충청북도 충주시 충인동,부상신고사고,0,0,0,1,차대차 - 측면직각충돌,기타,건조,맑음,교차로 - 교차로안,원동기,여,60세,부상신고,승용,여,41세,상해없음
2014060200100463,2014년 6월 2일 19시,월요일,충청북도 청주시 서원구 산남동,경상사고,0,0,3,0,차대차 - 기타,안전운전불이행,습기,비,단일로 - 기타,승용,여,48세,상해없음,승용,여,36세,경상
2014060200100547,2014년 6월 2일 21시,월요일,충청북도 청주시 흥덕구 지동동,중상사고,0,1,0,0,차대차 - 측면직각충돌,신호위반,습기,비,교차로 - 교차로안,화물,남,55세,상해없음,승용,여,39세,중상
2014060200100595,2014년 6월 2일 22시,월요일,충청북도 청주시 흥덕구 복대동,경상사고,0,0,1,0,차대사람 - 횡단중,안전운전불이행,건조,맑음,단일로 - 기타,승용,남,37세,상해없음,보행자,남,43세,경상
2014060200100639,2014년 6월 2일 23시,월요일,충청북도 청주시 청원구 내수읍,경상사고,0,0,1,0,차대차 - 기타,중앙선침범,건조,맑음,단일로 - 기타,기타불명,기타불명,기타불명,기타불명,화물,남,56세,경상
2014060200100640,2014년 6월 2일 23시,월요일,충청북도 청주시 서원구 분평동,경상사고,0,0,1,0,차대차 - 측면직각충돌,신호위반,건조,맑음,교차로 - 교차로안,승용,남,68세,상해없음,자전거,여,40세,경상
2014060200100641,2014년 6월 2일 23시,월요일,충청북도 청주시 상당구 용암동,경상사고,0,0,2,0,차대차 - 기타,중앙선침범,습기,비,교차로 - 교차로부근,승용,남,35세,상해없음,승용,남,48세,경상
2014060300100064,2014년 6월 3일 03시,화요일,충청북도 제천시 영천동,경상사고,0,0,2,0,차대차 - 기타,신호위반,건조,맑음,교차로 - 교차로안,건설기계,남,46세,상해없음,승용,남,51세,경상
2014060300100065,2014년 6월 3일 03시,화요일,충청북도 청주시 흥덕구 복대동,경상사고,0,0,2,0,차대차 - 추돌 - 주정차중,안전운전불이행,습기,비,교차로 - 교차로부근,승용,여,30세,상해없음,승용,남,29세,경상
2014060300100066,2014년 6월 3일 03시,화요일,충청북도 청주시 상당구 용암동,중상사고,0,1,0,0,차대사람 - 기타,안전운전불이행,습기,비,교차로 - 교차로안,승용,남,45세,상해없음,보행자,남,24세,중상
2014060300100085,2014년 6월 3일 05시,화요일,충청북도 충주시 앙성면,중상사고,0,1,0,1,차대차 - 추돌 - 진행중,기타,건조,맑음,교차로 - 교차로안,승용,남,51세,부상신고,승용,남,48세,중상
2014060300100123,2014년 6월 3일 07시,화요일,충청북도 충주시 칠금동,경상사고,0,0,1,0,차대차 - 추돌 - 진행중,안전운전불이행,건조,맑음,단일로 - 기타,화물,남,46세,상해없음,승용,남,35세,경상
2014060300100164,2014년 6월 3일 08시,화요일,충청북도 옥천군 청성면,중상사고,0,1,0,1,차대차 - 측면직각충돌,교차로운행방법위반,건조,흐림,교차로 - 교차로안,승용,남,43세,중상,승합,남,55세,부상신고
2014060300100203,2014년 6월 3일 09시,화요일,충청북도 증평군 증평읍,중상사고,0,2,0,0,차대차 - 기타,중앙선침범,습기,비,단일로 - 기타,화물,남,51세,상해없음,승용,남,60세,중상
2014060300100204,2014년 6월 3일 09시,화요일,충청북도 청주시 서원구 모충동,중상사고,0,1,0,0,차대사람 - 횡단중,안전운전불이행,건조,맑음,교차로 - 교차로안,화물,남,65세,상해없음,보행자,남,63세,중상
2014060300100205,2014년 6월 3일 09시,화요일,충청북도 청주시 상당구 영운동,경상사고,0,0,1,0,차대차 - 기타,교차로운행방법위반,건조,맑음,교차로 - 교차로안,승합,남,49세,상해없음,승용,남,30세,상해없음
2014060300100206,2014년 6월 3일 09시,화요일,충청북도 청주시 서원구 산남동,경상사고,0,0,1,0,차대차 - 측면직각충돌,안전운전불이행,습기,비,교차로 - 교차로안,화물,남,53세,상해없음,승용,여,33세,경상
2014060300100259,2014년 6월 3일 11시,화요일,충청북도 청주시 청원구 오창읍,중상사고,0,1,0,0,차대사람 - 횡단중,안전운전불이행,습기,비,단일로 - 기타,승용,여,65세,상해없음,보행자,여,73세,중상
2014060300100260,2014년 6월 3일 11시,화요일,충청북도 영동군 영동읍,중상사고,0,1,0,0,차대차 - 기타,교차로운행방법위반,습기,비,교차로 - 교차로안,승용,남,41세,상해없음,화물,남,54세,상해없음
2014060300100261,2014년 6월 3일 11시,화요일,충청북도 옥천군 이원면,중상사고,0,1,0,0,차대사람 - 기타,안전운전불이행,건조,맑음,단일로 - 기타,승용,남,48세,상해없음,보행자,여,55세,중상
2014060300100262,2014년 6월 3일 11시,화요일,충청북도 진천군 진천읍,중상사고,0,3,0,0,차대차 - 추돌 - 진행중,안전운전불이행,습기,비,단일로 - 터널,화물,남,33세,상해없음,승용,남,61세,중상
2014060300100263,2014년 6월 3일 11시,화요일,충청북도 청주시 서원구 모충동,중상사고,0,1,1,0,차대사람 - 기타,안전운전불이행,습기,비,단일로 - 기타,승용,여,58세,상해없음,보행자,여,48세,경상
2014060300100316,2014년 6월 3일 13시,화요일,충청북도 충주시 목행동,경상사고,0,0,1,0,차대차 - 측면직각충돌,직진우회전진행방해,건조,맑음,교차로 - 교차로안,화물,남,22세,상해없음,승용,남,57세,경상
2014060300100352,2014년 6월 3일 14시,화요일,충청북도 제천시 중앙로2가,사망사고,1,0,0,0,차대차 - 기타,안전운전불이행,건조,맑음,교차로 - 교차로안,승용,남,71세,상해없음,자전거,남,66세,사망
2014060300100384,2014년 6월 3일 15시,화요일,충청북도 옥천군 청산면,중상사고,0,1,0,0,차대차 - 측면직각충돌,안전운전불이행,건조,맑음,교차로 - 교차로안,승용,남,47세,상해없음,자전거,남,76세,중상
2014060300100385,2014년 6월 3일 15시,화요일,충청북도 청주시 흥덕구 봉명동,중상사고,0,1,0,0,차대차 - 측면직각충돌,중앙선침범,건조,맑음,단일로 - 기타,화물,남,56세,상해없음,승용,남,72세,중상
2014060300100455,2014년 6월 3일 17시,화요일,충청북도 증평군 증평읍,부상신고사고,0,0,0,1,차대사람 - 기타,안전운전불이행,건조,맑음,단일로 - 기타,승합,남,53세,상해없음,보행자,여,16세,부상신고
2014060300100456,2014년 6월 3일 17시,화요일,충청북도 청주시 흥덕구 가경동,경상사고,0,0,1,0,차대사람 - 횡단중,보행자보호의무위반,건조,맑음,교차로 - 교차로부근,자전거,여,41세,상해없음,보행자,여,19세,경상
2014060300100457,2014년 6월 3일 17시,화요일,충청북도 청주시 흥덕구 가경동,경상사고,0,0,1,0,차대차 - 추돌 - 주정차중,안전운전불이행,건조,맑음,교차로 - 교차로부근,승용,남,23세,기타불명,승용,여,40세,경상
2014060300100506,2014년 6월 3일 18시,화요일,충청북도 제천시 청전동,경상사고,0,0,1,0,차대차 - 기타,기타,습기,비,교차로 - 교차로안,승용,여,52세,경상,승용,남,44세,상해없음
2014060300100507,2014년 6월 3일 18시,화요일,충청북도 증평군 도안면,경상사고,0,0,1,0,차대차 - 측면직각충돌,안전운전불이행,습기,비,교차로 - 교차로안,이륜,남,17세,경상,화물,남,61세,상해없음
2014060300100557,2014년 6월 3일 20시,화요일,충청북도 청주시 흥덕구 복대동,중상사고,0,2,0,0,차대차 - 측면직각충돌,교차로운행방법위반,건조,맑음,교차로 - 교차로안,화물,남,58세,중상,승용,남,24세,중상
2014060300100558,2014년 6월 3일 20시,화요일,충청북도 청주시 흥덕구 가경동,경상사고,0,0,1,0,차대차 - 측면직각충돌,안전운전불이행,건조,맑음,단일로 - 기타,승용,남,27세,상해없음,이륜,남,31세,경상
2014060300100559,2014년 6월 3일 20시,화요일,충청북도 청주시 흥덕구 복대동,중상사고,0,1,2,0,차대차 - 측면직각충돌,안전운전불이행,건조,맑음,교차로 - 교차로부근,승용,여,53세,중상,승용,남,49세,경상
2014060300100605,2014년 6월 3일 21시,화요일,충청북도 청주시 상당구 용암동,중상사고,0,1,0,1,차대사람 - 기타,안전운전불이행,건조,맑음,교차로 - 교차로부근,이륜,남,49세,부상신고,보행자,여,52세,중상
2014060300100606,2014년 6월 3일 21시,화요일,충청북도 청주시 서원구 수곡동,경상사고,0,0,1,0,차대사람 - 횡단중,안전운전불이행,건조,맑음,교차로 - 교차로안,승용,남,50세,상해없음,보행자,남,56세,경상
2014060300100644,2014년 6월 3일 22시,화요일,충청북도 충주시 교현동,중상사고,0,1,0,0,차대사람 - 횡단중,안전운전불이행,건조,맑음,교차로 - 교차로안,승용,남,47세,상해없음,보행자,여,64세,중상
2014060300100645,2014년 6월 3일 22시,화요일,충청북도 청주시 흥덕구 복대동,중상사고,0,1,0,0,차대차 - 측면직각충돌,차로위반,건조,맑음,교차로 - 교차로안,승용,남,32세,상해없음,이륜,남,26세,중상
2014060300100689,2014년 6월 3일 23시,화요일,충청북도 청주시 상당구 금천동,경상사고,0,0,1,0,차대차 - 추돌 - 주정차중,안전운전불이행,건조,맑음,단일로 - 기타,승용,기타불명,기타불명,기타불명,승용,남,30세,상해없음
2014060400100011,2014년 6월 4일 00시,수요일,충청북도 음성군 대소면,경상사고,0,0,1,0,차대차 - 추돌 - 주정차중,안전운전불이행,건조,맑음,교차로 - 교차로부근,승용,남,26세,경상,건설기계,남,45세,기타불명
2014060400100012,2014년 6월 4일 00시,수요일,충청북도 옥천군 청성면,경상사고,0,0,1,0,차량단독 - 기타,안전운전불이행,건조,흐림,단일로 - 기타,화물,남,58세,경상,,,,
2014060400100013,2014년 6월 4일 00시,수요일,충청북도 청주시 흥덕구 가경동,중상사고,0,1,1,0,차대차 - 측면직각충돌,신호위반,건조,맑음,교차로 - 교차로안,이륜,남,48세,중상,승합,남,48세,상해없음
2014060400100040,2014년 6월 4일 01시,수요일,충청북도 청주시 흥덕구 봉명동,중상사고,0,2,1,0,차대차 - 추돌 - 진행중,안전운전불이행,건조,맑음,교차로 - 교차로부근,승용,남,31세,경상,승용,남,49세,중상
2014060400100059,2014년 6월 4일 02시,수요일,충청북도 진천군 광혜원면,경상사고,0,0,1,0,차대차 - 측면직각충돌,신호위반,건조,맑음,교차로 - 교차로안,승용,남,15세,상해없음,승용,남,55세,경상
2014060400100099,2014년 6월 4일 05시,수요일,충청북도 제천시 남천동,중상사고,0,1,1,0,차대차 - 기타,안전운전불이행,건조,맑음,교차로 - 교차로부근,화물,남,46세,상해없음,승용,여,40세,중상
2014060400100152,2014년 6월 4일 08시,수요일,충청북도 충주시 금릉동,경상사고,0,0,1,1,차대차 - 추돌 - 진행중,안전운전불이행,건조,맑음,단일로 - 기타,승용,여,52세,부상신고,승용,남,52세,경상
2014060400100172,2014년 6월 4일 09시,수요일,충청북도 제천시 강제동,중상사고,0,1,0,0,차대차 - 추돌 - 진행중,안전운전불이행,건조,맑음,단일로 - 기타,승합,남,57세,상해없음,승용,여,38세,중상
2014060400100173,2014년 6월 4일 09시,수요일,충청북도 제천시 강제동,경상사고,0,0,1,0,차대차 - 기타,안전운전불이행,건조,맑음,교차로 - 교차로부근,승합,남,57세,상해없음,승용,남,40세,경상
2014060400100174,2014년 6월 4일 09시,수요일,충청북도 단양군 단양읍,경상사고,0,0,1,0,차대차 - 기타,안전거리미확보,건조,맑음,교차로 - 교차로부근,승용,남,40세,상해없음,승용,남,41세,경상
2014060400100232,2014년 6월 4일 11시,수요일,충청북도 청주시 청원구 주중동,경상사고,0,0,3,0,차대차 - 측면직각충돌,안전운전불이행,건조,맑음,교차로 - 교차로부근,화물,남,46세,상해없음,승용,남,40세,경상
2014060400100233,2014년 6월 4일 11시,수요일,충청북도 진천군 광혜원면,경상사고,0,0,2,0,차대차 - 추돌 - 주정차중,안전운전불이행,건조,맑음,교차로 - 교차로안,승용,남,56세,상해없음,승용,여,44세,경상
2014060400100270,2014년 6월 4일 12시,수요일,충청북도 청주시 청원구 우암동,경상사고,0,0,1,0,차대사람 - 기타,안전운전불이행,건조,맑음,단일로 - 기타,기타불명,기타불명,기타불명,기타불명,보행자,남,18세,경상
2014060400100271,2014년 6월 4일 12시,수요일,충청북도 청주시 서원구 산남동,중상사고,0,1,0,0,차대차 - 기타,교차로운행방법위반,건조,맑음,교차로 - 교차로안,승용,남,35세,상해없음,이륜,남,48세,중상