사고번호,사고일시,요일,시군구,사고내용,사망자수,중상자수,경상자수,부상신고자수,사고유형,법규위반,노면상태,기상상태,도로형태,가해운전자 차종,가해운전자 성별,가해운전자 연령,가해운전자 상해정도,피해운전자 차종,피해운전자 성별,피해운전자 연령,피해운전자 상해정도
2014060400100334,2014년 6월 4일 14시,수요일,충청북도 제천시 금성면,중상사고,0,1,0,0,차대차 - 추돌 - 진행중,안전거리미확보,건조,맑음,단일로 - 기타,승합,남,54세,상해없음,화물,여,67세,중상
2014060400100361,2014년 6월 4일 15시,수요일,충청북도 영동군 영동읍,경상사고,0,0,1,0,차대차 - 기타,직진우회전진행방해,건조,흐림,교차로 - 교차로안,승용,여,73세,상해없음,원동기,남,50세,경상
2014060400100362,2014년 6월 4일 15시,수요일,충청북도 청주시 상당구 월오동,중상사고,0,5,0,0,차대차 - 기타,중앙선침범,건조,맑음,단일로 - 기타,승용,남,59세,상해없음,승용,남,53세,중상
2014060400100434,2014년 6월 4일 17시,수요일,충청북도 청주시 흥덕구 옥산면,경상사고,0,0,1,0,차대사람 - 기타,안전운전불이행,건조,맑음,단일로 - 기타,승용,여,51세,상해없음,보행자,남,4세,경상
2014060400100435,2014년 6월 4일 17시,수요일,충청북도 청주시 흥덕구 문암동,경상사고,0,0,2,0,차대사람 - 길가장자리구역통행중,안전운전불이행,건조,맑음,단일로 - 기타,자전거,남,52세,경상,보행자,여,47세,경상
2014060400100478,2014년 6월 4일 18시,수요일,충청북도 청주시 청원구 주중동,사망사고,1,0,0,0,차대차 - 측면직각충돌,신호위반,건조,맑음,교차로 - 교차로안,이륜,남,57세,사망,승용,남,30세,상해없음
2014060400100509,2014년 6월 4일 19시,수요일,충청북도 제천시 봉양읍,경상사고,0,0,1,0,차대차 - 기타,안전거리미확보,건조,맑음,단일로 - 기타,화물,남,62세,상해없음,승용,여,51세,경상
2014060400100542,2014년 6월 4일 20시,수요일,충청북도 청주시 서원구 수곡동,중상사고,0,1,0,0,차대사람 - 기타,안전운전불이행,건조,맑음,단일로 - 기타,이륜,남,19세,상해없음,보행자,남,62세,중상
2014060500100030,2014년 6월 5일 02시,목요일,충청북도 청주시 청원구 오창읍,경상사고,0,0,1,0,차대차 - 추돌 - 주정차중,안전운전불이행,건조,맑음,단일로 - 기타,승용,여,44세,상해없음,승합,남,32세,경상
2014060500100068,2014년 6월 5일 05시,목요일,충청북도 청주시 흥덕구 옥산면,중상사고,0,1,0,0,차대차 - 추돌 - 진행중,안전운전불이행,건조,맑음,단일로 - 기타,승용,남,21세,상해없음,화물,남,52세,상해없음
2014060500100086,2014년 6월 5일 06시,목요일,충청북도 제천시 강제동,중상사고,0,1,0,0,차량단독 - 공작물충돌,안전운전불이행,건조,맑음,단일로 - 기타,승용,남,31세,중상,,,,
2014060500100126,2014년 6월 5일 08시,목요일,충청북도 청주시 상당구 탑동,중상사고,0,1,0,0,차대사람 - 횡단중,보행자보호의무위반,건조,맑음,교차로 - 교차로안,화물,남,51세,상해없음,보행자,남,53세,중상
2014060500100127,2014년 6월 5일 08시,목요일,충청북도 청주시 청원구 우암동,중상사고,0,1,0,0,차량단독 - 기타,안전운전불이행,건조,맑음,단일로 - 기타,승합,남,50세,상해없음,,,,
2014060500100159,2014년 6월 5일 09시,목요일,충청북도 청주시 흥덕구 강내면,경상사고,0,0,5,0,차대차 - 추돌 - 진행중,안전거리미확보,건조,맑음,단일로 - 기타,화물,남,60세,상해없음,화물,남,47세,경상
2014060500100188,2014년 6월 5일 10시,목요일,충청북도 청주시 청원구 율량동,경상사고,0,0,1,0,차량단독 - 기타,안전운전불이행,건조,맑음,단일로 - 기타,승합,남,52세,상해없음,,,,
2014060500100189,2014년 6월 5일 10시,목요일,충청북도 진천군 초평면,중상사고,0,1,0,0,차량단독 - 기타,안전운전불이행,건조,맑음,단일로 - 기타,승합,남,44세,상해없음,,,,
2014060500100219,2014년 6월 5일 11시,목요일,충청북도 단양군 단양읍,경상사고,0,0,1,0,차대차 - 기타,안전운전불이행,건조,맑음,교차로 - 교차로안,승용,남,72세,경상,승용,여,27세,상해없음
2014060500100220,2014년 6월 5일 11시,목요일,충청북도 청주시 흥덕구 봉명동,경상사고,0,0,1,0,차대차 - 측면직각충돌,안전운전불이행,건조,맑음,단일로 - 기타,특수,남,52세,상해없음,승용,남,29세,경상
2014060500100221,2014년 6월 5일 11시,목요일,충청북도 청주시 상당구 용암동,중상사고,0,1,0,0,차대차 - 측면직각충돌,신호위반,건조,맑음,교차로 - 교차로안,자전거,남,78세,중상,승용,남,26세,상해없음
2014060500100279,2014년 6월 5일 13시,목요일,충청북도 청주시 서원구 산남동,중상사고,0,1,0,0,차대사람 - 횡단중,보행자보호의무위반,건조,맑음,교차로 - 교차로부근,승용,남,28세,상해없음,보행자,남,33세,중상
2014060500100344,2014년 6월 5일 15시,목요일,충청북도 제천시 청전동,경상사고,0,0,1,0,차대차 - 기타,안전운전불이행,건조,맑음,교차로 - 교차로안,원동기,여,69세,경상,승용,여,25세,상해없음
2014060500100377,2014년 6월 5일 16시,목요일,충청북도 청주시 청원구 율량동,중상사고,0,2,1,0,차대차 - 측면직각충돌,신호위반,건조,맑음,교차로 - 교차로안,이륜,남,68세,중상,승용,여,41세,경상
2014060500100410,2014년 6월 5일 17시,목요일,충청북도 청주시 청원구 북이면,중상사고,0,2,0,0,차대차 - 정면충돌,중앙선침범,건조,흐림,단일로 - 기타,승용,여,28세,중상,승용,남,53세,중상
2014060500100411,2014년 6월 5일 17시,목요일,충청북도 청주시 흥덕구 복대동,경상사고,0,0,1,0,차대차 - 추돌 - 진행중,안전운전불이행,건조,맑음,단일로 - 기타,이륜,남,16세,상해없음,이륜,남,17세,경상
2014060500100412,2014년 6월 5일 17시,목요일,충청북도 청주시 서원구 분평동,경상사고,0,0,1,0,차대차 - 추돌 - 진행중,안전운전불이행,건조,맑음,단일로 - 기타,승용,여,54세,상해없음,이륜,남,40세,경상
2014060500100435,2014년 6월 5일 18시,목요일,충청북도 영동군 영동읍,중상사고,0,1,0,0,차대차 - 기타,신호위반,건조,맑음,교차로 - 교차로안,승용,남,69세,상해없음,원동기,남,39세,중상
2014060500100472,2014년 6월 5일 19시,목요일,충청북도 청주시 청원구 우암동,중상사고,0,1,0,0,차대차 - 기타,안전운전불이행,건조,맑음,교차로 - 교차로안,기타불명,기타불명,기타불명,기타불명,자전거,남,17세,중상
2014060500100503,2014년 6월 5일 20시,목요일,충청북도 청주시 서원구 개신동,중상사고,0,1,0,0,차대사람 - 보도통행중,신호위반,건조,맑음,교차로 - 교차로부근,이륜,남,16세,상해없음,보행자,여,8세,중상
2014060500100546,2014년 6월 5일 21시,목요일,충청북도 음성군 금왕읍,사망사고,1,0,1,0,차대사람 - 기타,안전운전불이행,건조,맑음,단일로 - 기타,자전거,남,16세,사망,보행자,남,24세,경상
2014060500100547,2014년 6월 5일 21시,목요일,충청북도 음성군 대소면,경상사고,0,0,1,0,차대차 - 추돌 - 진행중,안전운전불이행,건조,맑음,단일로 - 기타,승용,남,20세,상해없음,승용,여,40세,경상
2014060500100548,2014년 6월 5일 21시,목요일,충청북도 음성군 감곡면,경상사고,0,0,3,0,차대차 - 기타,교차로운행방법위반,건조,맑음,교차로 - 교차로안,승용,남,40세,상해없음,승용,여,24세,경상
2014060500100549,2014년 6월 5일 21시,목요일,충청북도 청주시 흥덕구 가경동,경상사고,0,0,1,0,차대사람 - 기타,안전운전불이행,건조,맑음,단일로 - 기타,승용,남,44세,상해없음,보행자,남,45세,경상
2014060500100550,2014년 6월 5일 21시,목요일,충청북도 청주시 서원구 모충동,중상사고,0,1,2,0,차대차 - 측면직각충돌,안전운전불이행,건조,맑음,단일로 - 기타,승용,남,21세,기타불명,자전거,남,42세,중상
2014060500100580,2014년 6월 5일 22시,목요일,충청북도 청주시 상당구 용암동,경상사고,0,0,1,0,차대차 - 측면직각충돌,차로위반,건조,맑음,단일로 - 기타,승용,남,51세,상해없음,승용,남,63세,경상
2014060500100621,2014년 6월 5일 23시,목요일,충청북도 청주시 서원구 사창동,중상사고,0,1,0,0,차대차 - 측면직각충돌,중앙선침범,건조,맑음,단일로 - 기타,승용,남,44세,상해없음,승용,여,44세,중상
2014060600100013,2014년 6월 6일 00시,금요일,충청북도 청주시 흥덕구 봉명동,경상사고,0,0,3,0,차대차 - 추돌 - 주정차중,안전운전불이행,건조,맑음,교차로 - 교차로부근,승용,남,30세,상해없음,승용,남,41세,경상
2014060600100027,2014년 6월 6일 01시,금요일,충청북도 제천시 서부동,중상사고,0,3,0,0,차대차 - 기타,직진우회전진행방해,건조,맑음,교차로 - 교차로안,승용,남,70세,상해없음,승용,남,37세,중상
2014060600100044,2014년 6월 6일 02시,금요일,충청북도 청주시 상당구 명암동,중상사고,0,2,0,0,차량단독 - 기타,안전운전불이행,건조,맑음,단일로 - 터널,이륜,남,22세,중상,,,,
2014060600100079,2014년 6월 6일 05시,금요일,충청북도 청주시 상당구 북문로1가동,경상사고,0,0,1,0,차량단독 - 기타,안전운전불이행,건조,맑음,단일로 - 기타,승용,남,38세,상해없음,,,,
2014060600100080,2014년 6월 6일 05시,금요일,충청북도 청주시 흥덕구 가경동,경상사고,0,0,1,0,차량단독 - 공작물충돌,안전운전불이행,건조,맑음,교차로 - 교차로부근,승용,남,22세,경상,,,,
2014060600100081,2014년 6월 6일 05시,금요일,충청북도 청주시 흥덕구 가경동,경상사고,0,0,1,0,차대차 - 측면직각충돌,안전거리미확보,건조,맑음,교차로 - 교차로부근,기타불명,기타불명,기타불명,기타불명,승용,남,49세,상해없음
2014060600100115,2014년 6월 6일 07시,금요일,충청북도 옥천군 옥천읍,중상사고,0,2,0,0,차대차 - 측면직각충돌,안전운전불이행,건조,맑음,교차로 - 교차로안,승용,남,33세,상해없음,이륜,여,65세,중상
2014060600100131,2014년 6월 6일 08시,금요일,충청북도 음성군 금왕읍,경상사고,0,0,1,0,차대차 - 정면충돌,중앙선침범,건조,맑음,단일로 - 기타,승용,남,24세,상해없음,승용,남,48세,경상
2014060600100150,2014년 6월 6일 09시,금요일,충청북도 청주시 청원구 우암동,중상사고,0,1,0,0,차대사람 - 기타,불법유턴,건조,맑음,단일로 - 기타,승용,여,37세,상해없음,보행자,여,71세,중상
2014060600100151,2014년 6월 6일 09시,금요일,충청북도 충주시 수안보면,중상사고,0,1,0,0,차대사람 - 기타,안전운전불이행,건조,맑음,단일로 - 기타,화물,남,60세,상해없음,보행자,여,6세,중상
2014060600100152,2014년 6월 6일 09시,금요일,충청북도 제천시 화산동,경상사고,0,0,1,0,차대차 - 기타,안전운전불이행,건조,맑음,교차로 - 교차로안,승용,여,45세,경상,화물,남,59세,상해없음
2014060600100153,2014년 6월 6일 09시,금요일,충청북도 음성군 대소면,중상사고,0,1,0,0,차대차 - 기타,신호위반,건조,맑음,교차로 - 교차로안,승합,남,42세,상해없음,승용,여,57세,중상
2014060600100154,2014년 6월 6일 09시,금요일,충청북도 청주시 흥덕구 가경동,중상사고,0,1,4,0,차대차 - 측면직각충돌,신호위반,건조,맑음,교차로 - 교차로안,승용,여,54세,경상,승합,남,44세,경상
2014060600100182,2014년 6월 6일 10시,금요일,충청북도 보은군 보은읍,경상사고,0,0,1,0,차대사람 - 횡단중,안전운전불이행,건조,맑음,단일로 - 기타,원동기,남,85세,상해없음,보행자,남,82세,경상
2014060600100183,2014년 6월 6일 10시,금요일,충청북도 음성군 맹동면,중상사고,0,2,0,0,차대차 - 기타,교차로운행방법위반,건조,맑음,교차로 - 교차로안,승용,여,30세,중상,승합,남,27세,중상
2014060600100185,2014년 6월 6일 10시,금요일,충청북도 청주시 서원구 현도면,경상사고,0,0,1,0,차대차 - 측면직각충돌,안전운전불이행,건조,맑음,단일로 - 기타,승용,남,34세,상해없음,승용,남,48세,경상
2014060600100206,2014년 6월 6일 11시,금요일,충청북도 청주시 청원구 율량동,중상사고,0,2,1,0,차대차 - 측면직각충돌,신호위반,건조,맑음,교차로 - 교차로안,승용,남,78세,상해없음,승용,남,27세,경상
2014060600100207,2014년 6월 6일 11시,금요일,충청북도 청주시 흥덕구 복대동,경상사고,0,0,1,0,차대차 - 추돌 - 주정차중,안전운전불이행,건조,맑음,단일로 - 기타,승용,여,51세,상해없음,승용,남,31세,경상
2014060600100260,2014년 6월 6일 13시,금요일,충청북도 청주시 흥덕구 봉명동,경상사고,0,0,1,0,차대차 - 측면직각충돌,안전운전불이행,건조,맑음,단일로 - 횡단보도상,자전거,남,78세,경상,승용,남,59세,상해없음
2014060600100261,2014년 6월 6일 13시,금요일,충청북도 청주시 흥덕구 비하동,경상사고,0,0,2,0,차대차 - 측면직각충돌,안전운전불이행,건조,맑음,교차로 - 교차로부근,승용,남,51세,상해없음,승용,남,30세,경상
2014060600100264,2014년 6월 6일 13시,금요일,충청북도 옥천군 동이면,중상사고,0,1,3,0,차대차 - 측면직각충돌,안전운전불이행,건조,맑음,단일로 - 기타,승용,여,24세,경상,화물,남,42세,중상
2014060600100305,2014년 6월 6일 14시,금요일,충청북도 청주시 청원구 율량동,경상사고,0,0,2,0,차대차 - 측면직각충돌,안전운전불이행,건조,맑음,교차로 - 교차로부근,화물,남,34세,상해없음,승용,남,32세,경상
2014060600100306,2014년 6월 6일 14시,금요일,충청북도 청주시 서원구 사직동,중상사고,0,1,1,0,차대차 - 측면직각충돌,차로위반,건조,맑음,교차로 - 교차로부근,승용,남,50세,상해없음,승용,남,55세,경상
2014060600100373,2014년 6월 6일 16시,금요일,충청북도 제천시 금성면,경상사고,0,0,1,0,차대차 - 기타,안전운전불이행,건조,맑음,단일로 - 기타,기타불명,기타불명,기타불명,기타불명,원동기,남,16세,경상
2014060600100413,2014년 6월 6일 17시,금요일,충청북도 청주시 청원구 우암동,중상사고,0,1,0,0,차대사람 - 기타,안전운전불이행,건조,맑음,교차로 - 교차로안,승용,남,66세,상해없음,보행자,여,74세,중상
2014060600100454,2014년 6월 6일 18시,금요일,충청북도 청주시 상당구 수동,경상사고,0,0,1,0,차대사람 - 기타,안전운전불이행,건조,맑음,단일로 - 기타,승용,여,31세,상해없음,보행자,남,12세,경상
2014060600100455,2014년 6월 6일 18시,금요일,충청북도 충주시 문화동,중상사고,0,1,0,0,차대차 - 기타,안전운전불이행,건조,맑음,단일로 - 기타,승용,남,64세,상해없음,자전거,남,52세,중상
2014060600100456,2014년 6월 6일 18시,금요일,충청북도 옥천군 군서면,중상사고,0,1,0,0,차대차 - 측면직각충돌,중앙선침범,건조,맑음,단일로 - 기타,승용,남,24세,상해없음,화물,여,52세,중상
2014060600100492,2014년 6월 6일 19시,금요일,충청북도 충주시 문화동,경상사고,0,0,3,0,차대차 - 기타,안전운전불이행,건조,맑음,교차로 - 교차로안,승용,남,42세,상해없음,승용,남,33세,경상
2014060600100493,2014년 6월 6일 19시,금요일,충청북도 청주시 상당구 용정동,경상사고,0,0,2,0,차대차 - 추돌 - 주정차중,안전운전불이행,건조,맑음,교차로 - 교차로부근,승용,남,68세,상해없음,승용,남,28세,경상
2014060600100555,2014년 6월 6일 21시,금요일,충청북도 충주시 앙성면,경상사고,0,0,1,0,차대차 - 기타,안전운전불이행,건조,맑음,단일로 - 기타,승용,남,67세,상해없음,자전거,남,10세,경상
2014060600100556,2014년 6월 6일 21시,금요일,충청북도 충주시 금릉동,경상사고,0,0,3,0,차대차 - 정면충돌,중앙선침범,건조,맑음,단일로 - 기타,원동기,남,17세,경상,승용,남,27세,경상
2014060600100589,2014년 6월 6일 22시,금요일,충청북도 청주시 청원구 내덕동,중상사고,0,1,2,0,차대차 - 측면직각충돌,교차로운행방법위반,건조,맑음,교차로 - 교차로안,승용,남,52세,경상,원동기,남,42세,중상
2014060600100590,2014년 6월 6일 22시,금요일,충청북도 충주시 용산동,중상사고,0,1,0,0,차대사람 - 길가장자리구역통행중,안전운전불이행,건조,맑음,단일로 - 기타,승용,남,51세,상해없음,보행자,여,34세,중상
2014060600100591,2014년 6월 6일 22시,금요일,충청북도 청주시 흥덕구 봉명동,중상사고,0,1,0,0,차대사람 - 길가장자리구역통행중,안전운전불이행,건조,맑음,단일로 - 기타,기타불명,기타불명,기타불명,기타불명,보행자,여,21세,중상
2014060600100616,2014년 6월 6일 23시,금요일,충청북도 제천시 청전동,경상사고,0,0,2,0,차대차 - 기타,직진우회전진행방해,건조,맑음,교차로 - 교차로안,승용,남,55세,상해없음,승용,남,48세,경상
2014060700100085,2014년 6월 7일 06시,토요일,충청북도 영동군 영동읍,경상사고,0,0,1,0,차대차 - 기타,직진우회전진행방해,건조,맑음,교차로 - 교차로부근,화물,남,60세,상해없음,원동기,남,29세,경상
2014060700100086,2014년 6월 7일 06시,토요일,충청북도 청주시 흥덕구 송절동,경상사고,0,0,1,0,차대차 - 추돌 - 주정차중,안전운전불이행,건조,맑음,교차로 - 교차로부근,승용,여,63세,상해없음,승용,남,56세,경상
2014060700100087,2014년 6월 7일 06시,토요일,충청북도 청주시 서원구 장암동,중상사고,0,1,0,0,차량단독 - 기타,안전운전불이행,건조,맑음,단일로 - 기타,승합,남,59세,상해없음,,,,
2014060700100105,2014년 6월 7일 07시,토요일,충청북도 청주시 상당구 용암동,경상사고,0,0,2,0,차대차 - 기타,중앙선침범,건조,맑음,단일로 - 기타,화물,남,56세,상해없음,승용,여,46세,경상
2014060700100145,2014년 6월 7일 09시,토요일,충청북도 청주시 상당구 금천동,경상사고,0,0,2,0,차대차 - 기타,안전운전불이행,건조,맑음,기타 - 기타,승용,남,60세,상해없음,승용,여,28세,경상
2014060700100146,2014년 6월 7일 09시,토요일,충청북도 보은군 삼승면,경상사고,0,0,1,0,차대차 - 측면직각충돌,안전운전불이행,건조,맑음,단일로 - 기타,승용,남,44세,상해없음,승용,여,58세,경상
2014060700100147,2014년 6월 7일 09시,토요일,충청북도 청주시 상당구 용암동,사망사고,1,0,0,0,차대사람 - 기타,중앙선침범,건조,맑음,단일로 - 기타,승용,남,57세,상해없음,보행자,남,55세,사망
2014060700100148,2014년 6월 7일 09시,토요일,충청북도 청주시 서원구 수곡동,경상사고,0,0,1,0,차대차 - 기타,안전운전불이행,건조,맑음,교차로 - 교차로안,승합,여,54세,상해없음,승용,남,63세,경상
2014060700100238,2014년 6월 7일 12시,토요일,충청북도 보은군 보은읍,경상사고,0,0,1,0,차대차 - 추돌 - 진행중,안전운전불이행,건조,맑음,교차로 - 교차로부근,원동기,남,75세,경상,승용,남,49세,상해없음
2014060700100275,2014년 6월 7일 13시,토요일,충청북도 제천시 천남동,경상사고,0,0,4,0,차대차 - 추돌 - 주정차중,안전운전불이행,건조,맑음,교차로 - 교차로부근,승용,남,48세,상해없음,승용,남,44세,상해없음
2014060700100311,2014년 6월 7일 14시,토요일,충청북도 음성군 대소면,경상사고,0,0,2,0,차대차 - 추돌 - 진행중,안전거리미확보,건조,맑음,교차로 - 교차로안,화물,남,51세,경상,승합,남,31세,상해없음
2014060700100351,2014년 6월 7일 15시,토요일,충청북도 진천군 진천읍,중상사고,0,1,1,0,차대차 - 측면직각충돌,안전운전불이행,건조,맑음,단일로 - 기타,승용,남,77세,경상,승용,남,44세,상해없음
2014060700100352,2014년 6월 7일 15시,토요일,충청북도 청주시 서원구 수곡동,경상사고,0,0,1,0,차대사람 - 기타,신호위반,건조,맑음,교차로 - 교차로안,승합,남,40세,상해없음,보행자,여,6세,경상
2014060700100397,2014년 6월 7일 16시,토요일,충청북도 제천시 고명동,경상사고,0,0,1,0,차대차 - 기타,안전거리미확보,건조,맑음,교차로 - 교차로부근,화물,남,45세,상해없음,승용,여,37세,경상
2014060700100398,2014년 6월 7일 16시,토요일,충청북도 음성군 대소면,경상사고,0,0,1,0,차량단독 - 기타,안전운전불이행,건조,맑음,단일로 - 기타,원동기,남,65세,경상,,,,
2014060700100434,2014년 6월 7일 17시,토요일,충청북도 청주시 상당구 문화동,중상사고,0,2,9,0,차대차 - 기타,안전운전불이행,건조,맑음,교차로 - 교차로안,승용,남,23세,상해없음,승합,남,51세,상해없음
2014060700100477,2014년 6월 7일 18시,토요일,충청북도 청주시 서원구 사창동,경상사고,0,0,1,0,차대차 - 측면직각충돌,안전운전불이행,건조,맑음,단일로 - 기타,이륜,남,19세,경상,승용,남,48세,상해없음
2014060700100507,2014년 6월 7일 19시,토요일,충청북도 충주시 중앙탑면,경상사고,0,0,1,0,차량단독 - 공작물충돌,안전운전불이행,건조,맑음,단일로 - 기타,승용,남,22세,경상,,,,
2014060700100575,2014년 6월 7일 21시,토요일,충청북도 청주시 청원구 내수읍,중상사고,0,1,0,0,차량단독 - 공작물충돌,안전운전불이행,건조,맑음,교차로 - 교차로안,승용,남,38세,중상,,,,
2014060700100576,2014년 6월 7일 21시,토요일,충청북도 충주시 금릉동,중상사고,0,1,0,0,차대사람 - 횡단중,안전운전불이행,건조,맑음,단일로 - 기타,화물,남,55세,상해없음,보행자,여,61세,중상
2014060700100577,2014년 6월 7일 21시,토요일,충청북도 옥천군 안남면,경상사고,0,0,1,0,차대사람 - 기타,안전운전불이행,건조,맑음,단일로 - 기타,기타불명,기타불명,기타불명,기타불명,보행자,남,29세,경상
2014060700100578,2014년 6월 7일 21시,토요일,충청북도 진천군 이월면,경상사고,0,0,4,0,차대차 - 추돌 - 주정차중,안전운전불이행,건조,맑음,단일로 - 기타,승용,남,50세,상해없음,승용,여,44세,경상
2014060700100609,2014년 6월 7일 22시,토요일,충청북도 청주시 서원구 사직동,경상사고,0,0,2,0,차대차 - 기타,안전운전불이행,건조,맑음,단일로 - 기타,원동기,남,41세,경상,승용,남,26세,경상
2014060700100646,2014년 6월 7일 23시,토요일,충청북도 충주시 산척면,경상사고,0,0,4,0,차대차 - 추돌 - 주정차중,안전운전불이행,건조,맑음,단일로 - 기타,승용,남,51세,상해없음,승합,남,40세,경상
2014060700100647,2014년 6월 7일 23시,토요일,충청북도 제천시 한수면,중상사고,0,1,0,0,차량단독 - 공작물충돌,안전운전불이행,건조,맑음,단일로 - 기타,승용,남,49세,중상,,,,
2014060800100010,2014년 6월 8일 00시,일요일,충청북도 괴산군 연풍면,중상사고,0,1,2,0,차대차 - 기타,안전거리미확보,건조,맑음,단일로 - 기타,화물,남,53세,상해없음,승용,여,26세,중상
2014060800100042,2014년 6월 8일 02시,일요일,충청북도 청주시 흥덕구 송절동,중상사고,0,1,1,0,차대차 - 측면직각충돌,교차로운행방법위반,건조,맑음,교차로 - 교차로안,승용,남,40세,중상,승용,남,24세,상해없음
2014060800100070,2014년 6월 8일 04시,일요일,충청북도 청주시 흥덕구 복대동,경상사고,0,0,1,0,차대차 - 추돌 - 주정차중,안전운전불이행,건조,맑음,단일로 - 기타,승용,남,29세,상해없음,승용,남,29세,경상
2014060800100071,2014년 6월 8일 04시,일요일,충청북도 청주시 흥덕구 옥산면,중상사고,0,1,0,0,차량단독 - 공작물충돌,안전운전불이행,건조,맑음,단일로 - 기타,승용,남,30세,중상,,,,
2014060800100082,2014년 6월 8일 05시,일요일,충청북도 괴산군 장연면,경상사고,0,0,2,0,차대차 - 기타,안전거리미확보,건조,맑음,단일로 - 기타,승용,남,51세,경상,승용,남,44세,경상
2014060800100098,2014년 6월 8일 07시,일요일,충청북도 음성군 맹동면,경상사고,0,0,2,0,차대차 - 기타,신호위반,건조,맑음,교차로 - 교차로안,승용,남,53세,경상,승용,남,44세,경상
2014060800100134,2014년 6월 8일 10시,일요일,충청북도 청주시 상당구 금천동,중상사고,0,4,7,0,차대차 - 기타,신호위반,건조,맑음,교차로 - 교차로안,승합,남,52세,상해없음,승용,남,35세,경상
2014060800100159,2014년 6월 8일 11시,일요일,충청북도 충주시 교현동,부상신고사고,0,0,0,1,차대차 - 기타,안전운전불이행,건조,맑음,단일로 - 기타,원동기,남,49세,부상신고,승용,남,46세,상해없음
2014060800100160,2014년 6월 8일 11시,일요일,충청북도 충주시 살미면,중상사고,0,1,4,0,차대차 - 정면충돌,교차로운행방법위반,건조,맑음,교차로 - 교차로안,승용,남,30세,경상,승용,남,43세,중상
2014060800100161,2014년 6월 8일 11시,일요일,충청북도 음성군 감곡면,중상사고,0,1,4,0,차대차 - 기타,신호위반,건조,맑음,교차로 - 교차로안,승용,남,42세,경상,승용,여,54세,중상
2014060800100209,2014년 6월 8일 13시,일요일,충청북도 청주시 상당구 영운동,중상사고,0,1,0,0,차대사람 - 횡단중,안전운전불이행,건조,맑음,교차로 - 교차로부근,승용,남,49세,상해없음,보행자,여,55세,중상
2014060800100232,2014년 6월 8일 14시,일요일,충청북도 진천군 이월면,경상사고,0,0,2,0,차량단독 - 기타,안전운전불이행,건조,맑음,단일로 - 기타,승용,남,27세,상해없음,,,,
2014060800100233,2014년 6월 8일 14시,일요일,충청북도 음성군 삼성면,경상사고,0,0,1,0,차대차 - 추돌 - 진행중,안전운전불이행,건조,맑음,단일로 - 기타,승용,남,57세,상해없음,승용,남,38세,경상
2014060800100285,2014년 6월 8일 16시,일요일,충청북도 제천시 고암동,중상사고,0,4,1,1,차대차 - 기타,중앙선침범,건조,맑음,단일로 - 기타,승용,여,28세,부상신고,승용,남,48세,중상
2014060800100286,2014년 6월 8일 16시,일요일,충청북도 청주시 상당구 미원면,경상사고,0,0,1,0,차대차 - 측면직각충돌,기타,건조,맑음,단일로 - 기타,기타불명,기타불명,기타불명,기타불명,승용,여,37세,경상
2014060800100321,2014년 6월 8일 17시,일요일,충청북도 제천시 두학동,중상사고,0,1,0,0,차대사람 - 기타,안전운전불이행,건조,맑음,단일로 - 기타,승용,여,45세,상해없음,보행자,여,5세,중상
2014060800100322,2014년 6월 8일 17시,일요일,충청북도 청주시 서원구 사창동,경상사고,0,0,1,0,차대차 - 측면직각충돌,안전운전불이행,건조,맑음,교차로 - 교차로안,이륜,남,53세,경상,승용,여,24세,상해없음
2014060800100353,2014년 6월 8일 18시,일요일,충청북도 영동군 영동읍,경상사고,0,0,3,0,차대차 - 기타,중앙선침범,건조,맑음,교차로 - 교차로부근,승용,남,58세,경상,승용,남,52세,경상
2014060800100373,2014년 6월 8일 19시,일요일,충청북도 청주시 청원구 오창읍,경상사고,0,0,2,0,차대차 - 측면직각충돌,안전운전불이행,건조,맑음,단일로 - 기타,승용,남,46세,상해없음,승용,남,33세,경상
2014060800100374,2014년 6월 8일 19시,일요일,충청북도 충주시 목행동,경상사고,0,0,1,0,차대차 - 기타,안전운전불이행,건조,맑음,교차로 - 교차로부근,화물,남,36세,상해없음,원동기,남,16세,경상
2014060800100375,2014년 6월 8일 19시,일요일,충청북도 제천시 중앙로2가,경상사고,0,0,4,0,차대차 - 기타,안전운전불이행,건조,맑음,단일로 - 기타,화물,남,51세,상해없음,승용,남,47세,경상
2014060800100376,2014년 6월 8일 19시,일요일,충청북도 제천시 교동,경상사고,0,0,2,0,차대차 - 기타,신호위반,건조,맑음,교차로 - 교차로안,승용,남,28세,경상,원동기,남,17세,경상
2014060800100406,2014년 6월 8일 20시,일요일,충청북도 증평군 증평읍,부상신고사고,0,0,0,1,차량단독 - 공작물충돌,안전운전불이행,건조,맑음,단일로 - 기타,승용,남,42세,부상신고,,,,
2014060800100465,2014년 6월 8일 23시,일요일,충청북도 청주시 흥덕구 강서동,경상사고,0,0,2,0,차대차 - 측면직각충돌,안전운전불이행,건조,맑음,단일로 - 기타,승용,남,18세,경상,승용,남,59세,경상
2014060900100009,2014년 6월 9일 00시,월요일,충청북도 청주시 흥덕구 운천동,사망사고,1,0,0,0,차대사람 - 횡단중,신호위반,건조,맑음,교차로 - 교차로부근,승용,남,32세,상해없음,보행자,여,53세,사망
2014060900100035,2014년 6월 9일 05시,월요일,충청북도 진천군 진천읍,중상사고,0,1,0,0,차대차 - 정면충돌,안전운전불이행,건조,맑음,단일로 - 기타,승용,남,50세,상해없음,농기계,남,69세,중상
2014060900100078,2014년 6월 9일 07시,월요일,충청북도 청주시 상당구 지북동,경상사고,0,0,1,0,차대차 - 추돌 - 진행중,안전운전불이행,건조,맑음,교차로 - 교차로부근,승용,남,32세,상해없음,승용,여,35세,경상