사고번호,사고일시,요일,시군구,사고내용,사망자수,중상자수,경상자수,부상신고자수,사고유형,법규위반,노면상태,기상상태,도로형태,가해운전자 차종,가해운전자 성별,가해운전자 연령,가해운전자 상해정도,피해운전자 차종,피해운전자 성별,피해운전자 연령,피해운전자 상해정도
2014060900100101,2014년 6월 9일 08시,월요일,충청북도 음성군 음성읍,중상사고,0,1,0,0,차대차 - 기타,교차로운행방법위반,건조,맑음,교차로 - 교차로안,승용,여,35세,상해없음,자전거,남,51세,중상
2014060900100168,2014년 6월 9일 10시,월요일,충청북도 청주시 상당구 영동,중상사고,0,1,0,0,차대차 - 기타,신호위반,건조,맑음,교차로 - 교차로부근,자전거,남,69세,중상,승용,남,71세,상해없음
2014060900100191,2014년 6월 9일 11시,월요일,충청북도 청주시 서원구 남이면,중상사고,0,1,1,0,차대차 - 기타,안전거리미확보,건조,맑음,교차로 - 교차로부근,승용,여,51세,상해없음,화물,남,43세,경상
2014060900100216,2014년 6월 9일 12시,월요일,충청북도 청주시 상당구 문의면,중상사고,0,2,0,0,차대차 - 측면직각충돌,안전운전불이행,건조,맑음,단일로 - 기타,이륜,남,79세,상해없음,이륜,남,81세,중상
2014060900100244,2014년 6월 9일 13시,월요일,충청북도 청주시 흥덕구 복대동,경상사고,0,0,2,0,차대차 - 측면직각충돌,신호위반,건조,맑음,교차로 - 교차로안,승용,남,54세,상해없음,승용,남,51세,경상
2014060900100272,2014년 6월 9일 14시,월요일,충청북도 청주시 상당구 서운동,중상사고,0,1,0,0,차대사람 - 기타,안전운전불이행,건조,맑음,단일로 - 기타,승용,여,53세,상해없음,보행자,남,65세,중상
2014060900100273,2014년 6월 9일 14시,월요일,충청북도 청주시 서원구 분평동,중상사고,0,1,0,0,차대차 - 추돌 - 진행중,안전운전불이행,건조,맑음,단일로 - 기타,승용,남,52세,상해없음,승용,남,38세,중상
2014060900100310,2014년 6월 9일 15시,월요일,충청북도 제천시 영천동,경상사고,0,0,1,0,차대차 - 기타,안전거리미확보,건조,맑음,단일로 - 기타,화물,남,48세,상해없음,화물,남,35세,경상
2014060900100311,2014년 6월 9일 15시,월요일,충청북도 청주시 서원구 사직동,사망사고,1,0,1,0,차대차 - 측면직각충돌,교차로운행방법위반,건조,맑음,단일로 - 기타,원동기,남,55세,사망,승용,남,46세,상해없음
2014060900100355,2014년 6월 9일 16시,월요일,충청북도 청주시 흥덕구 봉명동,경상사고,0,0,1,0,차대차 - 추돌 - 진행중,안전운전불이행,건조,맑음,단일로 - 기타,승용,남,42세,상해없음,자전거,남,14세,경상
2014060900100356,2014년 6월 9일 16시,월요일,충청북도 청주시 서원구 산남동,경상사고,0,0,1,0,차대차 - 기타,안전운전불이행,건조,흐림,기타 - 기타,승용,여,45세,상해없음,승용,여,54세,경상
2014060900100401,2014년 6월 9일 17시,월요일,충청북도 청주시 상당구 북문로2가동,경상사고,0,0,1,0,차대차 - 기타,기타,습기,비,단일로 - 기타,승용,남,63세,상해없음,승용,여,55세,경상
2014060900100490,2014년 6월 9일 19시,월요일,충청북도 청주시 청원구 사천동,중상사고,0,1,1,0,차대차 - 기타,교차로운행방법위반,건조,맑음,교차로 - 교차로안,승용,남,48세,상해없음,승합,남,63세,중상
2014060900100491,2014년 6월 9일 19시,월요일,충청북도 제천시 송학면,중상사고,0,3,0,0,차대차 - 기타,안전거리미확보,습기,비,단일로 - 기타,승용,남,42세,상해없음,승용,남,31세,중상
2014060900100492,2014년 6월 9일 19시,월요일,충청북도 진천군 진천읍,경상사고,0,0,1,0,차대사람 - 기타,안전운전불이행,건조,맑음,단일로 - 기타,화물,남,65세,상해없음,보행자,남,39세,경상
2014060900100561,2014년 6월 9일 21시,월요일,충청북도 청주시 청원구 오창읍,경상사고,0,0,1,0,차대차 - 정면충돌,신호위반,습기,흐림,교차로 - 교차로안,승용,여,66세,경상,승용,남,59세,상해없음
2014060900100562,2014년 6월 9일 21시,월요일,충청북도 충주시 칠금동,중상사고,0,1,0,0,차대차 - 추돌 - 주정차중,안전운전불이행,건조,맑음,단일로 - 기타,승용,남,58세,상해없음,승용,남,46세,상해없음
2014060900100563,2014년 6월 9일 21시,월요일,충청북도 청주시 서원구 산남동,경상사고,0,0,1,0,차대사람 - 기타,안전운전불이행,건조,맑음,단일로 - 기타,승용,여,48세,기타불명,보행자,여,14세,경상
2014060900100620,2014년 6월 9일 23시,월요일,충청북도 청주시 흥덕구 신봉동,경상사고,0,0,1,0,차대사람 - 기타,안전운전불이행,건조,맑음,교차로 - 교차로안,승용,여,45세,상해없음,보행자,여,55세,경상
2014060900100621,2014년 6월 9일 23시,월요일,충청북도 청주시 흥덕구 복대동,중상사고,0,1,0,0,차대사람 - 기타,안전운전불이행,건조,맑음,단일로 - 기타,기타불명,기타불명,기타불명,기타불명,보행자,남,41세,중상
2014061000100052,2014년 6월 10일 04시,화요일,충청북도 청주시 청원구 내수읍,경상사고,0,0,2,0,차대차 - 기타,안전운전불이행,건조,맑음,단일로 - 기타,승용,남,18세,상해없음,화물,남,47세,기타불명
2014061000100053,2014년 6월 10일 04시,화요일,충청북도 진천군 이월면,중상사고,0,1,1,0,차대차 - 추돌 - 진행중,과속,건조,맑음,단일로 - 기타,승용,남,29세,상해없음,화물,남,40세,상해없음
2014061000100057,2014년 6월 10일 05시,화요일,충청북도 보은군 보은읍,중상사고,0,1,1,0,차대차 - 측면직각충돌,교차로운행방법위반,건조,맑음,교차로 - 교차로안,화물,여,56세,중상,승용,여,41세,경상
2014061000100058,2014년 6월 10일 05시,화요일,충청북도 진천군 초평면,경상사고,0,0,1,0,차대차 - 추돌 - 진행중,안전운전불이행,건조,맑음,단일로 - 기타,승용,여,33세,상해없음,화물,남,50세,상해없음
2014061000100059,2014년 6월 10일 05시,화요일,충청북도 진천군 이월면,경상사고,0,0,1,0,차대차 - 측면직각충돌,안전운전불이행,건조,맑음,단일로 - 기타,승용,여,42세,상해없음,승용,여,52세,경상
2014061000100151,2014년 6월 10일 09시,화요일,충청북도 충주시 봉방동,중상사고,0,1,0,0,차대사람 - 횡단중,안전운전불이행,건조,맑음,단일로 - 기타,승용,여,46세,상해없음,보행자,남,49세,중상
2014061000100152,2014년 6월 10일 09시,화요일,충청북도 제천시 중앙로2가,경상사고,0,0,1,0,차대사람 - 기타,보행자보호의무위반,건조,맑음,단일로 - 횡단보도상,화물,남,44세,상해없음,보행자,여,61세,경상
2014061000100205,2014년 6월 10일 11시,화요일,충청북도 청주시 청원구 내덕동,경상사고,0,0,1,0,차대차 - 측면직각충돌,안전운전불이행,건조,맑음,교차로 - 교차로안,화물,남,58세,상해없음,원동기,남,36세,경상
2014061000100206,2014년 6월 10일 11시,화요일,충청북도 제천시 봉양읍,경상사고,0,0,1,0,차대차 - 측면직각충돌,안전거리미확보,건조,맑음,단일로 - 기타,화물,남,66세,경상,특수,남,49세,상해없음
2014061000100207,2014년 6월 10일 11시,화요일,충청북도 청주시 흥덕구 운천동,중상사고,0,1,0,0,차대사람 - 차도통행중,안전운전불이행,건조,맑음,단일로 - 횡단보도부근,건설기계,남,52세,상해없음,보행자,여,84세,중상
2014061000100237,2014년 6월 10일 12시,화요일,충청북도 괴산군 괴산읍,경상사고,0,0,1,0,차대차 - 정면충돌,중앙선침범,건조,맑음,교차로 - 교차로부근,이륜,남,82세,경상,승용,여,61세,상해없음
2014061000100269,2014년 6월 10일 13시,화요일,충청북도 청주시 청원구 우암동,중상사고,0,1,0,0,차대차 - 측면직각충돌,교차로운행방법위반,건조,맑음,교차로 - 교차로안,승용,남,57세,상해없음,원동기,남,22세,중상
2014061000100270,2014년 6월 10일 13시,화요일,충청북도 청주시 상당구 북문로1가동,경상사고,0,0,1,0,차대사람 - 기타,안전운전불이행,건조,맑음,단일로 - 기타,원동기,남,18세,상해없음,보행자,여,20세,경상
2014061000100271,2014년 6월 10일 13시,화요일,충청북도 제천시 서부동,중상사고,0,1,0,0,차대차 - 기타,안전운전불이행,건조,맑음,교차로 - 교차로부근,기타불명,기타불명,기타불명,기타불명,자전거,남,61세,중상
2014061000100296,2014년 6월 10일 14시,화요일,충청북도 제천시 명동,중상사고,0,1,2,0,차대차 - 기타,안전운전불이행,건조,맑음,단일로 - 기타,승합,남,68세,상해없음,화물,남,30세,중상
2014061000100328,2014년 6월 10일 15시,화요일,충청북도 충주시 지현동,중상사고,0,1,0,0,차대차 - 추돌 - 진행중,직진우회전진행방해,건조,맑음,교차로 - 교차로안,원동기,남,73세,중상,승용,남,51세,상해없음
2014061000100360,2014년 6월 10일 16시,화요일,충청북도 제천시 대랑동,부상신고사고,0,0,0,1,차량단독 - 공작물충돌,안전운전불이행,습기,비,단일로 - 기타,화물,남,53세,부상신고,,,,
2014061000100361,2014년 6월 10일 16시,화요일,충청북도 청주시 흥덕구 봉명동,중상사고,0,1,1,0,차대차 - 측면직각충돌,교차로운행방법위반,건조,맑음,교차로 - 교차로안,승용,남,29세,경상,이륜,남,51세,중상
2014061000100402,2014년 6월 10일 17시,화요일,충청북도 청주시 청원구 내덕동,중상사고,0,1,0,0,차대사람 - 기타,보행자보호의무위반,건조,맑음,단일로 - 횡단보도상,승용,여,33세,상해없음,보행자,여,65세,중상
2014061000100403,2014년 6월 10일 17시,화요일,충청북도 충주시 교현동,경상사고,0,0,1,0,차대차 - 추돌 - 진행중,교차로운행방법위반,건조,맑음,교차로 - 교차로부근,화물,남,43세,상해없음,승용,남,41세,경상
2014061000100404,2014년 6월 10일 17시,화요일,충청북도 제천시 금성면,중상사고,0,2,1,0,차대차 - 기타,중앙선침범,습기,비,단일로 - 기타,승용,여,52세,상해없음,승합,여,51세,중상
2014061000100405,2014년 6월 10일 17시,화요일,충청북도 괴산군 장연면,부상신고사고,0,0,0,1,차대차 - 측면직각충돌,직진우회전진행방해,건조,맑음,교차로 - 교차로안,농기계,남,74세,부상신고,승용,남,69세,상해없음
2014061000100406,2014년 6월 10일 17시,화요일,충청북도 진천군 덕산면,중상사고,0,1,0,0,차대차 - 측면직각충돌,안전운전불이행,건조,맑음,단일로 - 기타,승합,남,35세,상해없음,이륜,남,57세,중상
2014061000100486,2014년 6월 10일 19시,화요일,충청북도 충주시 금릉동,부상신고사고,0,0,0,1,차대차 - 추돌 - 진행중,안전운전불이행,건조,맑음,단일로 - 기타,원동기,남,44세,부상신고,승용,여,30세,상해없음
2014061000100518,2014년 6월 10일 20시,화요일,충청북도 청주시 상당구 용암동,중상사고,0,1,0,0,차대사람 - 기타,안전운전불이행,건조,맑음,교차로 - 교차로부근,승용,남,30세,상해없음,보행자,남,25세,중상
2014061000100622,2014년 6월 10일 22시,화요일,충청북도 청주시 상당구 석교동,경상사고,0,0,2,0,차대사람 - 횡단중,안전운전불이행,습기,비,단일로 - 기타,승용,남,41세,상해없음,보행자,남,45세,경상
2014061000100623,2014년 6월 10일 22시,화요일,충청북도 청주시 상당구 남주동,중상사고,0,1,0,0,차대차 - 기타,중앙선침범,습기,비,단일로 - 기타,자전거,남,15세,중상,자전거,남,36세,상해없음
2014061000100662,2014년 6월 10일 23시,화요일,충청북도 청주시 흥덕구 복대동,경상사고,0,0,3,0,차대차 - 추돌 - 주정차중,안전운전불이행,습기,맑음,단일로 - 기타,승용,남,22세,상해없음,승용,여,31세,상해없음
2014061000100663,2014년 6월 10일 23시,화요일,충청북도 청주시 서원구 수곡동,경상사고,0,0,1,0,차대차 - 측면직각충돌,안전운전불이행,습기,비,교차로 - 교차로안,승용,남,66세,상해없음,승용,여,33세,경상
2014061100100011,2014년 6월 11일 00시,수요일,충청북도 청주시 청원구 오동동,중상사고,0,2,0,0,차량단독 - 공작물충돌,과속,습기,비,단일로 - 기타,승용,남,63세,중상,,,,
2014061100100073,2014년 6월 11일 04시,수요일,충청북도 제천시 명동,중상사고,0,1,0,0,차대차 - 기타,신호위반,습기,비,교차로 - 교차로안,승용,남,42세,상해없음,승용,여,45세,중상
2014061100100074,2014년 6월 11일 04시,수요일,충청북도 청주시 서원구 수곡동,경상사고,0,0,1,0,차대차 - 기타,안전운전불이행,건조,맑음,교차로 - 교차로안,기타불명,기타불명,기타불명,기타불명,승용,여,44세,경상
2014061100100100,2014년 6월 11일 06시,수요일,충청북도 청주시 청원구 내덕동,중상사고,0,1,0,0,차량단독 - 전도전복,안전운전불이행,습기,흐림,단일로 - 기타,원동기,남,25세,중상,,,,
2014061100100101,2014년 6월 11일 06시,수요일,충청북도 청주시 흥덕구 지동동,중상사고,0,1,0,0,차대차 - 추돌 - 주정차중,안전운전불이행,습기,맑음,교차로 - 교차로부근,건설기계,남,37세,상해없음,승용,남,33세,중상
2014061100100120,2014년 6월 11일 07시,수요일,충청북도 청주시 흥덕구 강내면,중상사고,0,1,0,0,차대차 - 추돌 - 진행중,신호위반,건조,맑음,교차로 - 교차로안,건설기계,남,55세,상해없음,승용,남,50세,중상
2014061100100153,2014년 6월 11일 08시,수요일,충청북도 청주시 청원구 오창읍,중상사고,0,1,0,0,차대사람 - 기타,안전운전불이행,건조,맑음,단일로 - 기타,승용,남,35세,상해없음,보행자,남,59세,중상
2014061100100154,2014년 6월 11일 08시,수요일,충청북도 충주시 용관동,경상사고,0,0,1,0,차대차 - 추돌 - 진행중,안전운전불이행,건조,맑음,단일로 - 기타,승합,남,52세,상해없음,승용,여,52세,경상
2014061100100155,2014년 6월 11일 08시,수요일,충청북도 청주시 흥덕구 강내면,경상사고,0,0,1,0,차대차 - 측면직각충돌,안전거리미확보,건조,맑음,단일로 - 기타,승용,남,47세,상해없음,승용,남,32세,경상
2014061100100184,2014년 6월 11일 09시,수요일,충청북도 청주시 상당구 금천동,경상사고,0,0,1,0,차대차 - 기타,신호위반,건조,맑음,교차로 - 교차로안,승용,남,59세,상해없음,승용,여,34세,경상
2014061100100185,2014년 6월 11일 09시,수요일,충청북도 청주시 청원구 북이면,중상사고,0,1,0,0,차대차 - 기타,안전운전불이행,건조,맑음,단일로 - 기타,승용,여,56세,상해없음,승용,여,46세,중상
2014061100100186,2014년 6월 11일 09시,수요일,충청북도 청주시 청원구 내수읍,중상사고,0,1,0,0,차대차 - 측면직각충돌,교차로운행방법위반,건조,맑음,교차로 - 교차로안,원동기,남,76세,중상,승용,여,41세,상해없음
2014061100100232,2014년 6월 11일 11시,수요일,충청북도 청주시 상당구 석교동,경상사고,0,0,1,0,차대차 - 기타,신호위반,건조,맑음,교차로 - 교차로안,승용,여,35세,상해없음,승용,남,59세,상해없음
2014061100100233,2014년 6월 11일 11시,수요일,충청북도 옥천군 동이면,중상사고,0,1,1,0,차대차 - 측면직각충돌,안전운전불이행,건조,맑음,단일로 - 기타,승용,여,61세,중상,승용,여,48세,경상
2014061100100234,2014년 6월 11일 11시,수요일,충청북도 청주시 흥덕구 가경동,부상신고사고,0,0,0,1,차대차 - 추돌 - 주정차중,기타,건조,맑음,교차로 - 교차로부근,자전거,남,6세,부상신고,기타불명,기타불명,기타불명,기타불명
2014061100100292,2014년 6월 11일 13시,수요일,충청북도 청주시 상당구 가덕면,경상사고,0,0,1,0,차대차 - 측면직각충돌,안전운전불이행,건조,맑음,단일로 - 기타,승용,남,18세,상해없음,화물,남,52세,기타불명
2014061100100334,2014년 6월 11일 15시,수요일,충청북도 청주시 청원구 오창읍,중상사고,0,1,1,0,차대차 - 측면직각충돌,안전운전불이행,건조,맑음,교차로 - 교차로안,화물,남,44세,상해없음,승용,남,69세,중상
2014061100100375,2014년 6월 11일 16시,수요일,충청북도 청주시 청원구 우암동,경상사고,0,0,2,0,차대차 - 기타,안전운전불이행,건조,맑음,단일로 - 기타,승용,여,19세,상해없음,승용,여,48세,경상
2014061100100376,2014년 6월 11일 16시,수요일,충청북도 청주시 흥덕구 가경동,중상사고,0,1,0,0,차대사람 - 기타,안전운전불이행,건조,맑음,단일로 - 기타,승용,여,45세,상해없음,보행자,남,12세,중상
2014061100100377,2014년 6월 11일 16시,수요일,충청북도 청주시 서원구 남이면,경상사고,0,0,1,0,차대차 - 측면직각충돌,안전거리미확보,건조,맑음,교차로 - 교차로부근,승용,남,57세,상해없음,승용,여,48세,경상
2014061100100378,2014년 6월 11일 16시,수요일,충청북도 청주시 서원구 분평동,중상사고,0,1,2,0,차대차 - 측면직각충돌,교차로운행방법위반,건조,맑음,교차로 - 교차로안,승합,남,35세,경상,승합,여,39세,중상
2014061100100415,2014년 6월 11일 17시,수요일,충청북도 영동군 황간면,중상사고,0,1,1,0,차대차 - 기타,안전거리미확보,건조,맑음,단일로 - 기타,화물,남,53세,상해없음,승용,남,29세,중상
2014061100100445,2014년 6월 11일 18시,수요일,충청북도 청주시 상당구 석교동,경상사고,0,0,1,0,차대사람 - 기타,신호위반,건조,맑음,단일로 - 기타,승용,남,68세,상해없음,보행자,여,17세,경상
2014061100100479,2014년 6월 11일 19시,수요일,충청북도 제천시 의림동,경상사고,0,0,1,0,차대사람 - 횡단중,보행자보호의무위반,건조,맑음,단일로 - 횡단보도상,승용,여,41세,상해없음,보행자,남,76세,경상
2014061100100518,2014년 6월 11일 20시,수요일,충청북도 제천시 봉양읍,중상사고,0,1,3,0,차대차 - 추돌 - 주정차중,안전운전불이행,건조,맑음,교차로 - 교차로부근,화물,남,35세,상해없음,화물,남,46세,경상
2014061100100519,2014년 6월 11일 20시,수요일,충청북도 청주시 흥덕구 복대동,경상사고,0,0,1,0,차대차 - 측면직각충돌,안전운전불이행,건조,맑음,교차로 - 교차로안,승용,남,36세,상해없음,승용,여,52세,경상
2014061100100520,2014년 6월 11일 20시,수요일,충청북도 청주시 서원구 분평동,중상사고,0,1,0,0,차대차 - 측면직각충돌,교차로운행방법위반,건조,맑음,교차로 - 교차로안,화물,남,44세,상해없음,자전거,여,58세,중상
2014061100100597,2014년 6월 11일 22시,수요일,충청북도 제천시 하소동,부상신고사고,0,0,0,1,차대차 - 기타,안전운전불이행,건조,맑음,단일로 - 기타,화물,여,46세,부상신고,특수,남,45세,상해없음
2014061100100622,2014년 6월 11일 23시,수요일,충청북도 청주시 흥덕구 가경동,중상사고,0,1,2,0,차대차 - 측면직각충돌,안전운전불이행,습기,비,교차로 - 교차로부근,승용,여,45세,상해없음,승용,남,52세,중상
2014061100100623,2014년 6월 11일 23시,수요일,충청북도 청주시 서원구 성화동,중상사고,0,1,1,0,차대차 - 측면직각충돌,안전운전불이행,습기,비,교차로 - 교차로부근,승용,남,31세,상해없음,승용,남,46세,경상
2014061100100624,2014년 6월 11일 23시,수요일,충청북도 청주시 흥덕구 복대동,경상사고,0,0,1,0,차대차 - 측면직각충돌,안전운전불이행,습기,비,교차로 - 교차로안,승용,여,42세,상해없음,자전거,여,17세,경상
2014061100100625,2014년 6월 11일 23시,수요일,충청북도 청주시 흥덕구 봉명동,경상사고,0,0,1,0,차대사람 - 횡단중,안전운전불이행,습기,비,단일로 - 횡단보도부근,승용,남,20세,상해없음,보행자,남,43세,경상
2014061200100020,2014년 6월 12일 00시,목요일,충청북도 청주시 흥덕구 봉명동,경상사고,0,0,2,0,차대차 - 측면직각충돌,안전운전불이행,습기,비,교차로 - 교차로부근,승용,남,38세,상해없음,승용,남,33세,경상
2014061200100050,2014년 6월 12일 02시,목요일,충청북도 청주시 서원구 개신동,중상사고,0,2,0,0,차대차 - 측면직각충돌,교차로운행방법위반,건조,흐림,교차로 - 교차로안,원동기,남,16세,중상,승용,남,37세,상해없음
2014061200100051,2014년 6월 12일 02시,목요일,충청북도 청주시 서원구 미평동,사망사고,1,0,0,0,차량단독 - 공작물충돌,안전운전불이행,습기,흐림,교차로 - 교차로부근,승용,남,26세,사망,,,,
2014061200100052,2014년 6월 12일 02시,목요일,충청북도 청주시 서원구 모충동,경상사고,0,0,1,0,차대차 - 측면직각충돌,안전운전불이행,건조,맑음,단일로 - 기타,승용,여,55세,상해없음,승용,여,51세,경상
2014061200100063,2014년 6월 12일 04시,목요일,충청북도 괴산군 연풍면,경상사고,0,0,2,0,차대차 - 기타,안전운전불이행,건조,맑음,단일로 - 터널,화물,남,53세,상해없음,승용,남,33세,경상
2014061200100118,2014년 6월 12일 08시,목요일,충청북도 청주시 청원구 율량동,경상사고,0,0,1,0,차대차 - 측면직각충돌,안전운전불이행,건조,맑음,교차로 - 교차로안,기타불명,기타불명,기타불명,기타불명,자전거,남,15세,경상
2014061200100119,2014년 6월 12일 08시,목요일,충청북도 증평군 증평읍,중상사고,0,1,0,0,차대차 - 측면직각충돌,안전운전불이행,건조,맑음,단일로 - 기타,승용,여,33세,상해없음,자전거,남,84세,중상
2014061200100120,2014년 6월 12일 08시,목요일,충청북도 증평군 증평읍,경상사고,0,0,1,0,차대차 - 측면직각충돌,안전운전불이행,건조,맑음,단일로 - 기타,승용,여,46세,상해없음,승용,남,35세,경상
2014061200100121,2014년 6월 12일 08시,목요일,충청북도 청주시 서원구 현도면,중상사고,0,1,0,0,차량단독 - 공작물충돌,안전운전불이행,건조,맑음,단일로 - 기타,승용,남,21세,상해없음,,,,
2014061200100155,2014년 6월 12일 09시,목요일,충청북도 청주시 청원구 우암동,경상사고,0,0,1,0,차대사람 - 기타,안전운전불이행,건조,흐림,단일로 - 기타,승용,남,30세,상해없음,보행자,남,77세,경상
2014061200100156,2014년 6월 12일 09시,목요일,충청북도 제천시 명동,경상사고,0,0,2,0,차대차 - 기타,신호위반,건조,맑음,교차로 - 교차로안,화물,남,27세,상해없음,승용,남,59세,경상
2014061200100218,2014년 6월 12일 11시,목요일,충청북도 청주시 청원구 율량동,중상사고,0,2,0,0,차대차 - 기타,신호위반,건조,맑음,교차로 - 교차로안,화물,남,48세,상해없음,승용,여,48세,중상
2014061200100270,2014년 6월 12일 13시,목요일,충청북도 제천시 중앙로2가,중상사고,0,1,0,0,차대차 - 기타,안전운전불이행,건조,흐림,교차로 - 교차로안,기타불명,기타불명,기타불명,기타불명,자전거,남,68세,중상
2014061200100271,2014년 6월 12일 13시,목요일,충청북도 청주시 상당구 지북동,경상사고,0,0,2,0,차대차 - 기타,안전운전불이행,건조,맑음,단일로 - 기타,승용,여,72세,상해없음,승용,여,37세,경상
2014061200100306,2014년 6월 12일 14시,목요일,충청북도 청주시 흥덕구 복대동,경상사고,0,0,2,0,차대차 - 측면직각충돌,안전운전불이행,건조,맑음,교차로 - 교차로안,승용,남,40세,상해없음,승용,남,30세,경상
2014061200100307,2014년 6월 12일 14시,목요일,충청북도 청주시 흥덕구 복대동,경상사고,0,0,1,0,차대차 - 측면직각충돌,차로위반,건조,맑음,단일로 - 기타,승합,남,57세,상해없음,화물,남,45세,경상
2014061200100327,2014년 6월 12일 15시,목요일,충청북도 청주시 상당구 영운동,부상신고사고,0,0,0,1,차대사람 - 기타,안전운전불이행,건조,맑음,단일로 - 기타,자전거,기타불명,기타불명,기타불명,보행자,여,11세,부상신고
2014061200100355,2014년 6월 12일 16시,목요일,충청북도 충주시 용산동,중상사고,0,1,0,0,차대차 - 측면직각충돌,안전운전불이행,건조,맑음,교차로 - 교차로부근,기타불명,기타불명,기타불명,기타불명,자전거,남,15세,중상
2014061200100356,2014년 6월 12일 16시,목요일,충청북도 옥천군 옥천읍,경상사고,0,0,2,0,차대차 - 추돌 - 주정차중,안전운전불이행,건조,맑음,교차로 - 교차로안,승용,남,66세,상해없음,승합,남,47세,경상
2014061200100357,2014년 6월 12일 16시,목요일,충청북도 청주시 서원구 사창동,경상사고,0,0,1,0,차대차 - 기타,안전운전불이행,건조,맑음,단일로 - 기타,승용,남,59세,상해없음,승용,남,37세,경상
2014061200100396,2014년 6월 12일 17시,목요일,충청북도 청주시 흥덕구 복대동,경상사고,0,0,1,0,차대사람 - 보도통행중,기타,건조,맑음,단일로 - 기타,자전거,남,38세,상해없음,보행자,여,45세,경상
2014061200100397,2014년 6월 12일 17시,목요일,충청북도 청주시 서원구 산남동,경상사고,0,0,1,0,차대차 - 기타,안전운전불이행,건조,맑음,단일로 - 기타,승용,여,52세,상해없음,자전거,남,6세,경상
2014061200100454,2014년 6월 12일 18시,목요일,충청북도 옥천군 청성면,사망사고,1,0,0,0,차대차 - 측면직각충돌,안전운전불이행,건조,맑음,교차로 - 교차로안,화물,남,72세,상해없음,이륜,남,54세,사망
2014061200100455,2014년 6월 12일 18시,목요일,충청북도 청주시 서원구 개신동,중상사고,0,3,8,0,차대차 - 추돌 - 주정차중,중앙선침범,건조,맑음,단일로 - 기타,승용,남,53세,상해없음,승용,여,41세,경상
2014061200100492,2014년 6월 12일 19시,목요일,충청북도 충주시 문화동,중상사고,0,1,0,0,차대차 - 측면직각충돌,직진우회전진행방해,건조,맑음,교차로 - 교차로안,승용,남,52세,상해없음,원동기,남,62세,중상
2014061200100493,2014년 6월 12일 19시,목요일,충청북도 영동군 학산면,경상사고,0,0,1,0,차대차 - 기타,안전운전불이행,건조,맑음,교차로 - 교차로안,화물,남,64세,상해없음,원동기,남,77세,경상
2014061200100494,2014년 6월 12일 19시,목요일,충청북도 청주시 흥덕구 복대동,경상사고,0,0,1,0,차대차 - 측면직각충돌,안전거리미확보,건조,맑음,단일로 - 기타,승용,여,69세,상해없음,승용,남,32세,경상
2014061200100534,2014년 6월 12일 20시,목요일,충청북도 청주시 청원구 오창읍,경상사고,0,0,1,0,차대차 - 추돌 - 주정차중,안전운전불이행,건조,맑음,단일로 - 기타,승용,남,53세,경상,화물,기타불명,기타불명,기타불명
2014061200100588,2014년 6월 12일 22시,목요일,충청북도 청주시 청원구 율량동,경상사고,0,0,3,0,차대차 - 기타,안전운전불이행,건조,맑음,교차로 - 교차로부근,화물,남,39세,상해없음,승용,여,38세,경상
2014061200100589,2014년 6월 12일 22시,목요일,충청북도 청주시 청원구 오창읍,중상사고,0,1,0,0,차량단독 - 공작물충돌,안전운전불이행,건조,맑음,단일로 - 기타,승용,남,24세,상해없음,,,,
2014061200100590,2014년 6월 12일 22시,목요일,충청북도 충주시 문화동,중상사고,0,1,0,0,차대차 - 측면직각충돌,신호위반,건조,맑음,교차로 - 교차로안,원동기,남,18세,중상,승용,여,43세,상해없음
2014061200100613,2014년 6월 12일 23시,목요일,충청북도 청주시 흥덕구 비하동,경상사고,0,0,5,0,차대차 - 측면직각충돌,안전거리미확보,건조,맑음,단일로 - 기타,승용,남,34세,상해없음,승용,남,51세,경상
2014061300100019,2014년 6월 13일 00시,금요일,충청북도 청주시 서원구 성화동,부상신고사고,0,0,0,1,차량단독 - 공작물충돌,안전운전불이행,건조,맑음,단일로 - 기타,승용,여,29세,부상신고,,,,
2014061300100102,2014년 6월 13일 07시,금요일,충청북도 제천시 고암동,중상사고,0,1,0,0,차대차 - 기타,신호위반,건조,맑음,교차로 - 교차로안,승용,남,53세,상해없음,승용,남,60세,중상
2014061300100103,2014년 6월 13일 07시,금요일,충청북도 제천시 신백동,중상사고,0,1,2,0,차대차 - 측면직각충돌,직진우회전진행방해,건조,맑음,교차로 - 교차로안,화물,여,43세,경상,승용,여,53세,중상
2014061300100124,2014년 6월 13일 08시,금요일,충청북도 제천시 하소동,경상사고,0,0,1,0,차대차 - 기타,안전운전불이행,건조,맑음,교차로 - 교차로부근,승용,여,44세,상해없음,승용,여,44세,경상
2014061300100211,2014년 6월 13일 11시,금요일,충청북도 괴산군 괴산읍,경상사고,0,0,1,0,차대차 - 측면직각충돌,중앙선침범,건조,맑음,교차로 - 교차로부근,승용,남,65세,상해없음,승용,남,53세,경상
2014061300100212,2014년 6월 13일 11시,금요일,충청북도 음성군 음성읍,경상사고,0,0,1,0,차대차 - 기타,교차로운행방법위반,건조,맑음,교차로 - 교차로부근,원동기,남,19세,경상,승용,남,56세,상해없음
2014061300100236,2014년 6월 13일 12시,금요일,충청북도 청주시 흥덕구 복대동,중상사고,0,1,0,0,차대사람 - 보도통행중,기타,습기,비,기타 - 기타,화물,남,28세,상해없음,보행자,여,56세,중상