사고번호,사고일시,요일,시군구,사고내용,사망자수,중상자수,경상자수,부상신고자수,사고유형,법규위반,노면상태,기상상태,도로형태,가해운전자 차종,가해운전자 성별,가해운전자 연령,가해운전자 상해정도,피해운전자 차종,피해운전자 성별,피해운전자 연령,피해운전자 상해정도
2014061800100321,2014년 6월 18일 14시,수요일,충청북도 청주시 서원구 사창동,경상사고,0,0,1,0,차대사람 - 횡단중,보행자보호의무위반,건조,맑음,단일로 - 기타,화물,남,26세,상해없음,보행자,남,10세,경상
2014061800100358,2014년 6월 18일 15시,수요일,충청북도 청주시 청원구 내수읍,중상사고,0,1,1,0,차대차 - 기타,교차로운행방법위반,건조,맑음,교차로 - 교차로안,화물,남,51세,중상,승용,남,46세,경상
2014061800100399,2014년 6월 18일 16시,수요일,충청북도 충주시 연수동,경상사고,0,0,4,1,차대차 - 추돌 - 진행중,안전운전불이행,건조,맑음,단일로 - 기타,승용,남,76세,상해없음,승합,남,52세,부상신고
2014061800100440,2014년 6월 18일 17시,수요일,충청북도 음성군 금왕읍,중상사고,0,1,0,0,차대차 - 기타,안전운전불이행,건조,맑음,단일로 - 기타,화물,남,54세,상해없음,화물,남,68세,중상
2014061800100488,2014년 6월 18일 18시,수요일,충청북도 충주시 연수동,경상사고,0,0,1,0,차대차 - 추돌 - 진행중,안전거리미확보,건조,맑음,기타 - 기타,승용,남,20세,상해없음,원동기,남,26세,경상
2014061800100489,2014년 6월 18일 18시,수요일,충청북도 청주시 서원구 모충동,경상사고,0,0,1,0,차대차 - 기타,안전운전불이행,건조,맑음,교차로 - 교차로부근,승합,남,49세,상해없음,원동기,남,30세,경상
2014061800100490,2014년 6월 18일 18시,수요일,충청북도 청주시 청원구 오창읍,경상사고,0,0,2,0,차대차 - 기타,안전거리미확보,건조,맑음,단일로 - 기타,기타불명,기타불명,기타불명,기타불명,승합,남,48세,경상
2014061800100526,2014년 6월 18일 19시,수요일,충청북도 청주시 서원구 사창동,경상사고,0,0,1,0,차대사람 - 기타,안전운전불이행,건조,맑음,단일로 - 기타,이륜,남,32세,상해없음,보행자,남,9세,경상
2014061800100555,2014년 6월 18일 20시,수요일,충청북도 충주시 연수동,중상사고,0,1,1,0,차대차 - 추돌 - 진행중,안전운전불이행,건조,맑음,교차로 - 교차로부근,승용,여,41세,상해없음,승용,남,50세,경상
2014061800100556,2014년 6월 18일 20시,수요일,충청북도 영동군 양산면,경상사고,0,0,2,0,차대차 - 기타,안전운전불이행,건조,맑음,단일로 - 기타,승용,남,37세,상해없음,농기계,남,77세,상해없음
2014061800100557,2014년 6월 18일 20시,수요일,충청북도 청주시 상당구 용담동,경상사고,0,0,1,0,차대차 - 기타,안전운전불이행,건조,기타,기타 - 기타,승용,남,58세,상해없음,자전거,여,40세,경상
2014061800100593,2014년 6월 18일 21시,수요일,충청북도 청주시 서원구 모충동,경상사고,0,0,2,0,차대차 - 추돌 - 진행중,안전운전불이행,건조,기타,단일로 - 기타,승용,남,49세,상해없음,승용,남,27세,경상
2014061900100013,2014년 6월 19일 00시,목요일,충청북도 제천시 동현동,중상사고,0,2,1,0,차대차 - 기타,신호위반,건조,맑음,교차로 - 교차로안,승용,남,34세,경상,승용,남,47세,중상
2014061900100049,2014년 6월 19일 03시,목요일,충청북도 청주시 상당구 영운동,경상사고,0,0,1,0,차량단독 - 공작물충돌,안전운전불이행,건조,맑음,단일로 - 기타,원동기,남,29세,경상,,,,
2014061900100101,2014년 6월 19일 07시,목요일,충청북도 충주시 교현동,중상사고,0,1,1,0,차대사람 - 길가장자리구역통행중,안전운전불이행,건조,맑음,단일로 - 기타,화물,남,28세,상해없음,보행자,남,10세,경상
2014061900100102,2014년 6월 19일 07시,목요일,충청북도 청주시 서원구 모충동,경상사고,0,0,2,0,차대차 - 기타,안전운전불이행,건조,맑음,교차로 - 교차로안,승합,남,54세,상해없음,승용,남,52세,경상
2014061900100132,2014년 6월 19일 08시,목요일,충청북도 청주시 청원구 사천동,중상사고,0,2,2,0,차대차 - 기타,안전운전불이행,건조,맑음,단일로 - 기타,승용,남,29세,상해없음,승용,남,50세,중상
2014061900100200,2014년 6월 19일 10시,목요일,충청북도 청주시 청원구 오창읍,경상사고,0,0,1,0,차대차 - 기타,안전운전불이행,건조,맑음,단일로 - 기타,자전거,남,54세,경상,화물,남,45세,기타불명
2014061900100226,2014년 6월 19일 11시,목요일,충청북도 청주시 청원구 내덕동,중상사고,0,1,0,0,차대차 - 측면직각충돌,안전운전불이행,건조,맑음,단일로 - 기타,승용,여,46세,상해없음,자전거,여,77세,중상
2014061900100227,2014년 6월 19일 11시,목요일,충청북도 청주시 흥덕구 봉명동,중상사고,0,1,0,0,차대차 - 추돌 - 진행중,안전운전불이행,건조,맑음,교차로 - 교차로안,승용,남,67세,상해없음,원동기,남,19세,중상
2014061900100270,2014년 6월 19일 13시,목요일,충청북도 청주시 상당구 서문동,경상사고,0,0,1,0,차대차 - 측면직각충돌,중앙선침범,건조,맑음,교차로 - 교차로부근,승용,남,47세,상해없음,승용,여,33세,경상
2014061900100271,2014년 6월 19일 13시,목요일,충청북도 제천시 금성면,중상사고,0,1,3,0,차대사람 - 기타,안전운전불이행,건조,맑음,단일로 - 기타,화물,남,76세,상해없음,보행자,남,69세,경상
2014061900100333,2014년 6월 19일 15시,목요일,충청북도 청주시 흥덕구 봉명동,경상사고,0,0,1,0,차대차 - 추돌 - 진행중,안전운전불이행,건조,맑음,단일로 - 기타,자전거,남,56세,경상,승용,남,29세,상해없음
2014061900100370,2014년 6월 19일 16시,목요일,충청북도 청주시 청원구 내덕동,경상사고,0,0,1,0,차대차 - 기타,안전운전불이행,건조,맑음,교차로 - 교차로안,승용,여,41세,상해없음,승용,여,26세,경상
2014061900100371,2014년 6월 19일 16시,목요일,충청북도 청주시 상당구 탑동,경상사고,0,0,1,0,차대사람 - 기타,안전운전불이행,건조,맑음,교차로 - 교차로부근,승용,남,45세,상해없음,보행자,여,7세,경상
2014061900100414,2014년 6월 19일 17시,목요일,충청북도 충주시 문화동,중상사고,0,1,1,0,차대차 - 추돌 - 주정차중,안전운전불이행,건조,맑음,단일로 - 기타,승용,남,56세,상해없음,승용,여,39세,중상
2014061900100415,2014년 6월 19일 17시,목요일,충청북도 충주시 연수동,경상사고,0,0,6,0,차대차 - 측면직각충돌,교차로운행방법위반,건조,맑음,교차로 - 교차로안,승용,남,57세,경상,승용,남,29세,경상
2014061900100463,2014년 6월 19일 18시,목요일,충청북도 증평군 증평읍,경상사고,0,0,1,0,차대차 - 측면직각충돌,기타,건조,맑음,교차로 - 교차로안,이륜,남,16세,경상,승용,여,47세,상해없음
2014061900100464,2014년 6월 19일 18시,목요일,충청북도 음성군 금왕읍,중상사고,0,2,0,0,차대차 - 기타,안전운전불이행,건조,맑음,교차로 - 교차로안,승용,여,52세,중상,승용,남,32세,중상
2014061900100501,2014년 6월 19일 19시,목요일,충청북도 제천시 신백동,경상사고,0,0,3,0,차대차 - 기타,안전거리미확보,건조,맑음,단일로 - 교량,승용,남,43세,상해없음,승용,여,45세,경상
2014061900100543,2014년 6월 19일 20시,목요일,충청북도 청주시 서원구 남이면,경상사고,0,0,1,0,차대차 - 기타,안전운전불이행,건조,맑음,교차로 - 교차로안,기타불명,기타불명,기타불명,기타불명,원동기,남,54세,경상
2014061900100544,2014년 6월 19일 20시,목요일,충청북도 청주시 서원구 분평동,경상사고,0,0,2,0,차대차 - 추돌 - 주정차중,안전운전불이행,건조,기타,단일로 - 기타,승용,남,26세,상해없음,승용,여,30세,경상
2014061900100577,2014년 6월 19일 21시,목요일,충청북도 청주시 상당구 북문로1가동,경상사고,0,0,1,0,차대사람 - 기타,안전운전불이행,건조,맑음,교차로 - 교차로부근,승용,여,24세,상해없음,보행자,여,40세,경상
2014061900100614,2014년 6월 19일 22시,목요일,충청북도 청주시 상당구 금천동,중상사고,0,1,0,0,차대사람 - 횡단중,신호위반,건조,맑음,교차로 - 교차로안,승용,남,56세,상해없음,보행자,여,41세,중상
2014061900100615,2014년 6월 19일 22시,목요일,충청북도 청주시 흥덕구 봉명동,중상사고,0,1,0,0,차대차 - 기타,안전운전불이행,건조,맑음,단일로 - 기타,화물,남,57세,상해없음,이륜,남,16세,중상
2014062000100030,2014년 6월 20일 01시,금요일,충청북도 청주시 흥덕구 강내면,경상사고,0,0,1,0,차대차 - 정면충돌,중앙선침범,건조,맑음,단일로 - 기타,승용,남,61세,상해없음,승용,남,29세,경상
2014062000100067,2014년 6월 20일 04시,금요일,충청북도 청주시 흥덕구 복대동,중상사고,0,1,0,0,차대사람 - 기타,안전운전불이행,건조,맑음,단일로 - 기타,화물,남,38세,상해없음,보행자,남,40세,중상
2014062000100072,2014년 6월 20일 05시,금요일,충청북도 제천시 청풍면,사망사고,1,0,0,0,차량단독 - 전도전복,안전운전불이행,건조,맑음,단일로 - 기타,화물,남,69세,사망,,,,
2014062000100138,2014년 6월 20일 08시,금요일,충청북도 충주시 용탄동,경상사고,0,0,1,0,차대차 - 추돌 - 진행중,교차로운행방법위반,건조,맑음,교차로 - 교차로안,승용,남,27세,상해없음,승용,남,38세,경상
2014062000100139,2014년 6월 20일 08시,금요일,충청북도 청주시 상당구 미원면,경상사고,0,0,1,0,차량단독 - 전도전복,안전운전불이행,건조,맑음,단일로 - 기타,승용,남,32세,상해없음,,,,
2014062000100140,2014년 6월 20일 08시,금요일,충청북도 청주시 상당구 용담동,경상사고,0,0,2,0,차대차 - 측면직각충돌,차로위반,건조,맑음,교차로 - 교차로안,승용,남,59세,상해없음,승합,남,57세,상해없음
2014062000100169,2014년 6월 20일 09시,금요일,충청북도 청주시 흥덕구 비하동,경상사고,0,0,5,1,차대차 - 추돌 - 진행중,안전운전불이행,건조,맑음,교차로 - 교차로안,승합,남,52세,상해없음,화물,남,61세,경상
2014062000100193,2014년 6월 20일 10시,금요일,충청북도 영동군 용산면,중상사고,0,1,0,0,차대차 - 측면직각충돌,안전운전불이행,건조,맑음,단일로 - 기타,승용,남,27세,상해없음,승용,남,41세,중상
2014062000100210,2014년 6월 20일 11시,금요일,충청북도 증평군 증평읍,경상사고,0,0,1,0,차대사람 - 기타,기타,건조,맑음,단일로 - 기타,승합,남,42세,상해없음,보행자,여,66세,경상
2014062000100211,2014년 6월 20일 11시,금요일,충청북도 청주시 흥덕구 가경동,중상사고,0,1,0,0,차대사람 - 횡단중,보행자보호의무위반,건조,맑음,교차로 - 교차로안,승용,여,49세,상해없음,보행자,남,73세,중상
2014062000100212,2014년 6월 20일 11시,금요일,충청북도 청주시 서원구 남이면,경상사고,0,0,2,0,차대차 - 추돌 - 진행중,안전운전불이행,건조,맑음,단일로 - 기타,화물,남,56세,상해없음,승합,남,41세,경상
2014062000100213,2014년 6월 20일 11시,금요일,충청북도 괴산군 장연면,경상사고,0,0,1,0,차대차 - 추돌 - 진행중,안전거리미확보,건조,맑음,단일로 - 기타,화물,남,21세,상해없음,승용,남,36세,경상
2014062000100249,2014년 6월 20일 12시,금요일,충청북도 보은군 속리산면,경상사고,0,0,3,0,차대차 - 추돌 - 진행중,안전운전불이행,건조,맑음,단일로 - 기타,화물,남,41세,상해없음,승용,남,53세,경상
2014062000100250,2014년 6월 20일 12시,금요일,충청북도 단양군 단양읍,부상신고사고,0,0,0,5,차대차 - 기타,안전운전불이행,건조,맑음,단일로 - 기타,승합,남,65세,상해없음,승용,남,42세,부상신고
2014062000100277,2014년 6월 20일 13시,금요일,충청북도 증평군 증평읍,경상사고,0,0,1,0,차대차 - 측면직각충돌,신호위반,건조,맑음,교차로 - 교차로안,승용,남,49세,상해없음,승용,여,51세,경상
2014062000100278,2014년 6월 20일 13시,금요일,충청북도 진천군 진천읍,경상사고,0,0,1,0,차대차 - 측면직각충돌,교차로운행방법위반,건조,맑음,교차로 - 교차로안,승용,남,76세,상해없음,승용,남,40세,상해없음
2014062000100307,2014년 6월 20일 14시,금요일,충청북도 증평군 증평읍,경상사고,0,0,1,0,차대사람 - 기타,기타,건조,맑음,교차로 - 교차로부근,화물,남,77세,상해없음,보행자,남,38세,경상
2014062000100308,2014년 6월 20일 14시,금요일,충청북도 청주시 서원구 개신동,경상사고,0,0,1,0,차대차 - 기타,안전운전불이행,건조,맑음,기타 - 기타,이륜,남,52세,상해없음,자전거,남,24세,경상
2014062000100309,2014년 6월 20일 14시,금요일,충청북도 청주시 서원구 사창동,경상사고,0,0,2,0,차대차 - 측면직각충돌,차로위반,건조,맑음,교차로 - 교차로안,승용,남,71세,상해없음,승용,여,55세,경상
2014062000100344,2014년 6월 20일 15시,금요일,충청북도 청주시 흥덕구 가경동,경상사고,0,0,1,0,차대차 - 추돌 - 주정차중,안전운전불이행,건조,맑음,교차로 - 교차로부근,승용,남,24세,상해없음,승용,여,29세,경상
2014062000100383,2014년 6월 20일 16시,금요일,충청북도 충주시 대소원면,경상사고,0,0,3,0,차대차 - 기타,차로위반,건조,맑음,단일로 - 터널,승용,남,31세,상해없음,승용,남,42세,경상
2014062000100424,2014년 6월 20일 17시,금요일,충청북도 제천시 봉양읍,경상사고,0,0,1,0,차대차 - 기타,안전운전불이행,건조,맑음,단일로 - 기타,화물,남,63세,상해없음,승용,여,42세,경상
2014062000100425,2014년 6월 20일 17시,금요일,충청북도 청주시 서원구 사창동,경상사고,0,0,1,0,차대사람 - 기타,안전운전불이행,건조,맑음,단일로 - 기타,승용,남,49세,기타불명,보행자,남,38세,경상
2014062000100426,2014년 6월 20일 17시,금요일,충청북도 청주시 청원구 오창읍,경상사고,0,0,3,0,차대차 - 추돌 - 주정차중,안전운전불이행,건조,맑음,단일로 - 기타,화물,남,35세,상해없음,승용,남,27세,경상
2014062000100479,2014년 6월 20일 18시,금요일,충청북도 음성군 감곡면,경상사고,0,0,1,0,차대차 - 기타,교차로운행방법위반,건조,맑음,교차로 - 교차로안,승합,남,53세,상해없음,자전거,여,70세,경상
2014062000100480,2014년 6월 20일 18시,금요일,충청북도 청주시 서원구 모충동,경상사고,0,0,1,0,차대차 - 기타,안전운전불이행,건조,맑음,교차로 - 교차로안,승용,여,48세,상해없음,원동기,남,70세,경상
2014062000100520,2014년 6월 20일 19시,금요일,충청북도 청주시 흥덕구 복대동,경상사고,0,0,1,0,차대사람 - 기타,안전운전불이행,건조,흐림,단일로 - 기타,승용,남,32세,상해없음,보행자,남,47세,경상
2014062000100521,2014년 6월 20일 19시,금요일,충청북도 청주시 흥덕구 오송읍,중상사고,0,1,3,0,차대차 - 추돌 - 주정차중,안전운전불이행,습기,비,단일로 - 기타,승용,남,34세,상해없음,승용,남,62세,경상
2014062000100555,2014년 6월 20일 20시,금요일,충청북도 청주시 상당구 금천동,경상사고,0,0,1,0,차대차 - 측면직각충돌,신호위반,건조,맑음,교차로 - 교차로부근,원동기,남,40세,경상,승용,여,42세,상해없음
2014062000100556,2014년 6월 20일 20시,금요일,충청북도 청주시 청원구 주성동,경상사고,0,0,1,0,차대차 - 정면충돌,신호위반,습기,흐림,교차로 - 교차로안,승용,여,33세,상해없음,화물,남,55세,경상
2014062000100557,2014년 6월 20일 20시,금요일,충청북도 충주시 목행동,중상사고,0,1,0,0,차량단독 - 공작물충돌,안전운전불이행,건조,흐림,교차로 - 교차로안,승용,남,59세,중상,,,,
2014062000100606,2014년 6월 20일 21시,금요일,충청북도 청주시 상당구 남주동,경상사고,0,0,4,0,차대차 - 측면직각충돌,안전거리미확보,건조,맑음,교차로 - 교차로부근,승용,남,33세,상해없음,승용,남,34세,경상
2014062000100607,2014년 6월 20일 21시,금요일,충청북도 충주시 칠금동,경상사고,0,0,1,0,차대차 - 측면직각충돌,안전운전불이행,기타,맑음,단일로 - 기타,승용,남,45세,상해없음,원동기,남,56세,경상
2014062000100647,2014년 6월 20일 22시,금요일,충청북도 충주시 노은면,중상사고,0,1,1,0,차량단독 - 도로외이탈 - 추락,안전운전불이행,건조,맑음,단일로 - 기타,승용,남,68세,상해없음,,,,
2014062000100648,2014년 6월 20일 22시,금요일,충청북도 청주시 흥덕구 봉명동,경상사고,0,0,1,0,차대차 - 추돌 - 진행중,안전운전불이행,건조,맑음,교차로 - 교차로부근,승용,여,42세,상해없음,승용,남,43세,경상
2014062000100698,2014년 6월 20일 23시,금요일,충청북도 충주시 산척면,부상신고사고,0,0,0,1,차량단독 - 도로외이탈 - 추락,안전운전불이행,건조,맑음,교차로 - 교차로안,승용,남,31세,부상신고,,,,
2014062000100699,2014년 6월 20일 23시,금요일,충청북도 청주시 상당구 용암동,경상사고,0,0,1,0,차대차 - 기타,안전운전불이행,건조,맑음,단일로 - 기타,승합,남,55세,상해없음,자전거,남,30세,경상
2014062100100024,2014년 6월 21일 00시,토요일,충청북도 청주시 흥덕구 복대동,중상사고,0,1,3,0,차대차 - 측면직각충돌,신호위반,건조,맑음,교차로 - 교차로안,승용,남,28세,상해없음,승용,남,39세,경상
2014062100100025,2014년 6월 21일 00시,토요일,충청북도 청주시 흥덕구 봉명동,경상사고,0,0,1,0,차량단독 - 기타,안전운전불이행,건조,맑음,단일로 - 기타,이륜,남,17세,경상,,,,
2014062100100060,2014년 6월 21일 01시,토요일,충청북도 음성군 대소면,중상사고,0,1,0,0,차대차 - 기타,안전운전불이행,건조,맑음,교차로 - 교차로부근,승용,남,58세,중상,화물,남,38세,상해없음
2014062100100109,2014년 6월 21일 03시,토요일,충청북도 청주시 상당구 서문동,중상사고,0,1,2,1,차대차 - 측면직각충돌,교차로운행방법위반,건조,맑음,교차로 - 교차로안,승용,남,42세,부상신고,승용,남,31세,경상
2014062100100132,2014년 6월 21일 04시,토요일,충청북도 충주시 동량면,경상사고,0,0,1,0,차대사람 - 기타,안전운전불이행,건조,맑음,단일로 - 기타,화물,남,51세,상해없음,보행자,남,52세,경상
2014062100100182,2014년 6월 21일 08시,토요일,충청북도 충주시 금릉동,중상사고,0,1,0,0,차량단독 - 기타,안전운전불이행,건조,맑음,단일로 - 기타,이륜,남,24세,중상,,,,
2014062100100206,2014년 6월 21일 09시,토요일,충청북도 청주시 청원구 주중동,경상사고,0,0,1,0,차대차 - 기타,안전운전불이행,건조,맑음,단일로 - 기타,화물,남,37세,상해없음,승용,여,45세,경상
2014062100100207,2014년 6월 21일 09시,토요일,충청북도 옥천군 안내면,사망사고,1,0,0,0,차대차 - 기타,안전운전불이행,건조,맑음,단일로 - 기타,화물,남,41세,상해없음,승용,남,61세,상해없음
2014062100100208,2014년 6월 21일 09시,토요일,충청북도 청주시 흥덕구 봉명동,경상사고,0,0,2,0,차대차 - 측면직각충돌,안전운전불이행,건조,맑음,단일로 - 기타,승용,여,49세,상해없음,승합,남,60세,경상
2014062100100234,2014년 6월 21일 10시,토요일,충청북도 청주시 청원구 내덕동,경상사고,0,0,3,0,차대차 - 기타,차로위반,건조,맑음,단일로 - 기타,승용,남,55세,상해없음,승용,남,52세,경상
2014062100100235,2014년 6월 21일 10시,토요일,충청북도 단양군 단양읍,경상사고,0,0,2,0,차대차 - 측면직각충돌,안전운전불이행,건조,맑음,단일로 - 기타,승용,남,67세,상해없음,승용,여,42세,경상
2014062100100236,2014년 6월 21일 10시,토요일,충청북도 충주시 노은면,중상사고,0,1,2,0,차대차 - 추돌 - 진행중,안전운전불이행,건조,맑음,단일로 - 기타,승용,남,24세,상해없음,승용,남,34세,경상
2014062100100268,2014년 6월 21일 11시,토요일,충청북도 충주시 산척면,경상사고,0,0,3,0,차대차 - 기타,안전운전불이행,건조,맑음,단일로 - 기타,승용,여,49세,상해없음,승용,여,61세,경상
2014062100100349,2014년 6월 21일 14시,토요일,충청북도 청주시 청원구 율량동,중상사고,0,1,0,0,차대차 - 측면직각충돌,안전운전불이행,건조,맑음,교차로 - 교차로안,승용,여,53세,상해없음,이륜,남,57세,중상
2014062100100411,2014년 6월 21일 16시,토요일,충청북도 청주시 청원구 오창읍,중상사고,0,1,0,0,차대차 - 기타,중앙선침범,건조,맑음,단일로 - 기타,기타불명,기타불명,기타불명,기타불명,승용,여,43세,상해없음
2014062100100412,2014년 6월 21일 16시,토요일,충청북도 제천시 의림동,중상사고,0,1,2,0,차대차 - 기타,직진우회전진행방해,건조,맑음,교차로 - 교차로안,승용,여,50세,상해없음,승용,여,57세,경상
2014062100100413,2014년 6월 21일 16시,토요일,충청북도 청주시 흥덕구 복대동,경상사고,0,0,1,0,차대차 - 기타,안전운전불이행,건조,맑음,단일로 - 기타,승용,남,51세,상해없음,승용,여,28세,경상
2014062100100414,2014년 6월 21일 16시,토요일,충청북도 청주시 서원구 남이면,중상사고,0,1,5,0,차대차 - 측면직각충돌,차로위반,건조,맑음,단일로 - 기타,승용,남,47세,경상,승용,남,40세,경상
2014062100100451,2014년 6월 21일 17시,토요일,충청북도 청주시 청원구 주성동,경상사고,0,0,1,0,차대사람 - 기타,기타,건조,맑음,단일로 - 기타,승합,남,46세,상해없음,보행자,여,22세,경상
2014062100100452,2014년 6월 21일 17시,토요일,충청북도 청주시 청원구 북이면,중상사고,0,1,0,0,차대차 - 기타,안전운전불이행,건조,맑음,단일로 - 기타,승용,남,53세,기타불명,자전거,여,54세,중상
2014062100100453,2014년 6월 21일 17시,토요일,충청북도 제천시 청전동,경상사고,0,0,2,0,차대차 - 기타,안전운전불이행,건조,맑음,교차로 - 교차로안,승용,여,40세,상해없음,자전거,남,9세,경상
2014062100100491,2014년 6월 21일 18시,토요일,충청북도 제천시 강제동,경상사고,0,0,2,0,차대차 - 기타,안전거리미확보,건조,맑음,단일로 - 교량,건설기계,남,48세,상해없음,승용,남,55세,경상
2014062100100492,2014년 6월 21일 18시,토요일,충청북도 청주시 흥덕구 봉명동,중상사고,0,1,0,0,차대차 - 측면직각충돌,중앙선침범,건조,맑음,교차로 - 교차로안,승용,남,43세,상해없음,이륜,남,26세,중상
2014062100100525,2014년 6월 21일 19시,토요일,충청북도 청주시 서원구 수곡동,경상사고,0,0,2,0,차대차 - 추돌 - 진행중,안전운전불이행,건조,맑음,교차로 - 교차로부근,승용,여,55세,상해없음,승용,여,48세,경상
2014062100100559,2014년 6월 21일 20시,토요일,충청북도 제천시 하소동,경상사고,0,0,1,0,차대차 - 측면직각충돌,안전운전불이행,건조,맑음,교차로 - 교차로안,승용,남,51세,상해없음,승용,남,32세,경상
2014062100100611,2014년 6월 21일 21시,토요일,충청북도 청주시 서원구 수곡동,경상사고,0,0,1,0,차대사람 - 횡단중,보행자보호의무위반,건조,맑음,단일로 - 횡단보도상,승합,남,53세,상해없음,보행자,여,55세,경상
2014062100100652,2014년 6월 21일 22시,토요일,충청북도 청주시 서원구 모충동,사망사고,1,0,0,0,차대사람 - 기타,안전운전불이행,건조,맑음,단일로 - 기타,승용,남,55세,상해없음,보행자,여,82세,사망
2014062100100687,2014년 6월 21일 23시,토요일,충청북도 음성군 금왕읍,경상사고,0,0,1,0,차대차 - 기타,안전운전불이행,건조,맑음,단일로 - 기타,승용,남,34세,경상,승용,남,60세,상해없음
2014062100100688,2014년 6월 21일 23시,토요일,충청북도 청주시 서원구 수곡동,경상사고,0,0,2,0,차대차 - 추돌 - 진행중,안전운전불이행,건조,맑음,단일로 - 횡단보도상,승용,남,66세,상해없음,승용,남,51세,경상
2014062200100012,2014년 6월 22일 00시,일요일,충청북도 청주시 청원구 오창읍,중상사고,0,1,0,0,차대차 - 기타,신호위반,건조,맑음,교차로 - 교차로안,승용,남,42세,상해없음,승용,남,23세,중상
2014062200100013,2014년 6월 22일 00시,일요일,충청북도 청주시 서원구 사창동,사망사고,1,0,0,0,차대사람 - 횡단중,안전운전불이행,건조,흐림,단일로 - 횡단보도상,승용,남,60세,상해없음,보행자,여,55세,사망
2014062200100049,2014년 6월 22일 02시,일요일,충청북도 제천시 청전동,중상사고,0,1,0,0,차대사람 - 기타,안전운전불이행,건조,맑음,교차로 - 교차로안,승용,남,60세,상해없음,보행자,남,34세,중상
2014062200100066,2014년 6월 22일 03시,일요일,충청북도 음성군 대소면,경상사고,0,0,3,0,차량단독 - 기타,안전운전불이행,건조,맑음,교차로 - 교차로안,승용,남,26세,경상,,,,
2014062200100078,2014년 6월 22일 04시,일요일,충청북도 청주시 청원구 내덕동,중상사고,0,1,0,0,차대차 - 기타,신호위반,건조,맑음,교차로 - 교차로부근,이륜,여,24세,기타불명,승용,여,66세,중상
2014062200100079,2014년 6월 22일 04시,일요일,충청북도 청주시 서원구 개신동,경상사고,0,0,1,0,차대사람 - 기타,안전운전불이행,건조,맑음,단일로 - 기타,승용,남,45세,상해없음,보행자,남,29세,경상
2014062200100102,2014년 6월 22일 06시,일요일,충청북도 청주시 청원구 정북동,중상사고,0,1,0,0,차대사람 - 기타,안전운전불이행,건조,맑음,단일로 - 기타,화물,남,62세,상해없음,보행자,남,8세,중상
2014062200100158,2014년 6월 22일 10시,일요일,충청북도 청주시 흥덕구 복대동,경상사고,0,0,1,0,차대차 - 추돌 - 주정차중,안전운전불이행,건조,맑음,단일로 - 횡단보도상,화물,남,44세,상해없음,승용,남,47세,경상
2014062200100201,2014년 6월 22일 12시,일요일,충청북도 충주시 봉방동,경상사고,0,0,1,0,차대차 - 측면직각충돌,직진우회전진행방해,건조,맑음,교차로 - 교차로안,승용,남,67세,상해없음,원동기,남,49세,경상
2014062200100222,2014년 6월 22일 13시,일요일,충청북도 충주시 대소원면,중상사고,0,1,2,0,차대차 - 측면직각충돌,안전운전불이행,건조,맑음,단일로 - 기타,승용,남,48세,상해없음,승용,여,51세,경상
2014062200100223,2014년 6월 22일 13시,일요일,충청북도 제천시 하소동,중상사고,0,1,0,0,차대차 - 기타,안전운전불이행,건조,맑음,단일로 - 기타,승용,남,72세,상해없음,자전거,남,85세,중상
2014062200100251,2014년 6월 22일 14시,일요일,충청북도 청주시 청원구 율량동,경상사고,0,0,1,0,차대차 - 측면직각충돌,안전운전불이행,건조,맑음,교차로 - 교차로부근,이륜,남,20세,경상,승용,남,58세,상해없음
2014062200100252,2014년 6월 22일 14시,일요일,충청북도 청주시 흥덕구 신봉동,경상사고,0,0,1,0,차대차 - 측면직각충돌,안전운전불이행,건조,맑음,단일로 - 기타,기타불명,기타불명,기타불명,기타불명,자전거,남,8세,경상
2014062200100276,2014년 6월 22일 15시,일요일,충청북도 제천시 봉양읍,경상사고,0,0,6,0,차대차 - 정면충돌,직진우회전진행방해,습기,맑음,교차로 - 교차로안,승용,남,58세,경상,승용,남,45세,경상
2014062200100312,2014년 6월 22일 16시,일요일,충청북도 청주시 흥덕구 운천동,경상사고,0,0,1,0,차대사람 - 길가장자리구역통행중,안전운전불이행,건조,흐림,단일로 - 기타,승용,남,53세,상해없음,보행자,남,29세,경상
2014062200100345,2014년 6월 22일 17시,일요일,충청북도 제천시 장락동,경상사고,0,0,1,0,차대차 - 측면직각충돌,안전운전불이행,건조,맑음,교차로 - 교차로안,화물,남,64세,상해없음,승용,남,69세,경상
2014062200100346,2014년 6월 22일 17시,일요일,충청북도 제천시 금성면,경상사고,0,0,4,0,차대차 - 기타,직진우회전진행방해,습기,비,교차로 - 교차로안,승용,남,42세,상해없음,화물,남,35세,경상
2014062200100347,2014년 6월 22일 17시,일요일,충청북도 청주시 서원구 모충동,경상사고,0,0,1,0,차대차 - 측면직각충돌,안전운전불이행,건조,맑음,교차로 - 교차로부근,승용,기타불명,기타불명,기타불명,자전거,남,15세,경상
2014062200100382,2014년 6월 22일 18시,일요일,충청북도 청주시 흥덕구 봉명동,중상사고,0,1,0,0,차대차 - 측면직각충돌,안전운전불이행,건조,맑음,교차로 - 교차로부근,원동기,남,25세,중상,승용,남,34세,상해없음
2014062200100426,2014년 6월 22일 20시,일요일,충청북도 청주시 흥덕구 복대동,경상사고,0,0,3,0,차대차 - 추돌 - 주정차중,안전운전불이행,건조,맑음,교차로 - 교차로부근,화물,남,56세,상해없음,승용,남,32세,경상