사고번호,사고일시,요일,시군구,사고내용,사망자수,중상자수,경상자수,부상신고자수,사고유형,법규위반,노면상태,기상상태,도로형태,가해운전자 차종,가해운전자 성별,가해운전자 연령,가해운전자 상해정도,피해운전자 차종,피해운전자 성별,피해운전자 연령,피해운전자 상해정도
2014062800100040,2014년 6월 28일 01시,토요일,충청북도 청주시 상당구 수동,경상사고,0,0,1,0,차대사람 - 기타,안전운전불이행,건조,맑음,단일로 - 기타,승용,남,54세,상해없음,보행자,남,25세,경상
2014062800100075,2014년 6월 28일 03시,토요일,충청북도 영동군 심천면,경상사고,0,0,1,0,차량단독 - 전도전복,기타,건조,맑음,단일로 - 기타,승용,남,29세,경상,,,,
2014062800100087,2014년 6월 28일 04시,토요일,충청북도 충주시 수안보면,중상사고,0,1,0,1,차량단독 - 공작물충돌,안전운전불이행,건조,맑음,단일로 - 기타,승합,남,23세,부상신고,,,,
2014062800100106,2014년 6월 28일 05시,토요일,충청북도 청주시 흥덕구 옥산면,경상사고,0,0,1,0,차대차 - 측면직각충돌,신호위반,건조,맑음,교차로 - 교차로안,승용,여,43세,기타불명,승용,남,49세,경상
2014062800100211,2014년 6월 28일 10시,토요일,충청북도 옥천군 옥천읍,중상사고,0,1,0,0,차대차 - 측면직각충돌,중앙선침범,건조,맑음,교차로 - 교차로안,자전거,남,78세,중상,화물,남,57세,상해없음
2014062800100241,2014년 6월 28일 11시,토요일,충청북도 충주시 충의동,중상사고,0,3,0,0,차대사람 - 기타,안전운전불이행,기타,맑음,기타 - 기타,승용,여,53세,상해없음,보행자,여,75세,중상
2014062800100242,2014년 6월 28일 11시,토요일,충청북도 충주시 대소원면,부상신고사고,0,0,0,1,차대사람 - 기타,안전운전불이행,건조,맑음,단일로 - 기타,승용,여,52세,상해없음,보행자,남,51세,부상신고
2014062800100268,2014년 6월 28일 12시,토요일,충청북도 제천시 중앙로2가,경상사고,0,0,2,0,차대차 - 기타,안전운전불이행,건조,맑음,단일로 - 기타,승용,여,43세,상해없음,승용,남,32세,경상
2014062800100304,2014년 6월 28일 13시,토요일,충청북도 영동군 추풍령면,사망사고,1,0,0,0,차대사람 - 기타,직진우회전진행방해,건조,맑음,교차로 - 교차로안,승용,남,77세,상해없음,보행자,여,80세,사망
2014062800100341,2014년 6월 28일 14시,토요일,충청북도 청주시 흥덕구 봉명동,경상사고,0,0,1,0,차대차 - 측면직각충돌,교차로운행방법위반,건조,맑음,교차로 - 교차로안,화물,남,42세,상해없음,이륜,남,29세,경상
2014062800100370,2014년 6월 28일 15시,토요일,충청북도 제천시 고암동,부상신고사고,0,0,0,1,차량단독 - 공작물충돌,안전운전불이행,건조,맑음,단일로 - 기타,승용,여,62세,부상신고,,,,
2014062800100371,2014년 6월 28일 15시,토요일,충청북도 충주시 앙성면,경상사고,0,0,3,0,차대차 - 추돌 - 주정차중,안전거리미확보,건조,맑음,단일로 - 기타,승합,남,54세,상해없음,승합,남,48세,경상
2014062800100405,2014년 6월 28일 16시,토요일,충청북도 제천시 송학면,경상사고,0,0,2,0,차대차 - 기타,중앙선침범,건조,맑음,단일로 - 기타,화물,남,57세,상해없음,승용,남,36세,경상
2014062800100406,2014년 6월 28일 16시,토요일,충청북도 청주시 상당구 석교동,경상사고,0,0,1,0,차대사람 - 기타,안전운전불이행,건조,맑음,단일로 - 기타,승용,남,75세,상해없음,보행자,여,74세,경상
2014062800100447,2014년 6월 28일 17시,토요일,충청북도 청주시 청원구 내덕동,경상사고,0,0,1,0,차대차 - 기타,안전운전불이행,건조,맑음,교차로 - 교차로부근,화물,남,35세,상해없음,승용,남,51세,경상
2014062800100448,2014년 6월 28일 17시,토요일,충청북도 청주시 흥덕구 봉명동,경상사고,0,0,1,0,차대차 - 추돌 - 주정차중,안전운전불이행,건조,맑음,단일로 - 기타,승용,남,60세,상해없음,승용,남,48세,상해없음
2014062800100475,2014년 6월 28일 18시,토요일,충청북도 충주시 동량면,중상사고,0,1,0,1,차대차 - 기타,중앙선침범,건조,맑음,단일로 - 기타,이륜,남,32세,부상신고,승용,남,44세,중상
2014062800100476,2014년 6월 28일 18시,토요일,충청북도 청주시 상당구 영운동,중상사고,0,1,0,0,차대사람 - 길가장자리구역통행중,안전운전불이행,건조,맑음,교차로 - 교차로안,승용,남,60세,상해없음,보행자,남,61세,중상
2014062800100505,2014년 6월 28일 19시,토요일,충청북도 청주시 청원구 내덕동,경상사고,0,0,1,0,차대차 - 기타,안전운전불이행,건조,맑음,교차로 - 교차로부근,승용,여,36세,상해없음,승용,여,59세,경상
2014062800100506,2014년 6월 28일 19시,토요일,충청북도 청주시 흥덕구 운천동,경상사고,0,0,1,0,차대사람 - 기타,안전운전불이행,건조,맑음,단일로 - 기타,기타불명,기타불명,기타불명,기타불명,보행자,남,11세,경상
2014062800100564,2014년 6월 28일 21시,토요일,충청북도 충주시 교현동,경상사고,0,0,1,0,차대차 - 추돌 - 주정차중,안전운전불이행,건조,맑음,교차로 - 교차로안,승용,남,50세,상해없음,승용,남,56세,경상
2014062800100565,2014년 6월 28일 21시,토요일,충청북도 음성군 음성읍,경상사고,0,0,1,0,차대차 - 기타,안전운전불이행,결빙,맑음,교차로 - 교차로부근,승용,남,50세,상해없음,승용,남,38세,경상
2014062800100598,2014년 6월 28일 22시,토요일,충청북도 청주시 흥덕구 신봉동,경상사고,0,0,1,0,차대차 - 추돌 - 주정차중,안전운전불이행,건조,맑음,교차로 - 교차로안,승용,남,45세,기타불명,승용,여,35세,경상
2014062800100599,2014년 6월 28일 22시,토요일,충청북도 청주시 서원구 남이면,중상사고,0,1,0,0,차대차 - 추돌 - 진행중,안전운전불이행,건조,맑음,단일로 - 기타,승용,남,48세,상해없음,화물,남,62세,중상
2014062900100039,2014년 6월 29일 01시,일요일,충청북도 청주시 청원구 우암동,경상사고,0,0,4,0,차대차 - 기타,신호위반,건조,맑음,교차로 - 교차로부근,승용,남,35세,상해없음,승용,남,44세,경상
2014062900100040,2014년 6월 29일 01시,일요일,충청북도 청주시 흥덕구 복대동,경상사고,0,0,4,0,차대차 - 기타,신호위반,건조,맑음,교차로 - 교차로안,승용,여,47세,경상,승용,남,27세,경상
2014062900100060,2014년 6월 29일 02시,일요일,충청북도 청주시 청원구 오창읍,경상사고,0,0,1,0,차대차 - 추돌 - 주정차중,안전운전불이행,건조,맑음,교차로 - 교차로부근,승용,남,29세,상해없음,승용,남,36세,경상
2014062900100061,2014년 6월 29일 02시,일요일,충청북도 제천시 명동,경상사고,0,0,1,0,차대사람 - 기타,안전운전불이행,건조,맑음,교차로 - 교차로안,기타불명,기타불명,기타불명,기타불명,보행자,남,52세,경상
2014062900100062,2014년 6월 29일 02시,일요일,충청북도 청주시 흥덕구 봉명동,부상신고사고,0,0,0,1,차대사람 - 기타,불법유턴,건조,맑음,단일로 - 기타,승용,남,53세,상해없음,보행자,남,34세,부상신고
2014062900100065,2014년 6월 29일 02시,일요일,충청북도 청주시 흥덕구 옥산면,중상사고,0,1,1,0,차대차 - 측면직각충돌,안전운전불이행,건조,맑음,단일로 - 기타,승용,남,58세,상해없음,승용,남,50세,경상
2014062900100078,2014년 6월 29일 03시,일요일,충청북도 청주시 청원구 주성동,경상사고,0,0,1,0,차대차 - 추돌 - 주정차중,안전운전불이행,건조,맑음,단일로 - 기타,승용,남,24세,상해없음,승용,남,41세,경상
2014062900100139,2014년 6월 29일 08시,일요일,충청북도 제천시 하소동,중상사고,0,1,3,0,차대차 - 측면직각충돌,직진우회전진행방해,건조,맑음,교차로 - 교차로안,승용,여,32세,경상,승용,여,44세,상해없음
2014062900100140,2014년 6월 29일 08시,일요일,충청북도 청주시 상당구 용암동,경상사고,0,0,1,0,차량단독 - 전도전복,안전운전불이행,건조,맑음,단일로 - 기타,이륜,남,16세,상해없음,,,,
2014062900100160,2014년 6월 29일 09시,일요일,충청북도 증평군 증평읍,중상사고,0,1,0,0,차대차 - 정면충돌,안전운전불이행,건조,맑음,교차로 - 교차로안,이륜,남,59세,중상,승용,남,52세,상해없음
2014062900100161,2014년 6월 29일 09시,일요일,충청북도 보은군 보은읍,경상사고,0,0,1,0,차대차 - 측면직각충돌,신호위반,건조,맑음,교차로 - 교차로안,승용,남,24세,경상,승용,남,46세,상해없음
2014062900100183,2014년 6월 29일 10시,일요일,충청북도 충주시 주덕읍,중상사고,0,1,0,0,차대차 - 측면직각충돌,기타,건조,맑음,교차로 - 교차로안,승용,남,78세,상해없음,원동기,남,85세,중상
2014062900100185,2014년 6월 29일 10시,일요일,충청북도 청주시 상당구 문화동,경상사고,0,0,1,0,차대사람 - 기타,안전운전불이행,건조,맑음,단일로 - 기타,승용,여,44세,상해없음,보행자,여,21세,경상
2014062900100186,2014년 6월 29일 10시,일요일,충청북도 청주시 서원구 수곡동,경상사고,0,0,1,0,차대사람 - 기타,안전운전불이행,건조,맑음,단일로 - 기타,승합,남,51세,상해없음,보행자,여,77세,경상
2014062900100203,2014년 6월 29일 11시,일요일,충청북도 청주시 흥덕구 송정동,경상사고,0,0,1,0,차대차 - 측면직각충돌,신호위반,건조,맑음,교차로 - 교차로안,승용,여,26세,상해없음,화물,남,26세,경상
2014062900100223,2014년 6월 29일 12시,일요일,충청북도 충주시 연수동,경상사고,0,0,1,0,차대사람 - 길가장자리구역통행중,안전운전불이행,건조,맑음,교차로 - 교차로안,화물,남,58세,상해없음,보행자,여,52세,경상
2014062900100349,2014년 6월 29일 16시,일요일,충청북도 청주시 서원구 산남동,경상사고,0,0,1,0,차대차 - 측면직각충돌,안전운전불이행,건조,맑음,단일로 - 기타,자전거,남,9세,경상,승용,여,67세,상해없음
2014062900100350,2014년 6월 29일 16시,일요일,충청북도 청주시 서원구 분평동,경상사고,0,0,2,0,차대차 - 측면직각충돌,안전운전불이행,건조,맑음,단일로 - 기타,화물,남,51세,상해없음,승용,남,34세,경상
2014062900100383,2014년 6월 29일 17시,일요일,충청북도 청주시 청원구 율량동,경상사고,0,0,3,0,차대차 - 기타,안전운전불이행,건조,맑음,단일로 - 기타,승용,남,51세,상해없음,승용,남,28세,경상
2014062900100411,2014년 6월 29일 18시,일요일,충청북도 제천시 신백동,경상사고,0,0,1,0,차대차 - 측면직각충돌,안전거리미확보,건조,맑음,단일로 - 기타,승용,남,72세,상해없음,승용,남,40세,경상
2014062900100412,2014년 6월 29일 18시,일요일,충청북도 진천군 백곡면,사망사고,1,0,2,0,차량단독 - 기타,안전운전불이행,건조,맑음,단일로 - 기타,원동기,남,52세,사망,,,,
2014062900100413,2014년 6월 29일 18시,일요일,충청북도 청주시 흥덕구 내곡동,중상사고,0,3,0,0,차대차 - 기타,안전운전불이행,건조,맑음,단일로 - 기타,승용,남,46세,상해없음,승용,남,21세,중상
2014062900100440,2014년 6월 29일 19시,일요일,충청북도 청주시 상당구 금천동,경상사고,0,0,1,0,차대차 - 측면직각충돌,안전운전불이행,건조,맑음,교차로 - 교차로안,승용,남,33세,상해없음,승용,남,54세,경상
2014062900100441,2014년 6월 29일 19시,일요일,충청북도 보은군 마로면,중상사고,0,1,0,0,차대차 - 추돌 - 진행중,안전운전불이행,건조,맑음,단일로 - 기타,승용,남,37세,상해없음,승용,여,49세,중상
2014062900100464,2014년 6월 29일 20시,일요일,충청북도 청주시 흥덕구 가경동,중상사고,0,1,0,0,차대사람 - 횡단중,보행자보호의무위반,건조,맑음,단일로 - 횡단보도상,화물,남,54세,상해없음,보행자,여,20세,중상
2014062900100482,2014년 6월 29일 21시,일요일,충청북도 청주시 흥덕구 강서동,중상사고,0,1,1,0,차대차 - 추돌 - 주정차중,안전운전불이행,건조,맑음,교차로 - 교차로부근,승용,남,33세,상해없음,승용,여,35세,중상
2014062900100505,2014년 6월 29일 22시,일요일,충청북도 청주시 흥덕구 봉명동,경상사고,0,0,2,0,차대차 - 측면직각충돌,교차로운행방법위반,건조,맑음,교차로 - 교차로안,승용,여,59세,상해없음,승용,남,26세,경상
2014062900100532,2014년 6월 29일 23시,일요일,충청북도 청주시 서원구 분평동,경상사고,0,0,2,0,차대차 - 측면직각충돌,안전운전불이행,건조,맑음,단일로 - 기타,승용,남,50세,상해없음,화물,남,26세,경상
2014063000100081,2014년 6월 30일 07시,월요일,충청북도 증평군 증평읍,경상사고,0,0,1,0,차대차 - 정면충돌,신호위반,건조,맑음,교차로 - 교차로안,승용,여,35세,상해없음,화물,남,54세,경상
2014063000100184,2014년 6월 30일 10시,월요일,충청북도 충주시 산척면,중상사고,0,1,0,0,차대차 - 추돌 - 진행중,교차로운행방법위반,건조,맑음,교차로 - 교차로안,승합,남,63세,상해없음,원동기,남,67세,중상
2014063000100185,2014년 6월 30일 10시,월요일,충청북도 옥천군 동이면,중상사고,0,1,0,0,차대차 - 측면직각충돌,안전운전불이행,건조,맑음,교차로 - 교차로안,승용,남,57세,상해없음,이륜,여,75세,중상
2014063000100186,2014년 6월 30일 10시,월요일,충청북도 청주시 상당구 용암동,경상사고,0,0,1,0,차대차 - 기타,안전운전불이행,건조,맑음,기타 - 기타,승용,남,69세,상해없음,승용,남,42세,경상
2014063000100213,2014년 6월 30일 11시,월요일,충청북도 청주시 청원구 사천동,경상사고,0,0,1,0,차대차 - 기타,안전운전불이행,건조,맑음,단일로 - 기타,승용,남,51세,상해없음,이륜,남,56세,경상
2014063000100214,2014년 6월 30일 11시,월요일,충청북도 청주시 서원구 모충동,경상사고,0,0,1,0,차대사람 - 기타,안전운전불이행,건조,맑음,단일로 - 기타,승용,남,55세,상해없음,보행자,남,36세,경상
2014063000100243,2014년 6월 30일 12시,월요일,충청북도 청주시 청원구 내수읍,중상사고,0,1,0,0,차대사람 - 기타,보행자보호의무위반,건조,맑음,단일로 - 기타,승용,여,41세,상해없음,보행자,남,7세,중상
2014063000100312,2014년 6월 30일 14시,월요일,충청북도 제천시 중앙로1가,경상사고,0,0,1,0,차대사람 - 기타,안전운전불이행,건조,맑음,단일로 - 기타,승용,여,52세,상해없음,보행자,여,74세,경상
2014063000100346,2014년 6월 30일 15시,월요일,충청북도 청주시 서원구 산남동,중상사고,0,1,4,0,차대차 - 추돌 - 진행중,안전거리미확보,건조,맑음,단일로 - 기타,승용,남,62세,경상,승용,남,48세,상해없음
2014063000100393,2014년 6월 30일 16시,월요일,충청북도 청주시 흥덕구 봉명동,경상사고,0,0,1,0,차대차 - 기타,안전운전불이행,건조,맑음,교차로 - 교차로부근,승용,남,54세,상해없음,원동기,여,59세,경상
2014063000100394,2014년 6월 30일 16시,월요일,충청북도 청주시 흥덕구 향정동,경상사고,0,0,4,0,차대차 - 기타,안전운전불이행,건조,맑음,단일로 - 기타,승용,남,23세,상해없음,승용,여,50세,경상
2014063000100395,2014년 6월 30일 16시,월요일,충청북도 청주시 상당구 석교동,경상사고,0,0,1,0,차대차 - 추돌 - 주정차중,안전거리미확보,건조,맑음,교차로 - 교차로안,승용,남,52세,상해없음,승용,여,51세,경상
2014063000100469,2014년 6월 30일 18시,월요일,충청북도 청주시 흥덕구 복대동,경상사고,0,0,3,0,차대차 - 기타,중앙선침범,건조,맑음,단일로 - 기타,승용,남,53세,상해없음,승용,남,33세,경상
2014063000100470,2014년 6월 30일 18시,월요일,충청북도 청주시 서원구 개신동,중상사고,0,1,0,0,차대차 - 측면직각충돌,안전운전불이행,건조,맑음,단일로 - 기타,승용,여,45세,상해없음,승용,남,41세,중상
2014063000100505,2014년 6월 30일 19시,월요일,충청북도 청주시 흥덕구 가경동,부상신고사고,0,0,0,1,차대차 - 기타,기타,건조,맑음,교차로 - 교차로안,자전거,남,12세,부상신고,승용,남,35세,상해없음
2014063000100506,2014년 6월 30일 19시,월요일,충청북도 청주시 서원구 수곡동,경상사고,0,0,1,0,차대사람 - 기타,안전운전불이행,건조,맑음,단일로 - 기타,승합,남,40세,상해없음,보행자,여,54세,경상
2014063000100534,2014년 6월 30일 20시,월요일,충청북도 청주시 청원구 사천동,중상사고,0,1,2,0,차대차 - 추돌 - 진행중,안전운전불이행,건조,맑음,단일로 - 기타,승용,남,30세,상해없음,승용,여,39세,경상
2014063000100535,2014년 6월 30일 20시,월요일,충청북도 진천군 광혜원면,경상사고,0,0,2,0,차대차 - 측면직각충돌,교차로운행방법위반,건조,맑음,교차로 - 교차로안,승용,여,43세,경상,승용,남,31세,경상
2014063000100613,2014년 6월 30일 22시,월요일,충청북도 제천시 하소동,경상사고,0,0,1,0,차대차 - 기타,안전거리미확보,건조,맑음,교차로 - 교차로부근,승용,여,44세,상해없음,승용,여,43세,경상
2014063000100614,2014년 6월 30일 22시,월요일,충청북도 청주시 상당구 산성동,중상사고,0,1,0,0,차대사람 - 기타,안전운전불이행,건조,기타,단일로 - 기타,승용,여,39세,상해없음,보행자,여,48세,중상
2014070100100091,2014년 7월 1일 07시,화요일,충청북도 청주시 청원구 내수읍,경상사고,0,0,1,0,차대차 - 기타,안전운전불이행,건조,맑음,단일로 - 기타,승합,남,43세,상해없음,승용,남,35세,상해없음
2014070100100092,2014년 7월 1일 07시,화요일,충청북도 청주시 청원구 사천동,경상사고,0,0,1,0,차대차 - 측면직각충돌,안전운전불이행,건조,맑음,단일로 - 기타,승용,남,25세,상해없음,승용,남,41세,경상
2014070100100093,2014년 7월 1일 07시,화요일,충청북도 청주시 흥덕구 봉명동,경상사고,0,0,2,0,차대차 - 측면직각충돌,교차로운행방법위반,건조,맑음,교차로 - 교차로안,화물,남,49세,경상,승용,남,26세,경상
2014070100100094,2014년 7월 1일 07시,화요일,충청북도 청주시 흥덕구 신봉동,경상사고,0,0,1,0,차대차 - 측면직각충돌,안전운전불이행,건조,맑음,교차로 - 교차로안,이륜,남,33세,경상,화물,남,45세,상해없음
2014070100100123,2014년 7월 1일 08시,화요일,충청북도 청주시 흥덕구 복대동,경상사고,0,0,2,0,차대차 - 측면직각충돌,안전운전불이행,건조,맑음,교차로 - 교차로안,자전거,남,25세,경상,승용,남,40세,상해없음
2014070100100182,2014년 7월 1일 10시,화요일,충청북도 청주시 청원구 오창읍,경상사고,0,0,1,0,차대차 - 기타,안전운전불이행,건조,맑음,교차로 - 교차로부근,승용,남,50세,상해없음,승용,여,38세,경상
2014070100100183,2014년 7월 1일 10시,화요일,충청북도 영동군 영동읍,경상사고,0,0,1,0,차대차 - 기타,불법유턴,건조,맑음,교차로 - 교차로부근,승용,남,52세,상해없음,자전거,남,57세,경상
2014070100100184,2014년 7월 1일 10시,화요일,충청북도 청주시 청원구 오창읍,경상사고,0,0,2,0,차대차 - 추돌 - 진행중,안전운전불이행,건조,맑음,교차로 - 교차로안,화물,남,35세,경상,화물,남,39세,상해없음
2014070100100185,2014년 7월 1일 10시,화요일,충청북도 청주시 상당구 낭성면,경상사고,0,0,1,0,차대차 - 추돌 - 주정차중,안전거리미확보,건조,맑음,단일로 - 기타,승합,남,58세,상해없음,승용,여,47세,경상
2014070100100225,2014년 7월 1일 12시,화요일,충청북도 음성군 대소면,중상사고,0,1,2,0,차대차 - 기타,안전운전불이행,건조,맑음,단일로 - 교량,승용,남,31세,상해없음,승용,여,41세,중상
2014070100100226,2014년 7월 1일 12시,화요일,충청북도 단양군 단양읍,중상사고,0,1,0,0,차대차 - 측면직각충돌,안전거리미확보,건조,맑음,단일로 - 기타,승용,남,57세,상해없음,승용,여,48세,중상
2014070100100248,2014년 7월 1일 13시,화요일,충청북도 청주시 흥덕구 봉명동,경상사고,0,0,1,0,차대차 - 측면직각충돌,안전운전불이행,건조,맑음,단일로 - 기타,승용,남,36세,상해없음,승용,남,56세,상해없음
2014070100100249,2014년 7월 1일 13시,화요일,충청북도 청주시 상당구 서문동,부상신고사고,0,0,0,1,차대차 - 측면직각충돌,안전운전불이행,건조,맑음,교차로 - 교차로안,승용,남,29세,상해없음,자전거,남,33세,부상신고
2014070100100298,2014년 7월 1일 15시,화요일,충청북도 제천시 장락동,경상사고,0,0,1,0,차대사람 - 기타,기타,건조,맑음,단일로 - 기타,원동기,남,19세,상해없음,보행자,남,37세,경상
2014070100100299,2014년 7월 1일 15시,화요일,충청북도 청주시 흥덕구 복대동,경상사고,0,0,2,0,차대차 - 기타,안전운전불이행,건조,맑음,교차로 - 교차로안,승합,남,51세,상해없음,기타불명,기타불명,기타불명,기타불명
2014070100100345,2014년 7월 1일 16시,화요일,충청북도 옥천군 이원면,중상사고,0,1,0,0,차대사람 - 차도통행중,안전운전불이행,습기,비,단일로 - 기타,화물,남,47세,상해없음,보행자,남,79세,중상
2014070100100346,2014년 7월 1일 16시,화요일,충청북도 청주시 흥덕구 봉명동,중상사고,0,1,0,0,차대사람 - 기타,신호위반,건조,맑음,교차로 - 교차로안,승용,남,30세,상해없음,보행자,남,6세,중상
2014070100100347,2014년 7월 1일 16시,화요일,충청북도 청주시 서원구 산남동,경상사고,0,0,2,0,차대차 - 추돌 - 주정차중,안전운전불이행,건조,맑음,단일로 - 기타,승용,남,64세,상해없음,승용,남,25세,경상
2014070100100377,2014년 7월 1일 17시,화요일,충청북도 제천시 청전동,중상사고,0,1,0,0,차대차 - 기타,신호위반,건조,맑음,교차로 - 교차로안,자전거,남,74세,중상,승용,여,46세,상해없음
2014070100100378,2014년 7월 1일 17시,화요일,충청북도 청주시 서원구 분평동,경상사고,0,0,1,0,차대차 - 추돌 - 진행중,안전운전불이행,건조,맑음,교차로 - 교차로부근,승용,남,56세,상해없음,승용,남,45세,경상
2014070100100425,2014년 7월 1일 18시,화요일,충청북도 괴산군 사리면,경상사고,0,0,1,0,차대차 - 측면직각충돌,직진우회전진행방해,건조,맑음,교차로 - 교차로안,화물,남,63세,기타불명,승합,남,40세,상해없음
2014070100100426,2014년 7월 1일 18시,화요일,충청북도 진천군 광혜원면,중상사고,0,1,0,0,차대차 - 측면직각충돌,교차로운행방법위반,건조,맑음,교차로 - 교차로안,원동기,여,70세,중상,승용,남,55세,상해없음
2014070100100427,2014년 7월 1일 18시,화요일,충청북도 청주시 흥덕구 봉명동,중상사고,0,1,0,0,차대사람 - 횡단중,안전운전불이행,건조,맑음,단일로 - 기타,승용,여,42세,상해없음,보행자,여,10세,중상
2014070100100457,2014년 7월 1일 19시,화요일,충청북도 청주시 흥덕구 송절동,경상사고,0,0,1,0,차대차 - 기타,안전운전불이행,건조,맑음,교차로 - 교차로부근,승용,여,44세,상해없음,승용,여,26세,경상
2014070100100491,2014년 7월 1일 20시,화요일,충청북도 충주시 성서동,중상사고,0,1,0,0,차대차 - 측면직각충돌,신호위반,습기,비,교차로 - 교차로안,화물,남,47세,상해없음,승용,남,52세,중상
2014070100100492,2014년 7월 1일 20시,화요일,충청북도 청주시 흥덕구 신봉동,중상사고,0,1,0,0,차대차 - 측면직각충돌,안전운전불이행,건조,맑음,교차로 - 교차로안,승용,남,62세,상해없음,이륜,남,22세,중상
2014070100100523,2014년 7월 1일 21시,화요일,충청북도 충주시 교현동,경상사고,0,0,1,0,차대차 - 기타,안전거리미확보,습기,비,기타 - 기타,승용,남,58세,상해없음,원동기,남,16세,경상
2014070100100524,2014년 7월 1일 21시,화요일,충청북도 제천시 청전동,중상사고,0,1,0,0,차대차 - 추돌 - 진행중,안전운전불이행,건조,맑음,단일로 - 기타,승합,남,47세,상해없음,자전거,남,54세,중상
2014070100100573,2014년 7월 1일 23시,화요일,충청북도 청주시 서원구 산남동,경상사고,0,0,1,0,차대차 - 측면직각충돌,안전거리미확보,건조,맑음,단일로 - 기타,원동기,남,24세,상해없음,승용,남,54세,상해없음
2014070200100010,2014년 7월 2일 00시,수요일,충청북도 진천군 진천읍,경상사고,0,0,3,0,차대차 - 측면직각충돌,교차로운행방법위반,건조,맑음,교차로 - 교차로안,승용,여,32세,경상,승용,남,49세,경상
2014070200100077,2014년 7월 2일 07시,수요일,충청북도 청주시 흥덕구 봉명동,경상사고,0,0,1,0,차대차 - 측면직각충돌,교차로운행방법위반,건조,맑음,교차로 - 교차로안,승용,남,30세,상해없음,자전거,남,28세,경상
2014070200100078,2014년 7월 2일 07시,수요일,충청북도 청주시 서원구 남이면,경상사고,0,0,2,0,차대차 - 측면직각충돌,차로위반,건조,맑음,단일로 - 기타,화물,남,66세,상해없음,승용,여,24세,경상
2014070200100111,2014년 7월 2일 08시,수요일,충청북도 음성군 맹동면,중상사고,0,1,1,0,차대차 - 기타,신호위반,건조,맑음,교차로 - 교차로안,승용,여,28세,경상,승용,여,30세,중상
2014070200100112,2014년 7월 2일 08시,수요일,충청북도 청주시 흥덕구 복대동,경상사고,0,0,1,0,차대차 - 추돌 - 주정차중,안전운전불이행,건조,맑음,단일로 - 기타,승용,여,47세,상해없음,승용,남,52세,경상
2014070200100113,2014년 7월 2일 08시,수요일,충청북도 청주시 서원구 분평동,경상사고,0,0,2,0,차대차 - 추돌 - 진행중,안전운전불이행,건조,맑음,단일로 - 기타,화물,남,23세,상해없음,화물,여,27세,경상
2014070200100146,2014년 7월 2일 09시,수요일,충청북도 청주시 흥덕구 운천동,경상사고,0,0,1,0,차대차 - 기타,안전운전불이행,건조,맑음,단일로 - 횡단보도상,화물,남,66세,상해없음,자전거,남,20세,경상
2014070200100147,2014년 7월 2일 09시,수요일,충청북도 청주시 서원구 남이면,경상사고,0,0,1,0,차량단독 - 전도전복,안전운전불이행,건조,맑음,단일로 - 기타,이륜,여,68세,경상,,,,
2014070200100148,2014년 7월 2일 09시,수요일,충청북도 청주시 상당구 용암동,부상신고사고,0,0,0,1,차대사람 - 기타,안전운전불이행,건조,맑음,단일로 - 횡단보도상,기타불명,기타불명,기타불명,기타불명,보행자,여,23세,부상신고
2014070200100212,2014년 7월 2일 11시,수요일,충청북도 충주시 교현동,중상사고,0,2,0,0,차대차 - 추돌 - 진행중,교차로운행방법위반,건조,맑음,교차로 - 교차로안,승용,여,53세,상해없음,이륜,여,54세,중상
2014070200100213,2014년 7월 2일 11시,수요일,충청북도 영동군 심천면,경상사고,0,0,1,0,차대차 - 기타,안전운전불이행,건조,맑음,단일로 - 교량,승용,남,40세,상해없음,원동기,남,53세,경상
2014070200100214,2014년 7월 2일 11시,수요일,충청북도 청주시 흥덕구 가경동,경상사고,0,0,1,0,차대차 - 측면직각충돌,중앙선침범,건조,맑음,단일로 - 기타,자전거,남,36세,경상,승용,남,41세,상해없음
2014070200100267,2014년 7월 2일 13시,수요일,충청북도 충주시 교현동,중상사고,0,1,0,0,차대차 - 추돌 - 진행중,안전운전불이행,건조,맑음,단일로 - 기타,승용,남,33세,상해없음,자전거,남,70세,중상
2014070200100301,2014년 7월 2일 14시,수요일,충청북도 청주시 흥덕구 송절동,경상사고,0,0,1,0,차대차 - 측면직각충돌,안전운전불이행,건조,맑음,교차로 - 교차로부근,승합,남,66세,상해없음,승용,남,40세,경상
2014070200100302,2014년 7월 2일 14시,수요일,충청북도 청주시 상당구 북문로1가동,경상사고,0,0,1,0,차대사람 - 기타,안전운전불이행,건조,맑음,단일로 - 기타,승용,남,26세,상해없음,보행자,여,49세,경상
2014070200100362,2014년 7월 2일 16시,수요일,충청북도 청주시 흥덕구 비하동,경상사고,0,0,1,0,차대차 - 측면직각충돌,교차로운행방법위반,건조,맑음,교차로 - 교차로안,화물,남,65세,상해없음,승용,남,28세,경상
2014070200100448,2014년 7월 2일 18시,수요일,충청북도 청주시 청원구 주성동,경상사고,0,0,2,0,차대차 - 기타,안전운전불이행,건조,맑음,교차로 - 교차로부근,승합,남,58세,상해없음,승용,여,65세,경상
2014070200100483,2014년 7월 2일 19시,수요일,충청북도 충주시 문화동,경상사고,0,0,1,0,차대사람 - 기타,안전운전불이행,습기,비,단일로 - 기타,승용,여,46세,상해없음,보행자,남,42세,경상
2014070200100527,2014년 7월 2일 20시,수요일,충청북도 청주시 청원구 오창읍,중상사고,0,1,0,0,차대차 - 기타,안전운전불이행,습기,비,단일로 - 기타,승용,남,61세,상해없음,승용,여,41세,중상