사고번호,사고일시,요일,시군구,사고내용,사망자수,중상자수,경상자수,부상신고자수,사고유형,법규위반,노면상태,기상상태,도로형태,가해운전자 차종,가해운전자 성별,가해운전자 연령,가해운전자 상해정도,피해운전자 차종,피해운전자 성별,피해운전자 연령,피해운전자 상해정도
2014070200100528,2014년 7월 2일 20시,수요일,충청북도 청주시 청원구 우암동,경상사고,0,0,1,0,차대차 - 측면직각충돌,안전거리미확보,건조,맑음,단일로 - 기타,승용,여,49세,상해없음,이륜,남,20세,경상
2014070200100529,2014년 7월 2일 20시,수요일,충청북도 충주시 문화동,경상사고,0,0,1,0,차대차 - 기타,안전거리미확보,습기,흐림,단일로 - 기타,승용,여,58세,상해없음,원동기,남,18세,경상
2014070200100530,2014년 7월 2일 20시,수요일,충청북도 청주시 흥덕구 봉명동,경상사고,0,0,2,0,차대차 - 측면직각충돌,신호위반,건조,맑음,교차로 - 교차로안,승용,여,48세,경상,승용,남,38세,경상
2014070200100577,2014년 7월 2일 21시,수요일,충청북도 충주시 충인동,경상사고,0,0,1,0,차대차 - 기타,안전운전불이행,습기,비,단일로 - 기타,원동기,남,18세,상해없음,승용,남,23세,경상
2014070200100578,2014년 7월 2일 21시,수요일,충청북도 청주시 흥덕구 가경동,중상사고,0,1,1,0,차대차 - 추돌 - 주정차중,안전거리미확보,건조,맑음,단일로 - 기타,승용,남,44세,상해없음,승용,남,37세,경상
2014070200100627,2014년 7월 2일 22시,수요일,충청북도 청주시 청원구 오창읍,경상사고,0,0,1,0,차대차 - 기타,신호위반,건조,맑음,교차로 - 교차로안,화물,남,38세,상해없음,승용,남,29세,경상
2014070200100628,2014년 7월 2일 22시,수요일,충청북도 증평군 증평읍,경상사고,0,0,1,0,차대차 - 기타,안전운전불이행,건조,맑음,단일로 - 기타,승용,남,23세,상해없음,이륜,남,15세,경상
2014070200100629,2014년 7월 2일 22시,수요일,충청북도 청주시 서원구 개신동,경상사고,0,0,2,0,차대차 - 정면충돌,신호위반,건조,맑음,교차로 - 교차로안,이륜,남,16세,상해없음,승용,여,22세,경상
2014070300100017,2014년 7월 3일 00시,목요일,충청북도 제천시 명동,경상사고,0,0,1,0,차대차 - 기타,안전운전불이행,습기,비,교차로 - 교차로안,승용,남,34세,상해없음,승용,남,48세,상해없음
2014070300100018,2014년 7월 3일 00시,목요일,충청북도 청주시 흥덕구 오송읍,경상사고,0,0,1,0,차대차 - 측면직각충돌,신호위반,습기,비,교차로 - 교차로안,승합,남,40세,상해없음,승용,남,66세,상해없음
2014070300100019,2014년 7월 3일 00시,목요일,충청북도 청주시 서원구 산남동,경상사고,0,0,1,0,차대차 - 기타,안전운전불이행,습기,비,단일로 - 기타,승용,남,48세,상해없음,원동기,남,36세,경상
2014070300100038,2014년 7월 3일 01시,목요일,충청북도 청주시 서원구 성화동,경상사고,0,0,2,0,차대차 - 측면직각충돌,교차로운행방법위반,습기,비,교차로 - 교차로안,승용,여,52세,경상,승용,남,54세,경상
2014070300100113,2014년 7월 3일 07시,목요일,충청북도 청주시 흥덕구 복대동,부상신고사고,0,0,0,1,차대사람 - 기타,안전운전불이행,건조,맑음,교차로 - 교차로안,승용,여,40세,상해없음,보행자,남,33세,부상신고
2014070300100114,2014년 7월 3일 07시,목요일,충청북도 청주시 서원구 현도면,중상사고,0,1,0,0,차대차 - 측면직각충돌,중앙선침범,습기,흐림,교차로 - 교차로안,화물,남,47세,상해없음,승용,여,53세,중상
2014070300100115,2014년 7월 3일 07시,목요일,충청북도 청주시 상당구 용암동,경상사고,0,0,1,0,차대차 - 추돌 - 주정차중,안전거리미확보,건조,맑음,단일로 - 기타,승합,남,48세,상해없음,승용,남,50세,경상
2014070300100147,2014년 7월 3일 08시,목요일,충청북도 충주시 봉방동,경상사고,0,0,2,0,차대차 - 추돌 - 진행중,신호위반,건조,맑음,교차로 - 교차로안,승용,남,58세,상해없음,승용,남,35세,경상
2014070300100148,2014년 7월 3일 08시,목요일,충청북도 청주시 서원구 미평동,중상사고,0,1,0,0,차대차 - 추돌 - 주정차중,안전운전불이행,건조,맑음,단일로 - 기타,승용,남,42세,상해없음,승용,여,42세,중상
2014070300100180,2014년 7월 3일 09시,목요일,충청북도 청주시 청원구 내수읍,사망사고,1,0,0,0,차량단독 - 공작물충돌,안전운전불이행,건조,맑음,단일로 - 기타,화물,남,42세,사망,,,,
2014070300100181,2014년 7월 3일 09시,목요일,충청북도 청주시 청원구 율량동,중상사고,0,1,0,0,차대사람 - 횡단중,안전운전불이행,건조,맑음,단일로 - 기타,승용,남,55세,상해없음,보행자,여,67세,중상
2014070300100208,2014년 7월 3일 10시,목요일,충청북도 괴산군 청천면,중상사고,0,1,0,0,차대차 - 기타,중앙선침범,건조,맑음,단일로 - 기타,화물,남,60세,상해없음,화물,여,52세,중상
2014070300100276,2014년 7월 3일 12시,목요일,충청북도 청주시 상당구 가덕면,경상사고,0,0,1,0,차대차 - 기타,중앙선침범,건조,맑음,교차로 - 교차로부근,원동기,남,78세,경상,승합,남,45세,상해없음
2014070300100304,2014년 7월 3일 13시,목요일,충청북도 충주시 칠금동,중상사고,0,1,1,0,차대차 - 기타,안전거리미확보,건조,맑음,단일로 - 기타,승용,남,49세,경상,승용,남,29세,중상
2014070300100327,2014년 7월 3일 14시,목요일,충청북도 청주시 상당구 석교동,중상사고,0,1,1,0,차대차 - 측면직각충돌,안전운전불이행,건조,맑음,교차로 - 교차로부근,승합,남,57세,상해없음,화물,남,59세,중상
2014070300100328,2014년 7월 3일 14시,목요일,충청북도 청주시 흥덕구 복대동,경상사고,0,0,1,0,차대차 - 기타,안전운전불이행,건조,맑음,교차로 - 교차로부근,승용,남,61세,상해없음,승용,남,28세,경상
2014070300100329,2014년 7월 3일 14시,목요일,충청북도 청주시 상당구 금천동,경상사고,0,0,1,0,차대차 - 기타,안전운전불이행,건조,맑음,단일로 - 기타,승용,여,44세,상해없음,승용,남,37세,경상
2014070300100365,2014년 7월 3일 15시,목요일,충청북도 청주시 청원구 사천동,경상사고,0,0,2,0,차대차 - 기타,안전운전불이행,건조,맑음,교차로 - 교차로부근,승용,남,41세,상해없음,승용,남,47세,경상
2014070300100399,2014년 7월 3일 16시,목요일,충청북도 청주시 흥덕구 가경동,경상사고,0,0,4,0,차대차 - 측면직각충돌,신호위반,습기,비,교차로 - 교차로안,승용,여,37세,경상,승용,남,52세,경상
2014070300100475,2014년 7월 3일 18시,목요일,충청북도 청주시 흥덕구 서촌동,경상사고,0,0,1,0,차대차 - 측면직각충돌,안전운전불이행,건조,맑음,단일로 - 기타,승용,여,24세,상해없음,승용,여,35세,경상
2014070300100514,2014년 7월 3일 19시,목요일,충청북도 청주시 흥덕구 봉명동,부상신고사고,0,0,0,1,차대차 - 측면직각충돌,신호위반,건조,맑음,교차로 - 교차로안,자전거,남,20세,부상신고,승용,남,54세,상해없음
2014070300100543,2014년 7월 3일 20시,목요일,충청북도 진천군 진천읍,중상사고,0,1,0,0,차대차 - 측면직각충돌,신호위반,건조,맑음,교차로 - 교차로안,승용,남,46세,상해없음,승용,남,48세,중상
2014070300100579,2014년 7월 3일 21시,목요일,충청북도 청주시 서원구 사창동,중상사고,0,1,0,0,차대사람 - 횡단중,안전운전불이행,건조,맑음,교차로 - 교차로부근,이륜,남,30세,상해없음,보행자,남,34세,중상
2014070300100580,2014년 7월 3일 21시,목요일,충청북도 충주시 대소원면,사망사고,1,0,0,0,차대사람 - 횡단중,안전운전불이행,건조,맑음,단일로 - 기타,승용,남,29세,상해없음,보행자,여,72세,사망
2014070300100613,2014년 7월 3일 22시,목요일,충청북도 제천시 장락동,경상사고,0,0,1,0,차대차 - 측면직각충돌,안전운전불이행,건조,맑음,교차로 - 교차로부근,기타불명,기타불명,기타불명,기타불명,원동기,남,17세,상해없음
2014070300100614,2014년 7월 3일 22시,목요일,충청북도 보은군 보은읍,중상사고,0,1,0,0,차대차 - 추돌 - 진행중,안전운전불이행,건조,맑음,교차로 - 교차로부근,원동기,여,53세,중상,화물,남,42세,상해없음
2014070300100640,2014년 7월 3일 23시,목요일,충청북도 청주시 서원구 성화동,경상사고,0,0,2,0,차대차 - 측면직각충돌,신호위반,습기,비,교차로 - 교차로안,승용,남,43세,상해없음,승용,남,53세,경상
2014070300100641,2014년 7월 3일 23시,목요일,충청북도 청주시 흥덕구 봉명동,중상사고,0,1,0,0,차대차 - 측면직각충돌,중앙선침범,건조,맑음,단일로 - 기타,승용,남,36세,상해없음,원동기,남,19세,중상
2014070300100642,2014년 7월 3일 23시,목요일,충청북도 청주시 흥덕구 가경동,경상사고,0,0,3,0,차대차 - 측면직각충돌,안전운전불이행,건조,맑음,교차로 - 교차로안,승용,남,19세,경상,승용,남,58세,경상
2014070400100024,2014년 7월 4일 01시,금요일,충청북도 청주시 흥덕구 복대동,경상사고,0,0,1,0,차대사람 - 횡단중,안전운전불이행,건조,맑음,단일로 - 횡단보도부근,승용,남,26세,상해없음,보행자,여,23세,경상
2014070400100039,2014년 7월 4일 02시,금요일,충청북도 충주시 주덕읍,경상사고,0,0,1,0,차량단독 - 공작물충돌,안전운전불이행,건조,맑음,기타 - 기타,원동기,남,22세,경상,,,,
2014070400100071,2014년 7월 4일 05시,금요일,충청북도 충주시 교현동,경상사고,0,0,1,1,차대차 - 추돌 - 진행중,신호위반,건조,맑음,교차로 - 교차로안,승용,여,58세,부상신고,승용,남,60세,경상
2014070400100135,2014년 7월 4일 08시,금요일,충청북도 제천시 고암동,중상사고,0,1,0,0,차대차 - 기타,안전운전불이행,건조,맑음,교차로 - 교차로안,화물,남,56세,상해없음,원동기,남,57세,중상
2014070400100136,2014년 7월 4일 08시,금요일,충청북도 제천시 청전동,경상사고,0,0,1,1,차대차 - 측면직각충돌,직진우회전진행방해,건조,맑음,교차로 - 교차로안,승용,남,33세,부상신고,승용,남,59세,경상
2014070400100137,2014년 7월 4일 08시,금요일,충청북도 청주시 흥덕구 강서동,경상사고,0,0,1,0,차대차 - 측면직각충돌,안전운전불이행,건조,맑음,단일로 - 기타,자전거,남,16세,경상,건설기계,남,46세,상해없음
2014070400100138,2014년 7월 4일 08시,금요일,충청북도 청주시 흥덕구 신봉동,중상사고,0,1,0,0,차대차 - 측면직각충돌,안전운전불이행,건조,맑음,교차로 - 교차로안,승용,남,42세,상해없음,자전거,여,41세,중상
2014070400100168,2014년 7월 4일 09시,금요일,충청북도 충주시 봉방동,부상신고사고,0,0,0,1,차대차 - 추돌 - 진행중,안전거리미확보,건조,맑음,단일로 - 기타,이륜,남,60세,부상신고,승합,남,42세,상해없음
2014070400100169,2014년 7월 4일 09시,금요일,충청북도 충주시 대소원면,경상사고,0,0,2,1,차대차 - 추돌 - 진행중,안전거리미확보,건조,맑음,단일로 - 기타,승용,남,26세,부상신고,승용,여,25세,경상
2014070400100191,2014년 7월 4일 10시,금요일,충청북도 청주시 청원구 오창읍,경상사고,0,0,4,0,차대차 - 추돌 - 주정차중,안전운전불이행,건조,맑음,단일로 - 기타,화물,남,57세,상해없음,건설기계,남,57세,경상
2014070400100212,2014년 7월 4일 11시,금요일,충청북도 충주시 지현동,경상사고,0,0,1,0,차대차 - 추돌 - 진행중,교차로운행방법위반,건조,맑음,교차로 - 교차로안,화물,남,44세,상해없음,이륜,여,42세,경상
2014070400100288,2014년 7월 4일 13시,금요일,충청북도 청주시 서원구 사직동,중상사고,0,1,0,0,차대사람 - 횡단중,안전운전불이행,건조,맑음,단일로 - 기타,승용,여,56세,상해없음,보행자,남,82세,중상
2014070400100289,2014년 7월 4일 13시,금요일,충청북도 증평군 증평읍,경상사고,0,0,2,0,차대차 - 추돌 - 주정차중,안전운전불이행,건조,맑음,교차로 - 교차로부근,승용,남,58세,상해없음,승용,남,64세,경상
2014070400100315,2014년 7월 4일 14시,금요일,충청북도 충주시 충인동,중상사고,0,2,0,0,차대차 - 추돌 - 주정차중,안전운전불이행,건조,맑음,단일로 - 기타,승용,남,55세,상해없음,승용,남,24세,중상
2014070400100316,2014년 7월 4일 14시,금요일,충청북도 충주시 지현동,중상사고,0,1,0,1,차대차 - 측면직각충돌,교차로운행방법위반,건조,맑음,교차로 - 교차로안,승용,여,48세,부상신고,원동기,남,39세,중상
2014070400100317,2014년 7월 4일 14시,금요일,충청북도 청주시 흥덕구 강서동,경상사고,0,0,1,0,차대차 - 추돌 - 진행중,안전운전불이행,건조,맑음,단일로 - 기타,기타불명,기타불명,기타불명,기타불명,원동기,남,73세,경상
2014070400100318,2014년 7월 4일 14시,금요일,충청북도 청주시 상당구 서문동,중상사고,0,1,0,0,차대차 - 기타,안전운전불이행,건조,맑음,단일로 - 기타,자전거,남,70세,중상,이륜,남,71세,상해없음
2014070400100319,2014년 7월 4일 14시,금요일,충청북도 청주시 상당구 문의면,중상사고,0,1,0,0,차대차 - 기타,안전운전불이행,건조,맑음,단일로 - 기타,이륜,남,87세,중상,이륜,남,47세,상해없음
2014070400100358,2014년 7월 4일 15시,금요일,충청북도 충주시 금가면,중상사고,0,3,1,0,차량단독 - 기타,안전운전불이행,건조,맑음,단일로 - 기타,승용,남,42세,중상,,,,
2014070400100359,2014년 7월 4일 15시,금요일,충청북도 제천시 의림동,경상사고,0,0,1,0,차대차 - 추돌 - 주정차중,안전거리미확보,건조,맑음,교차로 - 교차로부근,승용,남,48세,상해없음,승용,여,39세,경상
2014070400100446,2014년 7월 4일 17시,금요일,충청북도 청주시 흥덕구 오송읍,중상사고,0,1,0,0,차대차 - 측면직각충돌,안전운전불이행,건조,맑음,교차로 - 교차로안,승용,남,53세,상해없음,자전거,남,76세,중상
2014070400100447,2014년 7월 4일 17시,금요일,충청북도 음성군 삼성면,중상사고,0,1,1,0,차대차 - 추돌 - 진행중,안전거리미확보,건조,맑음,단일로 - 기타,승용,남,46세,상해없음,승용,여,54세,상해없음
2014070400100508,2014년 7월 4일 18시,금요일,충청북도 청주시 청원구 오창읍,경상사고,0,0,1,0,차대사람 - 차도통행중,안전운전불이행,건조,맑음,교차로 - 교차로부근,승용,남,43세,상해없음,보행자,남,36세,경상
2014070400100509,2014년 7월 4일 18시,금요일,충청북도 제천시 화산동,중상사고,0,2,1,0,차대차 - 기타,직진우회전진행방해,건조,맑음,교차로 - 교차로안,승용,남,48세,경상,승용,여,38세,중상
2014070400100510,2014년 7월 4일 18시,금요일,충청북도 청주시 흥덕구 봉명동,중상사고,0,1,0,0,차대차 - 측면직각충돌,교차로운행방법위반,건조,맑음,교차로 - 교차로안,승용,남,25세,상해없음,이륜,남,21세,중상
2014070400100511,2014년 7월 4일 18시,금요일,충청북도 청주시 흥덕구 봉명동,중상사고,0,1,0,0,차대사람 - 기타,신호위반,건조,맑음,단일로 - 횡단보도상,승용,남,35세,상해없음,보행자,여,65세,중상
2014070400100512,2014년 7월 4일 18시,금요일,충청북도 청주시 상당구 용암동,경상사고,0,0,1,0,차대차 - 기타,안전운전불이행,건조,맑음,교차로 - 교차로부근,승용,여,43세,상해없음,자전거,남,12세,경상
2014070400100556,2014년 7월 4일 19시,금요일,충청북도 충주시 교현동,경상사고,0,0,1,0,차대차 - 기타,안전운전불이행,건조,맑음,기타 - 기타,승용,남,51세,상해없음,원동기,남,17세,경상
2014070400100557,2014년 7월 4일 19시,금요일,충청북도 제천시 청전동,경상사고,0,0,1,0,차대사람 - 기타,보행자보호의무위반,건조,맑음,단일로 - 기타,화물,남,61세,상해없음,보행자,여,51세,경상
2014070400100586,2014년 7월 4일 20시,금요일,충청북도 청주시 흥덕구 비하동,중상사고,0,1,0,0,차대사람 - 횡단중,안전운전불이행,건조,맑음,교차로 - 교차로부근,기타불명,기타불명,기타불명,기타불명,보행자,여,18세,중상
2014070400100719,2014년 7월 4일 23시,금요일,충청북도 청주시 흥덕구 비하동,중상사고,0,1,0,0,차대사람 - 기타,안전운전불이행,습기,비,단일로 - 기타,승용,남,33세,상해없음,보행자,남,44세,중상
2014070400100720,2014년 7월 4일 23시,금요일,충청북도 청주시 흥덕구 봉명동,경상사고,0,0,2,0,차대차 - 추돌 - 주정차중,안전운전불이행,건조,맑음,단일로 - 기타,승용,남,30세,상해없음,승용,여,21세,경상
2014070500100019,2014년 7월 5일 00시,토요일,충청북도 제천시 송학면,경상사고,0,0,1,0,차량단독 - 공작물충돌,안전운전불이행,건조,맑음,단일로 - 기타,승용,남,48세,경상,,,,
2014070500100125,2014년 7월 5일 07시,토요일,충청북도 충주시 주덕읍,중상사고,0,1,0,0,차대차 - 기타,안전운전불이행,건조,맑음,단일로 - 기타,화물,남,34세,상해없음,이륜,여,53세,중상
2014070500100142,2014년 7월 5일 08시,토요일,충청북도 청주시 청원구 오창읍,사망사고,1,0,0,0,차대차 - 측면직각충돌,신호위반,건조,맑음,교차로 - 교차로안,승합,남,58세,상해없음,이륜,남,72세,사망
2014070500100143,2014년 7월 5일 08시,토요일,충청북도 제천시 의림동,중상사고,0,3,1,0,차대차 - 측면직각충돌,기타,건조,맑음,교차로 - 교차로안,승용,남,49세,상해없음,승용,여,53세,중상
2014070500100192,2014년 7월 5일 10시,토요일,충청북도 음성군 금왕읍,경상사고,0,0,3,0,차대차 - 기타,안전운전불이행,건조,맑음,교차로 - 교차로부근,승용,여,58세,경상,승용,여,36세,경상
2014070500100215,2014년 7월 5일 11시,토요일,충청북도 제천시 덕산면,중상사고,0,1,0,0,차대차 - 기타,안전운전불이행,건조,맑음,기타 - 기타,승용,여,56세,상해없음,이륜,남,68세,중상
2014070500100216,2014년 7월 5일 11시,토요일,충청북도 진천군 진천읍,경상사고,0,0,3,0,차대차 - 기타,안전운전불이행,건조,맑음,단일로 - 기타,승용,여,33세,경상,승합,남,36세,경상
2014070500100277,2014년 7월 5일 13시,토요일,충청북도 청주시 청원구 오창읍,경상사고,0,0,3,0,차대차 - 기타,안전운전불이행,건조,맑음,단일로 - 기타,승용,여,28세,경상,승용,남,55세,경상
2014070500100278,2014년 7월 5일 13시,토요일,충청북도 충주시 산척면,경상사고,0,0,3,0,차대차 - 추돌 - 진행중,중앙선침범,건조,맑음,단일로 - 기타,승용,여,56세,상해없음,승용,남,27세,경상
2014070500100279,2014년 7월 5일 13시,토요일,충청북도 음성군 금왕읍,중상사고,0,1,0,0,차대차 - 기타,안전운전불이행,건조,맑음,교차로 - 교차로안,승용,여,47세,상해없음,원동기,남,72세,중상
2014070500100280,2014년 7월 5일 13시,토요일,충청북도 음성군 금왕읍,중상사고,0,1,0,0,차대차 - 기타,안전운전불이행,건조,맑음,단일로 - 기타,원동기,남,74세,중상,승용,남,38세,상해없음
2014070500100340,2014년 7월 5일 15시,토요일,충청북도 음성군 감곡면,중상사고,0,1,0,0,차대차 - 기타,안전운전불이행,건조,맑음,단일로 - 기타,승용,남,59세,상해없음,원동기,남,55세,중상
2014070500100372,2014년 7월 5일 16시,토요일,충청북도 청주시 서원구 남이면,경상사고,0,0,3,0,차대차 - 추돌 - 진행중,안전운전불이행,건조,맑음,단일로 - 기타,승용,남,46세,상해없음,승용,남,42세,경상
2014070500100411,2014년 7월 5일 17시,토요일,충청북도 충주시 봉방동,경상사고,0,0,1,0,차대차 - 기타,신호위반,건조,맑음,교차로 - 교차로부근,이륜,남,27세,경상,승합,남,52세,상해없음
2014070500100449,2014년 7월 5일 18시,토요일,충청북도 청주시 청원구 북이면,중상사고,0,1,0,0,차대차 - 기타,교차로운행방법위반,건조,맑음,교차로 - 교차로안,승용,남,35세,상해없음,이륜,여,56세,중상
2014070500100450,2014년 7월 5일 18시,토요일,충청북도 제천시 서부동,부상신고사고,0,0,0,1,차대사람 - 기타,안전운전불이행,건조,맑음,단일로 - 기타,승용,남,46세,상해없음,보행자,여,45세,부상신고
2014070500100451,2014년 7월 5일 18시,토요일,충청북도 청주시 흥덕구 복대동,경상사고,0,0,1,0,차대차 - 측면직각충돌,안전운전불이행,건조,맑음,교차로 - 교차로부근,승용,여,51세,상해없음,승용,여,61세,경상
2014070500100544,2014년 7월 5일 21시,토요일,충청북도 충주시 문화동,부상신고사고,0,0,0,1,차대사람 - 기타,안전운전불이행,건조,맑음,교차로 - 교차로부근,자전거,기타불명,기타불명,기타불명,보행자,남,66세,부상신고
2014070500100545,2014년 7월 5일 21시,토요일,충청북도 증평군 증평읍,중상사고,0,1,0,0,차대차 - 측면직각충돌,안전거리미확보,건조,맑음,단일로 - 기타,승용,남,30세,상해없음,화물,남,50세,중상
2014070500100546,2014년 7월 5일 21시,토요일,충청북도 청주시 흥덕구 가경동,중상사고,0,1,0,0,차대사람 - 횡단중,보행자보호의무위반,건조,맑음,단일로 - 횡단보도상,승용,남,21세,상해없음,보행자,남,72세,중상
2014070500100580,2014년 7월 5일 22시,토요일,충청북도 청주시 흥덕구 봉명동,중상사고,0,1,0,0,차대차 - 측면직각충돌,안전운전불이행,건조,맑음,교차로 - 교차로부근,승용,남,25세,상해없음,승용,남,66세,중상
2014070500100604,2014년 7월 5일 23시,토요일,충청북도 청주시 흥덕구 상신동,중상사고,0,1,0,0,차대차 - 기타,안전운전불이행,건조,맑음,기타 - 기타,자전거,남,23세,중상,자전거,남,22세,상해없음
2014070600100008,2014년 7월 6일 00시,일요일,충청북도 청주시 청원구 북이면,중상사고,0,1,0,0,차량단독 - 공작물충돌,안전운전불이행,건조,맑음,단일로 - 기타,이륜,남,33세,중상,,,,
2014070600100009,2014년 7월 6일 00시,일요일,충청북도 청주시 흥덕구 봉명동,경상사고,0,0,2,0,차대차 - 측면직각충돌,안전운전불이행,건조,맑음,단일로 - 기타,승용,남,55세,상해없음,승용,남,53세,경상
2014070600100029,2014년 7월 6일 01시,일요일,충청북도 청주시 흥덕구 옥산면,중상사고,0,1,0,0,차량단독 - 공작물충돌,안전운전불이행,건조,맑음,단일로 - 기타,화물,남,44세,중상,,,,
2014070600100030,2014년 7월 6일 01시,일요일,충청북도 청주시 서원구 산남동,경상사고,0,0,2,0,차대차 - 추돌 - 진행중,안전운전불이행,건조,맑음,교차로 - 교차로부근,승용,남,29세,상해없음,승용,남,41세,상해없음
2014070600100085,2014년 7월 6일 05시,일요일,충청북도 청주시 흥덕구 정봉동,경상사고,0,0,1,0,차대차 - 기타,중앙선침범,건조,맑음,단일로 - 기타,승용,남,19세,상해없음,승용,남,48세,경상
2014070600100098,2014년 7월 6일 06시,일요일,충청북도 청주시 서원구 분평동,중상사고,0,1,0,0,차량단독 - 기타,안전운전불이행,건조,맑음,단일로 - 횡단보도부근,자전거,남,69세,중상,,,,
2014070600100145,2014년 7월 6일 09시,일요일,충청북도 청주시 서원구 현도면,경상사고,0,0,5,0,차대차 - 측면직각충돌,신호위반,습기,맑음,교차로 - 교차로안,승용,여,54세,상해없음,승합,남,40세,경상
2014070600100193,2014년 7월 6일 11시,일요일,충청북도 청주시 흥덕구 가경동,경상사고,0,0,2,0,차대차 - 추돌 - 주정차중,안전운전불이행,습기,비,교차로 - 교차로부근,승용,남,27세,상해없음,승용,남,55세,경상
2014070600100214,2014년 7월 6일 12시,일요일,충청북도 제천시 봉양읍,중상사고,0,1,0,0,차대차 - 기타,안전거리미확보,습기,비,단일로 - 기타,승용,남,32세,상해없음,승용,남,66세,중상
2014070600100215,2014년 7월 6일 12시,일요일,충청북도 단양군 단성면,사망사고,3,2,0,0,차대차 - 추돌 - 진행중,중앙선침범,습기,비,교차로 - 교차로안,화물,남,43세,상해없음,화물,남,59세,중상
2014070600100216,2014년 7월 6일 12시,일요일,충청북도 청주시 흥덕구 강서동,경상사고,0,0,1,0,차대차 - 측면직각충돌,안전운전불이행,건조,맑음,단일로 - 기타,승합,남,45세,상해없음,이륜,남,35세,경상
2014070600100249,2014년 7월 6일 13시,일요일,충청북도 청주시 흥덕구 강서동,경상사고,0,0,2,0,차대차 - 추돌 - 진행중,안전운전불이행,건조,맑음,단일로 - 기타,승용,남,52세,상해없음,승용,남,25세,경상
2014070600100274,2014년 7월 6일 14시,일요일,충청북도 괴산군 칠성면,부상신고사고,0,0,0,1,차량단독 - 도로외이탈 - 기타,안전운전불이행,습기,흐림,단일로 - 기타,승용,남,22세,상해없음,,,,
2014070600100275,2014년 7월 6일 14시,일요일,충청북도 보은군 회인면,중상사고,0,3,0,0,차대차 - 측면직각충돌,중앙선침범,습기,비,단일로 - 기타,승용,남,27세,상해없음,승용,남,54세,중상
2014070600100301,2014년 7월 6일 15시,일요일,충청북도 제천시 봉양읍,중상사고,0,1,3,0,차대차 - 기타,신호위반,건조,흐림,교차로 - 교차로안,승용,남,57세,상해없음,승용,남,55세,경상
2014070600100302,2014년 7월 6일 15시,일요일,충청북도 청주시 흥덕구 가경동,경상사고,0,0,1,0,차대차 - 추돌 - 주정차중,안전운전불이행,건조,맑음,단일로 - 기타,승용,남,28세,상해없음,승용,여,55세,경상
2014070600100303,2014년 7월 6일 15시,일요일,충청북도 청주시 흥덕구 봉명동,경상사고,0,0,3,0,차대차 - 측면직각충돌,신호위반,건조,흐림,교차로 - 교차로안,승용,여,40세,상해없음,승용,여,31세,경상
2014070600100340,2014년 7월 6일 16시,일요일,충청북도 제천시 강제동,중상사고,0,1,0,0,차대차 - 기타,중앙선침범,건조,맑음,단일로 - 기타,원동기,남,17세,상해없음,승용,여,25세,상해없음
2014070600100422,2014년 7월 6일 18시,일요일,충청북도 청주시 흥덕구 비하동,중상사고,0,1,4,0,차대차 - 측면직각충돌,교차로운행방법위반,건조,맑음,교차로 - 교차로안,승용,남,41세,상해없음,승용,여,41세,중상
2014070600100483,2014년 7월 6일 20시,일요일,충청북도 청주시 흥덕구 가경동,중상사고,0,1,0,0,차대차 - 측면직각충돌,신호위반,건조,맑음,교차로 - 교차로안,승용,남,45세,상해없음,승용,여,30세,중상
2014070600100531,2014년 7월 6일 22시,일요일,충청북도 청주시 흥덕구 복대동,중상사고,0,2,0,0,차대차 - 측면직각충돌,기타,건조,맑음,교차로 - 교차로안,이륜,남,21세,중상,승용,남,49세,중상
2014070600100532,2014년 7월 6일 22시,일요일,충청북도 청주시 청원구 우암동,경상사고,0,0,1,0,차대차 - 기타,안전운전불이행,습기,기타,단일로 - 기타,승용,남,42세,상해없음,승용,남,53세,경상
2014070600100548,2014년 7월 6일 23시,일요일,충청북도 청주시 흥덕구 복대동,경상사고,0,0,1,0,차대차 - 측면직각충돌,교차로운행방법위반,건조,맑음,교차로 - 교차로안,승용,남,30세,상해없음,승용,여,46세,경상
2014070600100549,2014년 7월 6일 23시,일요일,충청북도 청주시 흥덕구 가경동,중상사고,0,1,1,0,차대차 - 추돌 - 주정차중,안전운전불이행,건조,맑음,단일로 - 기타,승용,남,23세,상해없음,승용,남,33세,경상
2014070700100006,2014년 7월 7일 00시,월요일,충청북도 청주시 상당구 금천동,경상사고,0,0,2,0,차대차 - 기타,안전운전불이행,건조,맑음,단일로 - 기타,승용,여,59세,상해없음,승용,남,25세,경상
2014070700100027,2014년 7월 7일 02시,월요일,충청북도 제천시 장락동,경상사고,0,0,4,0,차량단독 - 공작물충돌,안전운전불이행,건조,맑음,교차로 - 교차로부근,승용,여,17세,상해없음,,,,
2014070700100047,2014년 7월 7일 05시,월요일,충청북도 충주시 수안보면,부상신고사고,0,0,0,1,차량단독 - 공작물충돌,안전운전불이행,건조,맑음,단일로 - 기타,승용,남,24세,부상신고,,,,
2014070700100048,2014년 7월 7일 05시,월요일,충청북도 제천시 영천동,경상사고,0,0,1,0,차대차 - 측면직각충돌,신호위반,건조,맑음,교차로 - 교차로안,승용,여,45세,상해없음,승용,남,58세,경상
2014070700100066,2014년 7월 7일 06시,월요일,충청북도 청주시 흥덕구 신전동,중상사고,0,1,1,0,차대차 - 추돌 - 진행중,안전운전불이행,건조,맑음,단일로 - 기타,승용,남,29세,중상,화물,남,51세,경상
2014070700100131,2014년 7월 7일 08시,월요일,충청북도 충주시 중앙탑면,경상사고,0,0,1,0,차대차 - 추돌 - 진행중,안전운전불이행,건조,맑음,단일로 - 기타,승용,남,69세,상해없음,이륜,남,72세,경상
2014070700100132,2014년 7월 7일 08시,월요일,충청북도 옥천군 옥천읍,중상사고,0,1,0,0,차대차 - 측면직각충돌,안전운전불이행,건조,맑음,단일로 - 기타,승용,여,39세,상해없음,자전거,여,67세,중상