사고번호,사고일시,요일,시군구,사고내용,사망자수,중상자수,경상자수,부상신고자수,사고유형,법규위반,노면상태,기상상태,도로형태,가해운전자 차종,가해운전자 성별,가해운전자 연령,가해운전자 상해정도,피해운전자 차종,피해운전자 성별,피해운전자 연령,피해운전자 상해정도
2014073100100659,2014년 7월 31일 22시,목요일,충청북도 청주시 서원구 성화동,경상사고,0,0,3,0,차대차 - 기타,안전운전불이행,건조,맑음,교차로 - 교차로부근,승용,남,48세,상해없음,승용,남,44세,경상
2014073100100688,2014년 7월 31일 23시,목요일,충청북도 청주시 흥덕구 송절동,중상사고,0,1,2,0,차대차 - 기타,안전운전불이행,건조,맑음,교차로 - 교차로안,승용,남,54세,상해없음,승용,남,45세,경상
2014073100100689,2014년 7월 31일 23시,목요일,충청북도 청주시 상당구 문의면,경상사고,0,0,1,0,차대차 - 기타,안전운전불이행,건조,맑음,단일로 - 기타,화물,남,28세,기타불명,승용,남,57세,경상
2014073100100691,2014년 7월 31일 23시,목요일,충청북도 청주시 흥덕구 강내면,중상사고,0,6,3,0,차대차 - 추돌 - 진행중,안전운전불이행,건조,맑음,단일로 - 기타,승합,남,52세,상해없음,화물,남,48세,중상
2014080100100011,2014년 8월 1일 00시,금요일,충청북도 제천시 서부동,중상사고,0,1,0,0,차대사람 - 기타,안전운전불이행,건조,맑음,교차로 - 교차로안,승용,남,49세,상해없음,보행자,여,66세,중상
2014080100100087,2014년 8월 1일 06시,금요일,충청북도 청주시 청원구 오창읍,중상사고,0,1,0,0,차대차 - 측면직각충돌,신호위반,건조,맑음,교차로 - 교차로안,승합,남,67세,상해없음,승용,남,32세,중상
2014080100100102,2014년 8월 1일 07시,금요일,충청북도 증평군 증평읍,중상사고,0,1,8,0,차대차 - 추돌 - 진행중,안전운전불이행,건조,맑음,단일로 - 기타,승용,남,30세,상해없음,승용,여,44세,경상
2014080100100103,2014년 8월 1일 07시,금요일,충청북도 보은군 보은읍,중상사고,0,1,0,0,차대차 - 측면직각충돌,안전운전불이행,건조,맑음,단일로 - 기타,원동기,남,83세,중상,승용,남,34세,상해없음
2014080100100104,2014년 8월 1일 07시,금요일,충청북도 청주시 흥덕구 가경동,경상사고,0,0,1,0,차대사람 - 횡단중,신호위반,건조,맑음,교차로 - 교차로안,승용,남,57세,상해없음,보행자,여,29세,경상
2014080100100141,2014년 8월 1일 09시,금요일,충청북도 청주시 서원구 사직동,중상사고,0,1,0,0,차대사람 - 횡단중,안전운전불이행,건조,맑음,교차로 - 교차로안,원동기,남,32세,상해없음,보행자,여,72세,중상
2014080100100202,2014년 8월 1일 11시,금요일,충청북도 충주시 산척면,경상사고,0,0,8,0,차대차 - 추돌 - 진행중,안전운전불이행,건조,맑음,단일로 - 교량,화물,남,47세,상해없음,승합,남,43세,경상
2014080100100203,2014년 8월 1일 11시,금요일,충청북도 제천시 청전동,중상사고,0,1,0,0,차대차 - 기타,교차로운행방법위반,건조,맑음,교차로 - 교차로안,화물,남,55세,상해없음,원동기,남,80세,중상
2014080100100204,2014년 8월 1일 11시,금요일,충청북도 음성군 원남면,중상사고,0,2,0,0,차대차 - 기타,신호위반,건조,맑음,교차로 - 교차로안,화물,남,47세,상해없음,승용,여,41세,중상
2014080100100205,2014년 8월 1일 11시,금요일,충청북도 청주시 흥덕구 오송읍,경상사고,0,0,6,0,차대차 - 측면직각충돌,신호위반,건조,맑음,교차로 - 교차로안,승용,남,62세,경상,승용,남,43세,경상
2014080100100277,2014년 8월 1일 13시,금요일,충청북도 청주시 흥덕구 가경동,중상사고,0,1,3,0,차대차 - 추돌 - 주정차중,안전운전불이행,건조,맑음,교차로 - 교차로부근,승용,남,22세,상해없음,승용,남,51세,중상
2014080100100342,2014년 8월 1일 15시,금요일,충청북도 청주시 서원구 사직동,경상사고,0,0,1,0,차대차 - 측면직각충돌,안전운전불이행,건조,맑음,단일로 - 기타,승용,여,18세,상해없음,승용,남,31세,경상
2014080100100343,2014년 8월 1일 15시,금요일,충청북도 충주시 지현동,경상사고,0,0,1,0,차대사람 - 길가장자리구역통행중,안전운전불이행,건조,맑음,교차로 - 교차로부근,승용,남,66세,상해없음,보행자,남,40세,경상
2014080100100383,2014년 8월 1일 16시,금요일,충청북도 청주시 서원구 사창동,경상사고,0,0,2,0,차대차 - 기타,안전운전불이행,건조,맑음,단일로 - 기타,승용,남,66세,경상,승용,남,43세,경상
2014080100100424,2014년 8월 1일 17시,금요일,충청북도 청주시 청원구 우암동,중상사고,0,1,0,0,차대사람 - 기타,안전운전불이행,건조,맑음,단일로 - 기타,승용,남,28세,상해없음,보행자,남,49세,중상
2014080100100425,2014년 8월 1일 17시,금요일,충청북도 청주시 흥덕구 가경동,중상사고,0,1,1,0,차대차 - 추돌 - 주정차중,안전운전불이행,건조,맑음,단일로 - 기타,승용,여,68세,상해없음,승용,여,41세,중상
2014080100100458,2014년 8월 1일 18시,금요일,충청북도 청주시 흥덕구 복대동,경상사고,0,0,1,0,차대차 - 측면직각충돌,안전운전불이행,건조,맑음,단일로 - 기타,승용,여,49세,상해없음,자전거,남,9세,경상
2014080100100534,2014년 8월 1일 20시,금요일,충청북도 청주시 청원구 북이면,중상사고,0,2,0,0,차대차 - 기타,교차로운행방법위반,건조,맑음,교차로 - 교차로안,화물,남,53세,상해없음,화물,남,53세,중상
2014080100100535,2014년 8월 1일 20시,금요일,충청북도 청주시 흥덕구 봉명동,경상사고,0,0,6,0,차대차 - 측면직각충돌,안전운전불이행,건조,맑음,교차로 - 교차로부근,승용,남,62세,상해없음,승용,남,30세,경상
2014080100100536,2014년 8월 1일 20시,금요일,충청북도 청주시 흥덕구 복대동,경상사고,0,0,1,0,차대사람 - 기타,안전운전불이행,건조,맑음,단일로 - 기타,승용,남,30세,상해없음,보행자,남,38세,경상
2014080100100568,2014년 8월 1일 21시,금요일,충청북도 청주시 청원구 우암동,경상사고,0,0,2,0,차대차 - 기타,안전운전불이행,건조,맑음,교차로 - 교차로부근,승용,여,28세,상해없음,화물,남,55세,경상
2014080100100569,2014년 8월 1일 21시,금요일,충청북도 충주시 달천동,경상사고,0,0,1,0,차대차 - 추돌 - 진행중,안전운전불이행,건조,맑음,단일로 - 기타,자전거,여,21세,상해없음,자전거,남,23세,경상
2014080100100570,2014년 8월 1일 21시,금요일,충청북도 청주시 흥덕구 비하동,경상사고,0,0,3,0,차대차 - 추돌 - 진행중,안전운전불이행,건조,맑음,단일로 - 기타,승용,남,52세,상해없음,승용,남,52세,경상
2014080100100571,2014년 8월 1일 21시,금요일,충청북도 청주시 서원구 수곡동,경상사고,0,0,1,0,차대차 - 측면직각충돌,안전운전불이행,건조,맑음,교차로 - 교차로안,승용,남,46세,상해없음,승용,남,43세,경상
2014080100100651,2014년 8월 1일 23시,금요일,충청북도 옥천군 옥천읍,경상사고,0,0,1,0,차대차 - 측면직각충돌,안전운전불이행,건조,맑음,교차로 - 교차로부근,화물,남,62세,상해없음,승용,남,42세,경상
2014080200100035,2014년 8월 2일 01시,토요일,충청북도 청주시 서원구 수곡동,경상사고,0,0,2,0,차대차 - 기타,신호위반,건조,맑음,단일로 - 횡단보도상,승용,남,24세,상해없음,자전거,남,21세,경상
2014080200100081,2014년 8월 2일 03시,토요일,충청북도 제천시 금성면,경상사고,0,0,1,0,차량단독 - 공작물충돌,안전운전불이행,건조,맑음,단일로 - 기타,승용,남,20세,경상,,,,
2014080200100097,2014년 8월 2일 04시,토요일,충청북도 음성군 금왕읍,경상사고,0,0,1,0,차대차 - 기타,중앙선침범,건조,맑음,단일로 - 기타,특수,남,50세,상해없음,승합,남,61세,경상
2014080200100121,2014년 8월 2일 06시,토요일,충청북도 청주시 흥덕구 복대동,경상사고,0,0,1,0,차대차 - 추돌 - 주정차중,안전운전불이행,건조,흐림,교차로 - 교차로부근,승용,남,26세,상해없음,승용,남,41세,경상
2014080200100150,2014년 8월 2일 07시,토요일,충청북도 영동군 매곡면,부상신고사고,0,0,0,1,차량단독 - 도로외이탈 - 추락,안전운전불이행,습기,흐림,교차로 - 교차로부근,승용,남,24세,부상신고,,,,
2014080200100165,2014년 8월 2일 08시,토요일,충청북도 충주시 주덕읍,중상사고,0,1,0,0,차대차 - 추돌 - 진행중,안전운전불이행,건조,맑음,단일로 - 기타,원동기,남,82세,중상,화물,남,60세,상해없음
2014080200100190,2014년 8월 2일 09시,토요일,충청북도 청주시 흥덕구 복대동,경상사고,0,0,1,0,차대사람 - 횡단중,중앙선침범,건조,맑음,단일로 - 기타,승용,남,38세,상해없음,보행자,여,67세,경상
2014080200100191,2014년 8월 2일 09시,토요일,충청북도 청주시 흥덕구 강내면,경상사고,0,0,1,0,차대차 - 기타,안전운전불이행,습기,비,단일로 - 기타,승용,남,40세,상해없음,자전거,남,59세,경상
2014080200100216,2014년 8월 2일 10시,토요일,충청북도 제천시 명동,중상사고,0,1,5,0,차대차 - 측면직각충돌,기타,건조,맑음,교차로 - 교차로안,승용,남,62세,상해없음,화물,남,62세,경상
2014080200100243,2014년 8월 2일 11시,토요일,충청북도 제천시 명동,경상사고,0,0,1,0,차대차 - 측면직각충돌,신호위반,건조,맑음,교차로 - 교차로안,화물,남,62세,상해없음,승용,남,62세,경상
2014080200100244,2014년 8월 2일 11시,토요일,충청북도 청주시 상당구 낭성면,경상사고,0,0,1,0,차대차 - 추돌 - 진행중,안전운전불이행,건조,맑음,단일로 - 기타,건설기계,남,33세,상해없음,원동기,남,39세,경상
2014080200100245,2014년 8월 2일 11시,토요일,충청북도 충주시 노은면,중상사고,0,1,3,0,차대차 - 추돌 - 진행중,안전거리미확보,건조,맑음,단일로 - 기타,승용,여,58세,경상,승용,남,29세,경상
2014080200100280,2014년 8월 2일 12시,토요일,충청북도 제천시 청전동,중상사고,0,1,0,0,차대차 - 기타,신호위반,건조,맑음,교차로 - 교차로부근,원동기,남,19세,중상,승용,여,62세,상해없음
2014080200100281,2014년 8월 2일 12시,토요일,충청북도 제천시 봉양읍,중상사고,0,1,0,0,차대차 - 기타,안전운전불이행,건조,맑음,교차로 - 교차로안,승용,남,54세,상해없음,원동기,남,70세,중상
2014080200100282,2014년 8월 2일 12시,토요일,충청북도 괴산군 불정면,부상신고사고,0,0,0,1,차량단독 - 기타,안전운전불이행,건조,맑음,단일로 - 기타,농기계,남,68세,부상신고,,,,
2014080200100283,2014년 8월 2일 12시,토요일,충청북도 음성군 소이면,사망사고,1,0,0,0,차대차 - 기타,교차로운행방법위반,습기,비,교차로 - 교차로안,화물,남,64세,상해없음,원동기,여,65세,사망
2014080200100284,2014년 8월 2일 12시,토요일,충청북도 청주시 상당구 미원면,경상사고,0,0,5,0,차대차 - 측면직각충돌,교차로운행방법위반,습기,비,교차로 - 교차로안,화물,남,52세,경상,화물,여,55세,경상
2014080200100316,2014년 8월 2일 13시,토요일,충청북도 청주시 흥덕구 봉명동,중상사고,0,1,0,0,차대사람 - 기타,안전운전불이행,건조,맑음,교차로 - 교차로부근,승용,남,55세,상해없음,보행자,여,66세,중상
2014080200100359,2014년 8월 2일 14시,토요일,충청북도 제천시 송학면,중상사고,0,4,4,0,차대차 - 기타,안전운전불이행,건조,맑음,단일로 - 기타,승용,남,33세,상해없음,승합,남,40세,경상
2014080200100360,2014년 8월 2일 14시,토요일,충청북도 괴산군 칠성면,경상사고,0,0,1,0,차대사람 - 횡단중,안전운전불이행,건조,맑음,단일로 - 기타,승용,남,59세,상해없음,보행자,남,10세,경상
2014080200100361,2014년 8월 2일 14시,토요일,충청북도 보은군 수한면,중상사고,0,1,0,0,차대차 - 측면직각충돌,보행자보호의무위반,건조,맑음,교차로 - 교차로안,승합,남,36세,상해없음,자전거,남,8세,중상
2014080200100362,2014년 8월 2일 14시,토요일,충청북도 청주시 흥덕구 운천동,경상사고,0,0,2,0,차대차 - 기타,안전운전불이행,건조,맑음,단일로 - 기타,승용,여,62세,상해없음,승용,여,55세,경상
2014080200100401,2014년 8월 2일 15시,토요일,충청북도 충주시 산척면,중상사고,0,1,2,0,차대차 - 추돌 - 진행중,안전운전불이행,건조,맑음,교차로 - 교차로부근,화물,남,59세,상해없음,승용,남,55세,경상
2014080200100402,2014년 8월 2일 15시,토요일,충청북도 청주시 서원구 성화동,중상사고,0,1,1,0,차대사람 - 기타,안전운전불이행,건조,맑음,교차로 - 교차로부근,원동기,남,16세,상해없음,보행자,여,31세,중상
2014080200100485,2014년 8월 2일 17시,토요일,충청북도 청주시 상당구 미원면,중상사고,0,6,0,0,차대차 - 측면직각충돌,중앙선침범,습기,비,단일로 - 기타,승용,여,25세,중상,승용,남,44세,중상
2014080200100560,2014년 8월 2일 19시,토요일,충청북도 청주시 서원구 사창동,경상사고,0,0,1,0,차대차 - 기타,신호위반,습기,비,교차로 - 교차로부근,승용,남,57세,기타불명,이륜,남,17세,경상
2014080200100561,2014년 8월 2일 19시,토요일,충청북도 충주시 용산동,중상사고,0,1,0,0,차대사람 - 기타,안전운전불이행,건조,맑음,단일로 - 기타,승용,남,46세,상해없음,보행자,남,5세,중상
2014080200100602,2014년 8월 2일 20시,토요일,충청북도 제천시 화산동,경상사고,0,0,1,0,차대차 - 추돌 - 주정차중,안전운전불이행,건조,맑음,교차로 - 교차로부근,원동기,남,61세,상해없음,승용,남,45세,상해없음
2014080200100603,2014년 8월 2일 20시,토요일,충청북도 제천시 천남동,경상사고,0,0,3,0,차대차 - 기타,안전거리미확보,건조,맑음,교차로 - 교차로부근,승용,남,53세,상해없음,화물,남,52세,경상
2014080200100647,2014년 8월 2일 21시,토요일,충청북도 제천시 송학면,경상사고,0,0,1,0,차대차 - 기타,안전운전불이행,건조,맑음,교차로 - 교차로부근,승용,남,44세,경상,승용,여,55세,상해없음
2014080200100648,2014년 8월 2일 21시,토요일,충청북도 영동군 영동읍,중상사고,0,1,0,0,차대사람 - 차도통행중,안전운전불이행,습기,비,단일로 - 기타,승용,남,47세,상해없음,보행자,여,65세,중상
2014080200100649,2014년 8월 2일 21시,토요일,충청북도 증평군 증평읍,경상사고,0,0,2,0,차대차 - 기타,중앙선침범,습기,비,교차로 - 교차로안,승용,남,51세,상해없음,승용,남,47세,경상
2014080200100650,2014년 8월 2일 21시,토요일,충청북도 청주시 서원구 남이면,경상사고,0,0,1,0,차대차 - 추돌 - 주정차중,안전운전불이행,습기,비,교차로 - 교차로부근,승용,남,48세,상해없음,승용,남,30세,경상
2014080200100695,2014년 8월 2일 22시,토요일,충청북도 청주시 흥덕구 봉명동,중상사고,0,1,0,0,차대사람 - 기타,안전운전불이행,건조,맑음,기타 - 기타,승용,남,32세,상해없음,보행자,남,61세,중상
2014080200100696,2014년 8월 2일 22시,토요일,충청북도 청주시 상당구 문의면,중상사고,0,1,1,0,차량단독 - 도로외이탈 - 추락,안전운전불이행,습기,비,단일로 - 기타,승용,남,27세,경상,,,,
2014080300100020,2014년 8월 3일 00시,일요일,충청북도 청주시 청원구 내수읍,중상사고,0,2,0,0,차량단독 - 공작물충돌,안전운전불이행,습기,비,교차로 - 교차로부근,승용,남,48세,중상,,,,
2014080300100021,2014년 8월 3일 00시,일요일,충청북도 충주시 주덕읍,경상사고,0,0,4,0,차대차 - 측면직각충돌,신호위반,습기,비,교차로 - 교차로부근,기타불명,기타불명,기타불명,기타불명,승용,여,48세,경상
2014080300100044,2014년 8월 3일 01시,일요일,충청북도 청주시 흥덕구 가경동,경상사고,0,0,1,0,차대차 - 추돌 - 주정차중,안전운전불이행,건조,맑음,교차로 - 교차로부근,승용,남,27세,상해없음,승용,여,51세,경상
2014080300100075,2014년 8월 3일 02시,일요일,충청북도 청주시 상당구 용담동,경상사고,0,0,1,0,차대사람 - 기타,보행자보호의무위반,습기,흐림,교차로 - 교차로부근,승용,남,40세,상해없음,보행자,여,33세,경상
2014080300100124,2014년 8월 3일 05시,일요일,충청북도 청주시 상당구 영운동,경상사고,0,0,2,0,차대차 - 측면직각충돌,중앙선침범,건조,맑음,단일로 - 기타,승용,남,41세,상해없음,승용,남,44세,경상
2014080300100139,2014년 8월 3일 06시,일요일,충청북도 충주시 대소원면,중상사고,0,2,0,0,차대차 - 기타,안전거리미확보,건조,맑음,단일로 - 기타,이륜,남,66세,중상,승용,남,44세,중상
2014080300100140,2014년 8월 3일 06시,일요일,충청북도 청주시 서원구 수곡동,경상사고,0,0,1,0,차대차 - 측면직각충돌,안전운전불이행,습기,비,단일로 - 기타,승용,기타불명,기타불명,기타불명,원동기,남,27세,경상
2014080300100168,2014년 8월 3일 08시,일요일,충청북도 음성군 음성읍,중상사고,0,1,0,0,차대차 - 기타,중앙선침범,건조,맑음,단일로 - 기타,승용,여,49세,상해없음,화물,남,40세,중상
2014080300100182,2014년 8월 3일 09시,일요일,충청북도 증평군 증평읍,중상사고,0,1,0,0,차대차 - 측면직각충돌,안전운전불이행,건조,맑음,교차로 - 교차로안,승용,남,50세,상해없음,이륜,남,72세,중상
2014080300100200,2014년 8월 3일 10시,일요일,충청북도 충주시 칠금동,경상사고,0,0,1,0,차대차 - 기타,안전운전불이행,건조,흐림,교차로 - 교차로부근,승용,남,75세,상해없음,승용,남,53세,경상
2014080300100238,2014년 8월 3일 12시,일요일,충청북도 충주시 수안보면,경상사고,0,0,4,0,차대차 - 기타,중앙선침범,습기,비,단일로 - 기타,승용,남,54세,상해없음,승용,남,44세,경상
2014080300100265,2014년 8월 3일 13시,일요일,충청북도 옥천군 청성면,중상사고,0,2,1,0,차량단독 - 기타,안전운전불이행,건조,맑음,단일로 - 기타,이륜,남,60세,경상,,,,
2014080300100294,2014년 8월 3일 14시,일요일,충청북도 청주시 흥덕구 오송읍,경상사고,0,0,1,0,차대차 - 측면직각충돌,중앙선침범,건조,맑음,단일로 - 기타,승용,남,56세,상해없음,승용,남,40세,경상
2014080300100329,2014년 8월 3일 15시,일요일,충청북도 청주시 상당구 방서동,경상사고,0,0,5,0,차대차 - 정면충돌,중앙선침범,건조,맑음,단일로 - 기타,승용,남,49세,상해없음,승합,남,46세,상해없음
2014080300100330,2014년 8월 3일 15시,일요일,충청북도 괴산군 연풍면,경상사고,0,0,5,0,차대차 - 추돌 - 진행중,안전거리미확보,습기,비,단일로 - 기타,승용,남,24세,경상,승용,남,32세,경상
2014080300100409,2014년 8월 3일 18시,일요일,충청북도 청주시 서원구 현도면,경상사고,0,0,1,0,차대차 - 추돌 - 주정차중,안전운전불이행,건조,맑음,단일로 - 기타,승용,여,32세,상해없음,승용,남,29세,기타불명
2014080300100464,2014년 8월 3일 20시,일요일,충청북도 청주시 흥덕구 석소동,경상사고,0,0,5,0,차대차 - 기타,안전거리미확보,건조,맑음,단일로 - 기타,승용,남,56세,상해없음,승용,남,42세,경상
2014080300100514,2014년 8월 3일 21시,일요일,충청북도 충주시 성남동,중상사고,0,1,0,0,차대차 - 기타,안전거리미확보,건조,맑음,단일로 - 기타,승용,여,51세,상해없음,이륜,남,38세,중상
2014080300100515,2014년 8월 3일 21시,일요일,충청북도 진천군 광혜원면,중상사고,0,1,0,0,차대차 - 측면직각충돌,안전운전불이행,습기,비,단일로 - 기타,화물,남,40세,상해없음,자전거,남,69세,중상
2014080300100516,2014년 8월 3일 21시,일요일,충청북도 청주시 흥덕구 가경동,중상사고,0,1,0,0,차대사람 - 기타,안전운전불이행,건조,맑음,교차로 - 교차로안,승합,남,57세,상해없음,보행자,여,65세,중상
2014080300100573,2014년 8월 3일 23시,일요일,충청북도 음성군 대소면,경상사고,0,0,6,0,차대차 - 기타,교차로운행방법위반,습기,비,교차로 - 교차로안,승용,여,38세,경상,승용,남,34세,상해없음
2014080300100574,2014년 8월 3일 23시,일요일,충청북도 청주시 흥덕구 강내면,중상사고,0,1,0,0,차량단독 - 기타,안전운전불이행,습기,비,단일로 - 기타,승용,남,35세,중상,,,,
2014080400100037,2014년 8월 4일 02시,월요일,충청북도 옥천군 청성면,경상사고,0,0,2,0,차대차 - 추돌 - 진행중,안전거리미확보,건조,흐림,단일로 - 기타,특수,남,57세,상해없음,승용,여,52세,경상
2014080400100085,2014년 8월 4일 06시,월요일,충청북도 음성군 대소면,중상사고,0,1,1,0,차대차 - 추돌 - 진행중,안전운전불이행,습기,비,단일로 - 기타,화물,남,47세,중상,화물,남,52세,경상
2014080400100109,2014년 8월 4일 07시,월요일,충청북도 충주시 연수동,경상사고,0,0,1,0,차대사람 - 기타,안전운전불이행,건조,맑음,기타 - 기타,승용,여,47세,상해없음,보행자,남,49세,경상
2014080400100134,2014년 8월 4일 08시,월요일,충청북도 단양군 가곡면,중상사고,0,1,0,0,차대차 - 측면직각충돌,안전운전불이행,습기,흐림,교차로 - 교차로안,건설기계,남,60세,상해없음,승용,여,51세,중상
2014080400100160,2014년 8월 4일 09시,월요일,충청북도 청주시 서원구 사창동,중상사고,0,1,0,0,차대사람 - 기타,안전운전불이행,기타,비,교차로 - 교차로부근,승용,여,32세,상해없음,보행자,여,87세,중상
2014080400100220,2014년 8월 4일 11시,월요일,충청북도 괴산군 청천면,중상사고,0,1,3,1,차대차 - 측면직각충돌,직진우회전진행방해,습기,흐림,교차로 - 교차로안,승용,남,19세,부상신고,승용,남,63세,경상
2014080400100303,2014년 8월 4일 13시,월요일,충청북도 청주시 청원구 우암동,경상사고,0,0,2,0,차대차 - 측면직각충돌,교차로운행방법위반,습기,비,교차로 - 교차로안,승용,여,35세,상해없음,승용,남,38세,경상
2014080400100304,2014년 8월 4일 13시,월요일,충청북도 청주시 흥덕구 서촌동,중상사고,0,1,3,0,차대차 - 기타,교차로운행방법위반,습기,비,교차로 - 교차로안,승용,남,41세,경상,승용,여,45세,중상
2014080400100305,2014년 8월 4일 13시,월요일,충청북도 청주시 서원구 장성동,중상사고,0,1,0,0,차대차 - 측면직각충돌,안전운전불이행,습기,비,단일로 - 기타,승용,남,30세,상해없음,승용,남,35세,중상
2014080400100344,2014년 8월 4일 14시,월요일,충청북도 청주시 청원구 내수읍,중상사고,0,1,0,0,차대차 - 기타,교차로운행방법위반,습기,비,교차로 - 교차로안,승용,남,75세,상해없음,이륜,남,46세,중상
2014080400100345,2014년 8월 4일 14시,월요일,충청북도 청주시 서원구 사창동,경상사고,0,0,2,0,차대차 - 측면직각충돌,안전거리미확보,습기,비,단일로 - 기타,화물,남,52세,경상,승용,남,46세,경상
2014080400100346,2014년 8월 4일 14시,월요일,충청북도 옥천군 안내면,경상사고,0,0,3,0,차대차 - 측면직각충돌,중앙선침범,습기,비,단일로 - 기타,승용,여,45세,상해없음,승용,여,44세,경상
2014080400100378,2014년 8월 4일 15시,월요일,충청북도 제천시 의림동,중상사고,0,2,0,0,차대차 - 기타,직진우회전진행방해,습기,비,교차로 - 교차로안,승용,남,58세,상해없음,승용,남,50세,중상
2014080400100379,2014년 8월 4일 15시,월요일,충청북도 청주시 서원구 모충동,경상사고,0,0,1,0,차대차 - 기타,안전운전불이행,건조,맑음,교차로 - 교차로부근,승합,남,63세,상해없음,승용,여,43세,경상
2014080400100419,2014년 8월 4일 16시,월요일,충청북도 청주시 흥덕구 복대동,중상사고,0,1,2,0,차대차 - 추돌 - 주정차중,안전운전불이행,건조,맑음,단일로 - 기타,승합,남,34세,상해없음,승용,남,44세,경상
2014080400100420,2014년 8월 4일 16시,월요일,충청북도 청주시 흥덕구 가경동,경상사고,0,0,2,0,차대차 - 기타,불법유턴,습기,비,교차로 - 교차로안,승용,여,67세,상해없음,승용,여,40세,경상
2014080400100464,2014년 8월 4일 17시,월요일,충청북도 충주시 주덕읍,중상사고,0,2,2,0,차대차 - 측면직각충돌,차로위반,습기,비,기타 - 기타,화물,남,34세,상해없음,승용,남,43세,중상
2014080400100465,2014년 8월 4일 17시,월요일,충청북도 청주시 상당구 용암동,중상사고,0,1,0,0,차대사람 - 횡단중,중앙선침범,습기,비,단일로 - 기타,승용,남,41세,상해없음,보행자,여,59세,중상
2014080400100500,2014년 8월 4일 18시,월요일,충청북도 충주시 칠금동,중상사고,0,1,0,0,차대차 - 측면직각충돌,안전운전불이행,습기,비,단일로 - 기타,승용,여,31세,상해없음,원동기,남,56세,중상
2014080400100540,2014년 8월 4일 19시,월요일,충청북도 제천시 의림동,중상사고,0,1,0,0,차대차 - 기타,직진우회전진행방해,습기,비,교차로 - 교차로안,승용,남,40세,상해없음,원동기,여,51세,중상
2014080400100576,2014년 8월 4일 20시,월요일,충청북도 청주시 상당구 금천동,경상사고,0,0,1,0,차대차 - 측면직각충돌,안전운전불이행,건조,맑음,교차로 - 교차로안,승용,남,59세,상해없음,승용,여,39세,경상
2014080400100651,2014년 8월 4일 22시,월요일,충청북도 청주시 흥덕구 문암동,경상사고,0,0,1,0,차대차 - 측면직각충돌,안전운전불이행,건조,맑음,단일로 - 기타,승용,남,45세,상해없음,승용,남,51세,경상
2014080400100684,2014년 8월 4일 23시,월요일,충청북도 청주시 흥덕구 가경동,경상사고,0,0,1,0,차대차 - 측면직각충돌,안전운전불이행,습기,비,교차로 - 교차로부근,승용,여,36세,경상,승용,남,48세,상해없음
2014080500100009,2014년 8월 5일 00시,화요일,,경상사고,0,0,1,0,차대차 - 기타,안전운전불이행,건조,흐림,단일로 - 기타,승용,남,28세,상해없음,승용,남,49세,경상
2014080500100012,2014년 8월 5일 00시,화요일,충청북도 청주시 서원구 분평동,경상사고,0,0,3,0,차대차 - 정면충돌,중앙선침범,습기,비,교차로 - 교차로안,기타불명,기타불명,기타불명,기타불명,승용,남,55세,경상
2014080500100037,2014년 8월 5일 01시,화요일,충청북도 충주시 교현동,경상사고,0,0,1,0,차대차 - 측면직각충돌,안전거리미확보,습기,비,단일로 - 기타,승용,남,28세,상해없음,승용,남,27세,경상
2014080500100071,2014년 8월 5일 04시,화요일,충청북도 청주시 청원구 율량동,중상사고,0,1,0,0,차대차 - 측면직각충돌,신호위반,건조,맑음,교차로 - 교차로안,화물,남,51세,상해없음,승용,남,54세,중상
2014080500100086,2014년 8월 5일 06시,화요일,충청북도 청주시 흥덕구 가경동,중상사고,0,1,0,0,차대차 - 측면직각충돌,신호위반,건조,맑음,교차로 - 교차로안,승용,남,54세,상해없음,승용,남,57세,중상
2014080500100100,2014년 8월 5일 07시,화요일,충청북도 진천군 진천읍,경상사고,0,0,1,0,차대차 - 측면직각충돌,교차로운행방법위반,건조,맑음,교차로 - 교차로안,승용,남,56세,상해없음,승용,남,33세,경상
2014080500100123,2014년 8월 5일 08시,화요일,충청북도 청주시 상당구 미원면,중상사고,0,1,0,0,차대차 - 측면직각충돌,교차로운행방법위반,건조,맑음,교차로 - 교차로안,화물,남,57세,상해없음,특수,남,40세,중상
2014080500100146,2014년 8월 5일 09시,화요일,충청북도 청주시 상당구 문화동,경상사고,0,0,2,0,차대차 - 측면직각충돌,교차로운행방법위반,건조,흐림,교차로 - 교차로안,승용,여,51세,상해없음,승용,여,36세,경상
2014080500100196,2014년 8월 5일 11시,화요일,충청북도 청주시 상당구 남일면,사망사고,1,1,0,0,차대차 - 측면직각충돌,안전운전불이행,건조,맑음,단일로 - 기타,승용,여,39세,상해없음,이륜,남,17세,중상
2014080500100223,2014년 8월 5일 12시,화요일,충청북도 보은군 회남면,중상사고,0,1,0,0,차량단독 - 공작물충돌,안전운전불이행,건조,맑음,단일로 - 기타,원동기,남,16세,중상,,,,
2014080500100299,2014년 8월 5일 14시,화요일,충청북도 청주시 청원구 오창읍,사망사고,1,1,0,0,차대차 - 기타,중앙선침범,건조,맑음,단일로 - 기타,특수,남,44세,중상,건설기계,남,60세,사망
2014080500100300,2014년 8월 5일 14시,화요일,충청북도 제천시 봉양읍,경상사고,0,0,1,0,차대차 - 기타,직진우회전진행방해,건조,맑음,교차로 - 교차로안,승용,남,76세,상해없음,승용,여,25세,경상
2014080500100301,2014년 8월 5일 14시,화요일,충청북도 괴산군 청안면,중상사고,0,1,1,0,차대차 - 측면직각충돌,직진우회전진행방해,건조,맑음,교차로 - 교차로안,원동기,남,74세,중상,승용,여,53세,경상