사고번호,사고일시,요일,시군구,사고내용,사망자수,중상자수,경상자수,부상신고자수,사고유형,법규위반,노면상태,기상상태,도로형태,가해운전자 차종,가해운전자 성별,가해운전자 연령,가해운전자 상해정도,피해운전자 차종,피해운전자 성별,피해운전자 연령,피해운전자 상해정도
2014080500100332,2014년 8월 5일 15시,화요일,충청북도 제천시 중앙로1가,중상사고,0,1,0,0,차대사람 - 기타,안전운전불이행,건조,맑음,단일로 - 기타,기타불명,기타불명,기타불명,기타불명,보행자,여,78세,중상
2014080500100334,2014년 8월 5일 15시,화요일,충청북도 청주시 흥덕구 복대동,경상사고,0,0,1,0,차대차 - 측면직각충돌,안전거리미확보,건조,맑음,단일로 - 기타,승용,남,31세,상해없음,원동기,남,30세,경상
2014080500100445,2014년 8월 5일 18시,화요일,충청북도 충주시 용산동,경상사고,0,0,1,1,차대차 - 추돌 - 진행중,직진우회전진행방해,건조,맑음,교차로 - 교차로안,승용,남,51세,부상신고,승용,남,42세,경상
2014080500100446,2014년 8월 5일 18시,화요일,충청북도 제천시 청전동,중상사고,0,1,0,0,차대차 - 기타,안전거리미확보,건조,맑음,단일로 - 기타,원동기,남,24세,중상,승용,남,48세,상해없음
2014080500100447,2014년 8월 5일 18시,화요일,충청북도 청주시 흥덕구 가경동,경상사고,0,0,1,0,차대사람 - 길가장자리구역통행중,안전운전불이행,건조,맑음,단일로 - 기타,승용,여,27세,상해없음,보행자,여,61세,경상
2014080500100534,2014년 8월 5일 20시,화요일,충청북도 충주시 문화동,중상사고,0,1,0,0,차대차 - 추돌 - 진행중,중앙선침범,건조,맑음,단일로 - 기타,승용,남,60세,상해없음,원동기,남,24세,중상
2014080500100535,2014년 8월 5일 20시,화요일,충청북도 충주시 용두동,경상사고,0,0,1,0,차대차 - 기타,안전운전불이행,건조,맑음,교차로 - 교차로부근,승용,남,47세,상해없음,승용,남,62세,경상
2014080500100536,2014년 8월 5일 20시,화요일,충청북도 청주시 흥덕구 가경동,경상사고,0,0,2,0,차대차 - 측면직각충돌,안전운전불이행,건조,맑음,단일로 - 기타,승용,남,69세,경상,승용,남,49세,경상
2014080500100616,2014년 8월 5일 23시,화요일,충청북도 청주시 흥덕구 복대동,경상사고,0,0,1,0,차대차 - 기타,교차로운행방법위반,건조,맑음,교차로 - 교차로안,기타불명,기타불명,기타불명,기타불명,승용,남,49세,상해없음
2014080500100617,2014년 8월 5일 23시,화요일,충청북도 청주시 서원구 개신동,중상사고,0,1,0,0,차대차 - 측면직각충돌,신호위반,건조,맑음,교차로 - 교차로안,승용,남,41세,상해없음,자전거,남,28세,중상
2014080600100063,2014년 8월 6일 05시,수요일,충청북도 청주시 청원구 우암동,중상사고,0,1,0,0,차량단독 - 전도전복,안전운전불이행,건조,맑음,교차로 - 교차로안,이륜,남,16세,중상,,,,
2014080600100079,2014년 8월 6일 06시,수요일,충청북도 청주시 흥덕구 가경동,경상사고,0,0,1,0,차대차 - 추돌 - 진행중,안전거리미확보,건조,맑음,교차로 - 교차로부근,화물,남,70세,상해없음,승용,남,39세,경상
2014080600100138,2014년 8월 6일 09시,수요일,충청북도 제천시 서부동,경상사고,0,0,2,0,차대차 - 측면직각충돌,신호위반,건조,맑음,교차로 - 교차로안,승용,여,40세,상해없음,승용,남,59세,경상
2014080600100139,2014년 8월 6일 09시,수요일,충청북도 단양군 영춘면,경상사고,0,0,2,0,차대차 - 측면직각충돌,중앙선침범,건조,맑음,단일로 - 기타,원동기,남,71세,경상,승용,남,46세,상해없음
2014080600100140,2014년 8월 6일 09시,수요일,충청북도 청주시 서원구 죽림동,경상사고,0,0,1,0,차대차 - 측면직각충돌,안전운전불이행,건조,맑음,단일로 - 기타,이륜,남,52세,경상,승용,남,35세,상해없음
2014080600100193,2014년 8월 6일 11시,수요일,충청북도 충주시 문화동,경상사고,0,0,1,0,차대차 - 기타,안전운전불이행,건조,맑음,단일로 - 기타,승용,여,46세,상해없음,승용,여,51세,경상
2014080600100194,2014년 8월 6일 11시,수요일,충청북도 청주시 흥덕구 옥산면,중상사고,0,5,2,0,차대차 - 측면직각충돌,중앙선침범,건조,맑음,단일로 - 기타,승용,남,48세,상해없음,화물,남,37세,경상
2014080600100229,2014년 8월 6일 12시,수요일,충청북도 제천시 의림동,중상사고,0,2,1,0,차대차 - 기타,안전운전불이행,건조,맑음,교차로 - 교차로안,승용,여,49세,경상,승용,여,37세,중상
2014080600100230,2014년 8월 6일 12시,수요일,충청북도 청주시 서원구 산남동,중상사고,0,1,0,0,차대차 - 측면직각충돌,안전운전불이행,건조,맑음,단일로 - 횡단보도상,승용,여,45세,상해없음,이륜,남,34세,중상
2014080600100253,2014년 8월 6일 13시,수요일,충청북도 제천시 서부동,중상사고,0,1,0,0,차대사람 - 횡단중,안전운전불이행,건조,맑음,단일로 - 기타,승합,남,24세,상해없음,보행자,남,14세,중상
2014080600100287,2014년 8월 6일 14시,수요일,충청북도 청주시 청원구 북이면,중상사고,0,2,1,0,차대차 - 측면직각충돌,안전운전불이행,건조,맑음,교차로 - 교차로안,화물,남,68세,상해없음,화물,남,55세,중상
2014080600100288,2014년 8월 6일 14시,수요일,충청북도 옥천군 청산면,경상사고,0,0,1,0,차대차 - 측면직각충돌,안전운전불이행,건조,맑음,교차로 - 교차로안,승합,남,56세,경상,건설기계,남,51세,상해없음
2014080600100289,2014년 8월 6일 14시,수요일,충청북도 옥천군 옥천읍,부상신고사고,0,0,0,1,차대차 - 추돌 - 주정차중,안전운전불이행,건조,맑음,단일로 - 기타,승용,남,44세,부상신고,승용,여,42세,상해없음
2014080600100321,2014년 8월 6일 15시,수요일,충청북도 충주시 금가면,중상사고,0,1,3,0,차대차 - 추돌 - 주정차중,안전운전불이행,건조,맑음,교차로 - 교차로부근,승합,남,41세,상해없음,화물,남,36세,경상
2014080600100322,2014년 8월 6일 15시,수요일,충청북도 충주시 연수동,중상사고,0,1,0,0,차대차 - 추돌 - 진행중,안전운전불이행,건조,맑음,기타 - 기타,승용,여,38세,상해없음,자전거,남,79세,중상
2014080600100323,2014년 8월 6일 15시,수요일,충청북도 제천시 교동,경상사고,0,0,1,0,차대차 - 측면직각충돌,신호위반,건조,맑음,교차로 - 교차로안,승용,남,71세,상해없음,승용,남,52세,경상
2014080600100324,2014년 8월 6일 15시,수요일,충청북도 음성군 소이면,중상사고,0,1,0,0,차대차 - 기타,안전운전불이행,건조,맑음,교차로 - 교차로안,승용,남,34세,상해없음,이륜,남,25세,중상
2014080600100375,2014년 8월 6일 16시,수요일,충청북도 제천시 장락동,경상사고,0,0,1,0,차대사람 - 횡단중,보행자보호의무위반,건조,맑음,단일로 - 횡단보도상,승용,여,43세,상해없음,보행자,남,7세,경상
2014080600100401,2014년 8월 6일 17시,수요일,충청북도 충주시 대소원면,중상사고,0,1,0,0,차대차 - 추돌 - 진행중,안전운전불이행,건조,맑음,교차로 - 교차로안,화물,남,51세,상해없음,자전거,남,33세,중상
2014080600100439,2014년 8월 6일 18시,수요일,충청북도 청주시 청원구 오창읍,중상사고,0,1,1,0,차대차 - 측면직각충돌,신호위반,습기,비,교차로 - 교차로부근,화물,남,49세,중상,승용,남,34세,경상
2014080600100440,2014년 8월 6일 18시,수요일,충청북도 청주시 흥덕구 오송읍,중상사고,0,1,0,0,차대차 - 측면직각충돌,안전운전불이행,건조,맑음,교차로 - 교차로안,화물,남,51세,상해없음,이륜,남,24세,중상
2014080600100510,2014년 8월 6일 20시,수요일,충청북도 충주시 칠금동,중상사고,0,1,0,0,차대차 - 추돌 - 진행중,신호위반,습기,비,교차로 - 교차로안,특수,남,39세,상해없음,승용,남,57세,중상
2014080600100511,2014년 8월 6일 20시,수요일,충청북도 청주시 흥덕구 가경동,경상사고,0,0,2,0,차대차 - 측면직각충돌,안전운전불이행,건조,맑음,단일로 - 기타,승용,남,73세,상해없음,승용,남,28세,경상
2014080600100551,2014년 8월 6일 21시,수요일,충청북도 진천군 진천읍,경상사고,0,0,1,0,차대차 - 측면직각충돌,교차로운행방법위반,건조,맑음,교차로 - 교차로안,승용,남,37세,상해없음,승용,남,43세,상해없음
2014080600100611,2014년 8월 6일 23시,수요일,충청북도 청주시 흥덕구 봉명동,중상사고,0,1,0,0,차대차 - 추돌 - 진행중,안전운전불이행,습기,비,단일로 - 기타,승용,남,41세,상해없음,이륜,남,31세,중상
2014080600100612,2014년 8월 6일 23시,수요일,충청북도 청주시 서원구 산남동,경상사고,0,0,3,0,차대차 - 측면직각충돌,안전운전불이행,습기,비,교차로 - 교차로안,승용,남,53세,상해없음,승용,남,50세,경상
2014080700100015,2014년 8월 7일 00시,목요일,충청북도 증평군 증평읍,중상사고,0,1,0,0,차대차 - 측면직각충돌,신호위반,건조,맑음,교차로 - 교차로안,승용,남,26세,상해없음,이륜,남,16세,중상
2014080700100025,2014년 8월 7일 01시,목요일,충청북도 청주시 흥덕구 봉명동,경상사고,0,0,1,0,차대차 - 측면직각충돌,안전거리미확보,건조,맑음,교차로 - 교차로부근,승용,여,26세,상해없음,승용,남,52세,경상
2014080700100035,2014년 8월 7일 02시,목요일,충청북도 청주시 상당구 탑동,경상사고,0,0,1,0,차대차 - 측면직각충돌,중앙선침범,습기,기타,단일로 - 기타,승용,남,24세,상해없음,승용,남,34세,경상
2014080700100044,2014년 8월 7일 03시,목요일,충청북도 청주시 청원구 내덕동,중상사고,0,1,2,0,차대차 - 측면직각충돌,신호위반,습기,비,교차로 - 교차로안,원동기,남,14세,경상,승용,남,47세,경상
2014080700100127,2014년 8월 7일 08시,목요일,충청북도 청주시 청원구 내덕동,경상사고,0,0,1,0,차대차 - 기타,안전운전불이행,건조,맑음,교차로 - 교차로부근,화물,남,31세,기타불명,승용,여,44세,경상
2014080700100128,2014년 8월 7일 08시,목요일,충청북도 단양군 단양읍,중상사고,0,2,0,0,차대차 - 측면직각충돌,중앙선침범,습기,비,단일로 - 기타,승용,여,42세,상해없음,승용,여,58세,상해없음
2014080700100158,2014년 8월 7일 09시,목요일,충청북도 청주시 서원구 장암동,경상사고,0,0,1,0,차대차 - 기타,신호위반,습기,비,교차로 - 교차로안,승용,남,52세,상해없음,이륜,남,28세,경상
2014080700100201,2014년 8월 7일 11시,목요일,충청북도 충주시 안림동,경상사고,0,0,1,1,차대차 - 추돌 - 진행중,안전운전불이행,습기,비,단일로 - 기타,승용,남,34세,부상신고,승용,남,50세,경상
2014080700100202,2014년 8월 7일 11시,목요일,충청북도 제천시 장락동,경상사고,0,0,4,0,차대차 - 기타,안전거리미확보,건조,맑음,단일로 - 기타,승용,여,53세,상해없음,승용,여,37세,경상
2014080700100203,2014년 8월 7일 11시,목요일,충청북도 음성군 원남면,경상사고,0,0,1,0,차대차 - 기타,안전거리미확보,건조,맑음,단일로 - 기타,화물,남,48세,상해없음,화물,남,68세,경상
2014080700100266,2014년 8월 7일 13시,목요일,충청북도 음성군 감곡면,중상사고,0,1,8,0,차대차 - 추돌 - 진행중,안전운전불이행,건조,흐림,단일로 - 기타,승용,남,21세,상해없음,승용,남,56세,상해없음
2014080700100298,2014년 8월 7일 14시,목요일,충청북도 청주시 청원구 사천동,경상사고,0,0,1,0,차대차 - 측면직각충돌,신호위반,습기,비,교차로 - 교차로부근,화물,남,76세,상해없음,원동기,남,34세,경상
2014080700100299,2014년 8월 7일 14시,목요일,충청북도 옥천군 이원면,중상사고,0,1,2,0,차대차 - 측면직각충돌,중앙선침범,습기,비,교차로 - 교차로부근,화물,남,68세,상해없음,승용,남,49세,경상
2014080700100332,2014년 8월 7일 15시,목요일,충청북도 영동군 매곡면,중상사고,0,1,0,0,차량단독 - 공작물충돌,안전운전불이행,습기,비,단일로 - 기타,화물,남,46세,상해없음,,,,
2014080700100333,2014년 8월 7일 15시,목요일,충청북도 청주시 서원구 현도면,경상사고,0,0,1,1,차대차 - 추돌 - 주정차중,안전운전불이행,습기,비,단일로 - 기타,승용,남,40세,상해없음,승용,여,45세,경상
2014080700100334,2014년 8월 7일 15시,목요일,충청북도 청주시 상당구 용암동,경상사고,0,0,1,0,차대차 - 기타,신호위반,습기,흐림,교차로 - 교차로안,특수,남,70세,기타불명,화물,남,38세,경상
2014080700100369,2014년 8월 7일 16시,목요일,충청북도 청주시 청원구 율량동,경상사고,0,0,3,0,차대차 - 측면직각충돌,안전운전불이행,습기,비,단일로 - 기타,승용,여,56세,상해없음,화물,남,52세,상해없음
2014080700100370,2014년 8월 7일 16시,목요일,충청북도 청주시 흥덕구 가경동,경상사고,0,0,1,0,차대사람 - 횡단중,안전운전불이행,건조,맑음,단일로 - 기타,승합,남,58세,상해없음,보행자,남,10세,경상
2014080700100408,2014년 8월 7일 17시,목요일,충청북도 청주시 흥덕구 가경동,경상사고,0,0,1,0,차대차 - 기타,안전운전불이행,습기,흐림,단일로 - 기타,승용,남,25세,경상,승합,남,50세,상해없음
2014080700100409,2014년 8월 7일 17시,목요일,충청북도 청주시 서원구 모충동,경상사고,0,0,1,0,차대차 - 측면직각충돌,안전운전불이행,건조,맑음,교차로 - 교차로부근,승합,남,60세,상해없음,승용,여,46세,경상
2014080700100515,2014년 8월 7일 20시,목요일,충청북도 충주시 교현동,중상사고,0,1,0,0,차대사람 - 기타,안전운전불이행,습기,흐림,단일로 - 기타,승용,남,53세,상해없음,보행자,남,74세,중상
2014080700100516,2014년 8월 7일 20시,목요일,충청북도 영동군 영동읍,경상사고,0,0,1,0,차대차 - 기타,안전운전불이행,습기,흐림,교차로 - 교차로부근,자전거,남,57세,경상,승용,남,53세,상해없음
2014080700100624,2014년 8월 7일 23시,목요일,충청북도 청주시 상당구 석교동,경상사고,0,0,1,0,차대차 - 추돌 - 진행중,안전거리미확보,건조,맑음,단일로 - 기타,승용,남,62세,상해없음,승용,남,58세,경상
2014080800100012,2014년 8월 8일 00시,금요일,충청북도 제천시 하소동,중상사고,0,2,0,0,차대차 - 기타,안전운전불이행,건조,맑음,단일로 - 기타,화물,남,51세,중상,화물,남,32세,상해없음
2014080800100034,2014년 8월 8일 01시,금요일,충청북도 청주시 흥덕구 복대동,경상사고,0,0,1,0,차대차 - 추돌 - 주정차중,안전운전불이행,건조,맑음,교차로 - 교차로부근,승용,남,63세,상해없음,기타불명,기타불명,기타불명,기타불명
2014080800100075,2014년 8월 8일 05시,금요일,충청북도 청주시 흥덕구 옥산면,중상사고,0,1,0,0,차량단독 - 공작물충돌,안전운전불이행,건조,흐림,교차로 - 교차로안,승용,남,25세,중상,,,,
2014080800100095,2014년 8월 8일 07시,금요일,충청북도 충주시 문화동,중상사고,0,2,0,0,차대차 - 기타,신호위반,건조,맑음,교차로 - 교차로부근,화물,남,48세,상해없음,승용,남,38세,중상
2014080800100096,2014년 8월 8일 07시,금요일,충청북도 청주시 흥덕구 오송읍,경상사고,0,0,2,0,차대차 - 측면직각충돌,신호위반,건조,맑음,교차로 - 교차로안,승용,여,49세,경상,승용,남,53세,경상
2014080800100180,2014년 8월 8일 10시,금요일,충청북도 청주시 상당구 영동,경상사고,0,0,1,0,차대차 - 기타,안전운전불이행,건조,맑음,교차로 - 교차로부근,승용,남,34세,상해없음,승용,남,71세,경상
2014080800100216,2014년 8월 8일 11시,금요일,충청북도 청주시 서원구 미평동,경상사고,0,0,1,0,차대차 - 측면직각충돌,신호위반,건조,맑음,교차로 - 교차로안,이륜,남,25세,상해없음,이륜,남,17세,경상
2014080800100245,2014년 8월 8일 12시,금요일,충청북도 괴산군 칠성면,중상사고,0,2,5,0,차대차 - 추돌 - 진행중,안전운전불이행,건조,맑음,단일로 - 기타,화물,남,53세,상해없음,승용,남,40세,중상
2014080800100246,2014년 8월 8일 12시,금요일,충청북도 음성군 금왕읍,중상사고,0,1,0,0,차대차 - 기타,안전운전불이행,건조,맑음,단일로 - 기타,승용,남,58세,상해없음,자전거,남,8세,중상
2014080800100307,2014년 8월 8일 14시,금요일,충청북도 충주시 중앙탑면,경상사고,0,0,2,0,차대차 - 기타,중앙선침범,건조,맑음,기타 - 기타,승용,남,37세,상해없음,승용,남,30세,경상
2014080800100339,2014년 8월 8일 15시,금요일,충청북도 단양군 매포읍,중상사고,0,2,3,0,차대차 - 기타,중앙선침범,건조,맑음,교차로 - 교차로안,승용,남,73세,경상,승용,남,54세,경상
2014080800100377,2014년 8월 8일 16시,금요일,충청북도 충주시 용두동,경상사고,0,0,1,0,차대차 - 추돌 - 진행중,신호위반,건조,흐림,기타 - 기타,원동기,남,70세,경상,승용,남,58세,상해없음
2014080800100378,2014년 8월 8일 16시,금요일,충청북도 음성군 삼성면,경상사고,0,0,2,0,차대차 - 기타,기타,건조,맑음,단일로 - 기타,승용,남,69세,상해없음,화물,남,26세,상해없음
2014080800100416,2014년 8월 8일 17시,금요일,충청북도 청주시 서원구 사직동,경상사고,0,0,2,0,차대차 - 기타,신호위반,건조,맑음,교차로 - 교차로부근,승용,남,57세,상해없음,승용,남,48세,경상
2014080800100417,2014년 8월 8일 17시,금요일,충청북도 제천시 중앙로1가,중상사고,0,1,0,0,차대사람 - 기타,안전운전불이행,건조,맑음,단일로 - 기타,승용,여,77세,상해없음,보행자,여,80세,중상
2014080800100455,2014년 8월 8일 18시,금요일,충청북도 청주시 서원구 미평동,중상사고,0,1,0,0,차대차 - 기타,신호위반,건조,맑음,단일로 - 기타,이륜,남,18세,상해없음,승용,남,58세,상해없음
2014080800100487,2014년 8월 8일 19시,금요일,충청북도 청주시 상당구 금천동,경상사고,0,0,1,0,차대차 - 기타,신호위반,건조,맑음,교차로 - 교차로부근,승용,남,28세,상해없음,승용,남,23세,경상
2014080800100530,2014년 8월 8일 20시,금요일,충청북도 충주시 금릉동,중상사고,0,1,0,0,차대사람 - 기타,안전운전불이행,건조,맑음,기타 - 기타,화물,남,46세,상해없음,보행자,남,34세,중상
2014080800100531,2014년 8월 8일 20시,금요일,충청북도 청주시 상당구 남문로2가동,경상사고,0,0,3,0,차대차 - 측면직각충돌,중앙선침범,건조,맑음,단일로 - 기타,승용,남,56세,상해없음,승용,남,55세,경상
2014080800100576,2014년 8월 8일 21시,금요일,충청북도 음성군 대소면,경상사고,0,0,1,0,차대차 - 기타,안전운전불이행,건조,맑음,교차로 - 교차로안,승용,여,59세,경상,화물,남,45세,상해없음
2014080800100577,2014년 8월 8일 21시,금요일,충청북도 청주시 상당구 용암동,경상사고,0,0,1,0,차대차 - 측면직각충돌,안전운전불이행,건조,맑음,단일로 - 기타,화물,남,41세,상해없음,이륜,남,45세,경상
2014080800100612,2014년 8월 8일 22시,금요일,충청북도 청주시 서원구 죽림동,중상사고,0,1,0,0,차대차 - 측면직각충돌,교차로운행방법위반,건조,맑음,교차로 - 교차로안,이륜,남,16세,중상,승용,남,36세,상해없음
2014080900100109,2014년 8월 9일 06시,토요일,충청북도 청주시 청원구 율량동,중상사고,0,1,0,0,차량단독 - 공작물충돌,안전운전불이행,건조,맑음,단일로 - 기타,승용,남,24세,중상,,,,
2014080900100125,2014년 8월 9일 07시,토요일,충청북도 청주시 서원구 남이면,중상사고,0,1,1,0,차대차 - 측면직각충돌,안전운전불이행,건조,맑음,단일로 - 기타,특수,남,35세,상해없음,승용,남,61세,경상
2014080900100161,2014년 8월 9일 09시,토요일,충청북도 충주시 호암동,경상사고,0,0,1,0,차대차 - 기타,신호위반,건조,맑음,교차로 - 교차로안,화물,남,69세,상해없음,승용,남,45세,경상
2014080900100162,2014년 8월 9일 09시,토요일,충청북도 제천시 중앙로1가,경상사고,0,0,4,0,차대차 - 기타,직진우회전진행방해,건조,맑음,교차로 - 교차로안,승용,남,77세,경상,승용,여,44세,경상
2014080900100163,2014년 8월 9일 09시,토요일,충청북도 제천시 고암동,중상사고,0,2,2,0,차대차 - 기타,안전운전불이행,건조,맑음,단일로 - 기타,승용,남,59세,상해없음,승용,남,45세,경상
2014080900100164,2014년 8월 9일 09시,토요일,충청북도 옥천군 옥천읍,경상사고,0,0,1,0,차대차 - 측면직각충돌,교차로운행방법위반,건조,맑음,교차로 - 교차로안,승용,남,57세,경상,승용,남,55세,상해없음
2014080900100192,2014년 8월 9일 10시,토요일,충청북도 충주시 산척면,중상사고,0,4,0,0,차대차 - 기타,안전거리미확보,건조,맑음,단일로 - 기타,건설기계,남,35세,상해없음,승용,여,54세,중상
2014080900100261,2014년 8월 9일 12시,토요일,충청북도 청주시 청원구 사천동,중상사고,0,1,0,0,차대차 - 측면직각충돌,안전운전불이행,건조,맑음,단일로 - 기타,승용,남,48세,상해없음,원동기,남,72세,중상
2014080900100262,2014년 8월 9일 12시,토요일,충청북도 제천시 교동,경상사고,0,0,1,0,차대차 - 기타,안전운전불이행,건조,맑음,교차로 - 교차로부근,승용,남,57세,상해없음,승용,여,55세,경상
2014080900100263,2014년 8월 9일 12시,토요일,충청북도 청주시 상당구 미원면,중상사고,0,1,0,0,차대차 - 측면직각충돌,안전운전불이행,건조,맑음,단일로 - 기타,원동기,남,76세,중상,승용,남,50세,상해없음
2014080900100286,2014년 8월 9일 13시,토요일,충청북도 충주시 금가면,경상사고,0,0,4,0,차대차 - 기타,안전거리미확보,건조,맑음,단일로 - 기타,특수,남,47세,상해없음,승용,남,25세,경상
2014080900100287,2014년 8월 9일 13시,토요일,충청북도 괴산군 괴산읍,경상사고,0,0,1,0,차대차 - 측면직각충돌,안전거리미확보,건조,맑음,교차로 - 교차로부근,화물,남,57세,상해없음,이륜,남,17세,경상
2014080900100288,2014년 8월 9일 13시,토요일,충청북도 청주시 흥덕구 오송읍,경상사고,0,0,4,0,차대차 - 측면직각충돌,안전운전불이행,건조,맑음,단일로 - 기타,승용,여,33세,경상,승용,남,34세,경상
2014080900100289,2014년 8월 9일 13시,토요일,충청북도 청주시 흥덕구 송정동,경상사고,0,0,1,0,차대차 - 측면직각충돌,안전거리미확보,건조,맑음,단일로 - 기타,화물,남,55세,상해없음,승용,남,54세,상해없음
2014080900100290,2014년 8월 9일 13시,토요일,충청북도 청주시 상당구 서운동,경상사고,0,0,2,0,차대차 - 추돌 - 주정차중,안전운전불이행,건조,맑음,단일로 - 기타,화물,남,44세,상해없음,승합,남,54세,경상
2014080900100323,2014년 8월 9일 14시,토요일,충청북도 청주시 서원구 사창동,경상사고,0,0,1,0,차대차 - 측면직각충돌,안전운전불이행,건조,맑음,교차로 - 교차로부근,승용,남,52세,상해없음,승합,남,42세,상해없음
2014080900100382,2014년 8월 9일 16시,토요일,충청북도 제천시 청전동,경상사고,0,0,1,0,차대차 - 기타,안전운전불이행,건조,맑음,단일로 - 기타,승용,여,50세,상해없음,승용,남,65세,경상
2014080900100383,2014년 8월 9일 16시,토요일,충청북도 음성군 대소면,중상사고,0,1,0,0,차대사람 - 기타,안전운전불이행,건조,맑음,단일로 - 기타,화물,남,60세,상해없음,보행자,남,63세,중상
2014080900100384,2014년 8월 9일 16시,토요일,충청북도 청주시 서원구 성화동,중상사고,0,2,1,0,차대차 - 기타,교차로운행방법위반,건조,맑음,교차로 - 교차로안,화물,남,50세,중상,승용,여,40세,경상
2014080900100406,2014년 8월 9일 17시,토요일,충청북도 보은군 산외면,중상사고,0,3,0,0,차대차 - 정면충돌,중앙선침범,건조,맑음,단일로 - 기타,이륜,남,68세,중상,승용,남,39세,중상
2014080900100407,2014년 8월 9일 17시,토요일,충청북도 진천군 덕산면,중상사고,0,1,0,0,차대사람 - 기타,안전운전불이행,건조,맑음,단일로 - 기타,승용,남,27세,상해없음,보행자,남,14세,중상
2014080900100439,2014년 8월 9일 18시,토요일,충청북도 제천시 청전동,중상사고,0,1,0,0,차대차 - 기타,신호위반,건조,맑음,교차로 - 교차로안,자전거,남,16세,중상,승용,남,75세,상해없음
2014080900100440,2014년 8월 9일 18시,토요일,충청북도 괴산군 소수면,중상사고,0,1,0,0,차대사람 - 횡단중,안전운전불이행,건조,맑음,교차로 - 교차로안,화물,남,56세,상해없음,보행자,여,77세,중상
2014080900100492,2014년 8월 9일 20시,토요일,충청북도 제천시 남천동,경상사고,0,0,1,0,차대사람 - 기타,안전운전불이행,건조,맑음,단일로 - 기타,승용,남,62세,상해없음,보행자,여,75세,경상
2014080900100520,2014년 8월 9일 21시,토요일,충청북도 청주시 흥덕구 신대동,경상사고,0,0,1,0,차대차 - 기타,안전운전불이행,건조,맑음,기타 - 기타,자전거,남,66세,경상,자전거,남,15세,상해없음
2014080900100521,2014년 8월 9일 21시,토요일,충청북도 청주시 흥덕구 봉명동,경상사고,0,0,1,0,차대차 - 기타,교차로운행방법위반,건조,맑음,교차로 - 교차로안,승용,남,27세,상해없음,승용,남,63세,상해없음
2014080900100547,2014년 8월 9일 22시,토요일,충청북도 청주시 서원구 모충동,중상사고,0,3,0,0,차대차 - 기타,신호위반,건조,맑음,교차로 - 교차로안,승용,남,31세,상해없음,승합,남,50세,중상
2014080900100548,2014년 8월 9일 22시,토요일,충청북도 청주시 상당구 명암동,경상사고,0,0,2,0,차대차 - 측면직각충돌,안전운전불이행,건조,맑음,교차로 - 교차로부근,승용,남,32세,경상,이륜,남,22세,경상
2014081000100014,2014년 8월 10일 00시,일요일,충청북도 제천시 화산동,경상사고,0,0,3,0,차대차 - 측면직각충돌,안전운전불이행,건조,맑음,교차로 - 교차로부근,승용,남,32세,상해없음,승용,남,26세,경상
2014081000100052,2014년 8월 10일 02시,일요일,충청북도 청주시 서원구 사창동,경상사고,0,0,1,0,차대차 - 추돌 - 주정차중,안전운전불이행,건조,맑음,단일로 - 기타,승용,남,25세,상해없음,승용,남,55세,경상
2014081000100064,2014년 8월 10일 03시,일요일,충청북도 청주시 흥덕구 복대동,중상사고,0,2,2,0,차대차 - 기타,중앙선침범,건조,흐림,단일로 - 기타,승용,남,22세,상해없음,승용,남,48세,중상
2014081000100065,2014년 8월 10일 03시,일요일,충청북도 청주시 흥덕구 운천동,경상사고,0,0,1,0,차대차 - 추돌 - 주정차중,안전운전불이행,건조,맑음,교차로 - 교차로부근,승용,남,24세,상해없음,승용,여,52세,경상
2014081000100104,2014년 8월 10일 06시,일요일,충청북도 청주시 청원구 율량동,경상사고,0,0,3,0,차대차 - 추돌 - 주정차중,안전운전불이행,건조,맑음,단일로 - 기타,승용,남,29세,상해없음,승용,남,34세,경상
2014081000100123,2014년 8월 10일 08시,일요일,충청북도 청주시 흥덕구 문암동,경상사고,0,0,1,0,차대차 - 기타,교차로운행방법위반,건조,맑음,교차로 - 교차로안,승용,남,46세,상해없음,승용,남,42세,경상
2014081000100124,2014년 8월 10일 08시,일요일,충청북도 청주시 서원구 남이면,중상사고,0,1,1,0,차대차 - 기타,신호위반,건조,맑음,교차로 - 교차로안,승용,여,33세,경상,승용,남,39세,중상
2014081000100182,2014년 8월 10일 11시,일요일,충청북도 청주시 청원구 율량동,경상사고,0,0,1,0,차대차 - 기타,안전운전불이행,건조,맑음,단일로 - 기타,승용,남,57세,상해없음,승합,남,49세,상해없음
2014081000100194,2014년 8월 10일 12시,일요일,충청북도 청주시 흥덕구 정봉동,경상사고,0,0,1,0,차대차 - 기타,안전운전불이행,건조,맑음,단일로 - 기타,승용,남,71세,상해없음,승용,남,33세,상해없음
2014081000100217,2014년 8월 10일 13시,일요일,충청북도 제천시 하소동,경상사고,0,0,3,0,차대차 - 기타,직진우회전진행방해,습기,비,교차로 - 교차로안,승용,남,50세,상해없음,승용,남,38세,상해없음
2014081000100218,2014년 8월 10일 13시,일요일,충청북도 음성군 음성읍,경상사고,0,0,1,0,차대차 - 기타,안전운전불이행,건조,맑음,단일로 - 기타,승용,남,50세,상해없음,자전거,남,90세 이상,경상
2014081000100238,2014년 8월 10일 14시,일요일,충청북도 음성군 감곡면,경상사고,0,0,4,0,차대차 - 추돌 - 주정차중,안전운전불이행,건조,맑음,단일로 - 기타,승용,여,27세,상해없음,승용,여,34세,경상
2014081000100239,2014년 8월 10일 14시,일요일,충청북도 진천군 진천읍,경상사고,0,0,3,0,차대차 - 측면직각충돌,교차로운행방법위반,건조,맑음,교차로 - 교차로안,승용,남,57세,상해없음,승용,여,35세,경상