사고번호,사고일시,요일,시군구,사고내용,사망자수,중상자수,경상자수,부상신고자수,사고유형,법규위반,노면상태,기상상태,도로형태,가해운전자 차종,가해운전자 성별,가해운전자 연령,가해운전자 상해정도,피해운전자 차종,피해운전자 성별,피해운전자 연령,피해운전자 상해정도
2014081000100240,2014년 8월 10일 14시,일요일,충청북도 청주시 서원구 현도면,경상사고,0,0,2,0,차대차 - 측면직각충돌,중앙선침범,건조,맑음,단일로 - 기타,화물,남,63세,상해없음,승용,남,78세,경상
2014081000100271,2014년 8월 10일 15시,일요일,충청북도 청주시 청원구 오창읍,경상사고,0,0,3,0,차대차 - 기타,교차로운행방법위반,건조,맑음,교차로 - 교차로안,화물,남,33세,상해없음,승용,남,33세,경상
2014081000100272,2014년 8월 10일 15시,일요일,충청북도 충주시 주덕읍,경상사고,0,0,3,0,차대차 - 기타,안전운전불이행,건조,맑음,기타 - 기타,승용,남,45세,상해없음,승용,여,28세,경상
2014081000100307,2014년 8월 10일 16시,일요일,충청북도 단양군 가곡면,중상사고,0,1,0,0,차대차 - 기타,안전운전불이행,습기,비,교차로 - 교차로안,화물,남,41세,상해없음,승용,여,55세,중상
2014081000100341,2014년 8월 10일 17시,일요일,충청북도 제천시 강제동,경상사고,0,0,4,1,차대차 - 기타,안전운전불이행,건조,맑음,교차로 - 교차로안,승용,여,42세,경상,승용,남,45세,경상
2014081000100342,2014년 8월 10일 17시,일요일,충청북도 진천군 이월면,경상사고,0,0,2,0,차대차 - 정면충돌,안전운전불이행,습기,비,단일로 - 기타,승용,남,52세,경상,승용,남,49세,경상
2014081000100343,2014년 8월 10일 17시,일요일,충청북도 청주시 상당구 미원면,중상사고,0,4,7,0,차대차 - 추돌 - 주정차중,안전운전불이행,건조,흐림,단일로 - 기타,승용,남,27세,상해없음,승용,남,63세,상해없음
2014081000100383,2014년 8월 10일 18시,일요일,충청북도 충주시 산척면,중상사고,0,1,1,1,차대차 - 기타,안전운전불이행,습기,비,단일로 - 기타,승용,여,64세,부상신고,승용,남,51세,상해없음
2014081000100384,2014년 8월 10일 18시,일요일,충청북도 충주시 단월동,경상사고,0,0,2,0,차대차 - 추돌 - 진행중,직진우회전진행방해,습기,비,교차로 - 교차로안,승용,남,23세,경상,승용,여,58세,경상
2014081000100418,2014년 8월 10일 19시,일요일,충청북도 증평군 증평읍,경상사고,0,0,1,0,차량단독 - 공작물충돌,안전운전불이행,습기,비,단일로 - 기타,승용,남,39세,경상,,,,
2014081000100460,2014년 8월 10일 20시,일요일,충청북도 제천시 남천동,경상사고,0,0,3,0,차대차 - 추돌 - 주정차중,안전거리미확보,습기,비,단일로 - 기타,승용,여,20세,상해없음,승용,남,68세,경상
2014081000100485,2014년 8월 10일 21시,일요일,충청북도 옥천군 옥천읍,경상사고,0,0,1,0,차대차 - 기타,안전운전불이행,습기,비,교차로 - 교차로안,이륜,남,17세,경상,승용,여,50세,상해없음
2014081000100515,2014년 8월 10일 22시,일요일,충청북도 청주시 청원구 오창읍,중상사고,0,1,1,0,차대차 - 측면직각충돌,신호위반,건조,맑음,교차로 - 교차로안,승용,남,42세,중상,승용,여,35세,경상
2014081000100516,2014년 8월 10일 22시,일요일,충청북도 음성군 음성읍,경상사고,0,0,2,0,차대차 - 추돌 - 주정차중,안전운전불이행,건조,맑음,교차로 - 교차로부근,승용,남,41세,상해없음,승용,남,53세,경상
2014081000100536,2014년 8월 10일 23시,일요일,충청북도 충주시 문화동,경상사고,0,0,1,0,차대차 - 기타,안전운전불이행,건조,맑음,교차로 - 교차로안,화물,남,47세,상해없음,승용,남,43세,경상
2014081100100037,2014년 8월 11일 05시,월요일,충청북도 청주시 흥덕구 봉명동,중상사고,0,1,0,0,차대차 - 측면직각충돌,안전운전불이행,건조,맑음,교차로 - 교차로안,승용,여,71세,상해없음,이륜,남,58세,중상
2014081100100054,2014년 8월 11일 06시,월요일,충청북도 청주시 청원구 사천동,경상사고,0,0,1,0,차대차 - 측면직각충돌,교차로운행방법위반,건조,맑음,교차로 - 교차로안,자전거,남,80세,경상,승용,여,49세,상해없음
2014081100100075,2014년 8월 11일 07시,월요일,충청북도 청주시 청원구 주중동,경상사고,0,0,1,0,차대차 - 기타,안전운전불이행,건조,맑음,교차로 - 교차로부근,승용,남,32세,상해없음,승합,남,55세,경상
2014081100100076,2014년 8월 11일 07시,월요일,충청북도 충주시 동량면,중상사고,0,1,2,0,차대차 - 정면충돌,중앙선침범,건조,맑음,단일로 - 기타,승용,여,24세,중상,화물,남,49세,경상
2014081100100077,2014년 8월 11일 07시,월요일,충청북도 단양군 매포읍,경상사고,0,0,1,0,차대차 - 기타,직진우회전진행방해,건조,맑음,교차로 - 교차로안,이륜,남,73세,기타불명,특수,남,43세,상해없음
2014081100100078,2014년 8월 11일 07시,월요일,충청북도 청주시 흥덕구 옥산면,경상사고,0,0,3,0,차대차 - 측면직각충돌,안전운전불이행,건조,맑음,단일로 - 기타,화물,남,32세,경상,승용,남,53세,경상
2014081100100114,2014년 8월 11일 08시,월요일,충청북도 충주시 산척면,사망사고,1,0,1,0,차대차 - 추돌 - 진행중,안전운전불이행,건조,맑음,단일로 - 기타,승용,남,55세,사망,화물,남,35세,경상
2014081100100146,2014년 8월 11일 09시,월요일,충청북도 청주시 청원구 율량동,경상사고,0,0,1,0,차대차 - 측면직각충돌,교차로운행방법위반,건조,맑음,교차로 - 교차로안,승용,여,36세,상해없음,승용,남,58세,경상
2014081100100147,2014년 8월 11일 09시,월요일,충청북도 청주시 흥덕구 신봉동,부상신고사고,0,0,0,1,차대차 - 측면직각충돌,안전운전불이행,건조,맑음,교차로 - 교차로부근,화물,남,56세,상해없음,자전거,남,69세,부상신고
2014081100100177,2014년 8월 11일 10시,월요일,충청북도 청주시 청원구 율량동,경상사고,0,0,1,0,차대차 - 측면직각충돌,안전운전불이행,건조,맑음,단일로 - 기타,건설기계,남,51세,상해없음,승용,여,29세,경상
2014081100100201,2014년 8월 11일 11시,월요일,충청북도 청주시 청원구 오창읍,경상사고,0,0,1,0,차대차 - 측면직각충돌,안전운전불이행,건조,맑음,교차로 - 교차로안,승용,여,39세,상해없음,승용,남,34세,경상
2014081100100202,2014년 8월 11일 11시,월요일,충청북도 충주시 봉방동,중상사고,0,1,0,1,차대차 - 추돌 - 진행중,직진우회전진행방해,건조,맑음,교차로 - 교차로안,승용,여,51세,부상신고,승용,남,46세,중상
2014081100100203,2014년 8월 11일 11시,월요일,충청북도 음성군 금왕읍,중상사고,0,1,1,0,차대차 - 기타,교차로운행방법위반,건조,맑음,교차로 - 교차로안,화물,남,47세,경상,승용,여,58세,중상
2014081100100272,2014년 8월 11일 13시,월요일,충청북도 제천시 남천동,경상사고,0,0,2,0,차대차 - 측면직각충돌,직진우회전진행방해,건조,맑음,교차로 - 교차로안,승용,남,52세,상해없음,승용,남,50세,경상
2014081100100273,2014년 8월 11일 13시,월요일,충청북도 영동군 영동읍,경상사고,0,0,1,0,차대차 - 기타,신호위반,건조,맑음,교차로 - 교차로안,자전거,남,20세,경상,승용,여,36세,상해없음
2014081100100274,2014년 8월 11일 13시,월요일,충청북도 청주시 흥덕구 송정동,경상사고,0,0,2,0,차대차 - 측면직각충돌,교차로운행방법위반,건조,맑음,교차로 - 교차로안,화물,남,37세,경상,승용,여,38세,경상
2014081100100309,2014년 8월 11일 14시,월요일,충청북도 제천시 남천동,경상사고,0,0,4,0,차대차 - 추돌 - 진행중,안전운전불이행,건조,맑음,단일로 - 기타,화물,남,41세,상해없음,승용,남,27세,경상
2014081100100310,2014년 8월 11일 14시,월요일,충청북도 옥천군 옥천읍,중상사고,0,1,0,0,차대사람 - 기타,안전운전불이행,건조,맑음,단일로 - 기타,승용,여,37세,상해없음,보행자,남,57세,중상
2014081100100349,2014년 8월 11일 15시,월요일,충청북도 청주시 청원구 율량동,경상사고,0,0,2,0,차대차 - 측면직각충돌,안전운전불이행,건조,맑음,단일로 - 기타,승용,남,31세,경상,승용,여,54세,경상
2014081100100390,2014년 8월 11일 16시,월요일,충청북도 청주시 흥덕구 봉명동,부상신고사고,0,0,0,1,차대차 - 정면충돌,안전운전불이행,건조,맑음,교차로 - 교차로부근,원동기,남,24세,부상신고,승용,여,43세,상해없음
2014081100100434,2014년 8월 11일 17시,월요일,충청북도 청주시 흥덕구 지동동,경상사고,0,0,1,0,차대차 - 추돌 - 주정차중,안전운전불이행,건조,맑음,교차로 - 교차로부근,화물,남,25세,상해없음,승용,여,54세,경상
2014081100100475,2014년 8월 11일 18시,월요일,충청북도 단양군 단양읍,중상사고,0,1,0,0,차대사람 - 횡단중,안전운전불이행,건조,맑음,교차로 - 교차로안,승용,여,58세,상해없음,보행자,여,65세,중상
2014081100100542,2014년 8월 11일 20시,월요일,충청북도 청주시 청원구 오창읍,사망사고,1,0,2,0,차대차 - 추돌 - 진행중,안전운전불이행,건조,맑음,단일로 - 교량,화물,남,49세,사망,승용,남,48세,경상
2014081100100543,2014년 8월 11일 20시,월요일,충청북도 충주시 연수동,경상사고,0,0,2,0,차대차 - 추돌 - 주정차중,안전운전불이행,건조,맑음,단일로 - 기타,승용,남,48세,상해없음,승용,남,50세,경상
2014081100100544,2014년 8월 11일 20시,월요일,충청북도 보은군 마로면,중상사고,0,1,0,0,차대사람 - 길가장자리구역통행중,안전운전불이행,건조,기타,단일로 - 기타,화물,남,53세,상해없음,보행자,남,57세,중상
2014081100100545,2014년 8월 11일 20시,월요일,충청북도 음성군 금왕읍,경상사고,0,0,1,0,차대차 - 기타,안전운전불이행,건조,맑음,교차로 - 교차로부근,승용,남,51세,상해없음,승용,남,30세,경상
2014081100100584,2014년 8월 11일 21시,월요일,충청북도 청주시 흥덕구 비하동,중상사고,0,1,0,0,차대사람 - 횡단중,안전운전불이행,건조,맑음,교차로 - 교차로부근,승용,여,48세,상해없음,보행자,남,9세,중상
2014081100100621,2014년 8월 11일 22시,월요일,충청북도 청주시 서원구 남이면,중상사고,0,1,0,0,차대사람 - 기타,안전운전불이행,건조,맑음,단일로 - 기타,승합,남,29세,상해없음,보행자,남,58세,중상
2014081200100055,2014년 8월 12일 03시,화요일,충청북도 음성군 대소면,경상사고,0,0,1,0,차량단독 - 공작물충돌,안전운전불이행,건조,맑음,단일로 - 기타,승용,남,47세,경상,,,,
2014081200100063,2014년 8월 12일 04시,화요일,충청북도 음성군 감곡면,중상사고,0,1,0,0,차대차 - 기타,안전운전불이행,건조,맑음,단일로 - 기타,승용,남,17세,중상,화물,남,48세,상해없음
2014081200100064,2014년 8월 12일 04시,화요일,충청북도 청주시 흥덕구 강서동,중상사고,0,1,0,0,차대차 - 측면직각충돌,신호위반,건조,맑음,교차로 - 교차로안,이륜,남,62세,중상,승용,남,52세,상해없음
2014081200100101,2014년 8월 12일 07시,화요일,충청북도 청주시 서원구 분평동,중상사고,0,1,0,0,차대차 - 정면충돌,안전운전불이행,건조,맑음,단일로 - 기타,승용,남,49세,상해없음,자전거,남,45세,중상
2014081200100170,2014년 8월 12일 09시,화요일,충청북도 청주시 청원구 사천동,경상사고,0,0,2,0,차대차 - 기타,안전운전불이행,건조,맑음,단일로 - 기타,승용,남,39세,경상,승합,남,26세,상해없음
2014081200100171,2014년 8월 12일 09시,화요일,충청북도 청주시 흥덕구 문암동,경상사고,0,0,1,0,차대차 - 기타,안전운전불이행,건조,맑음,단일로 - 기타,화물,남,59세,상해없음,승용,남,20세,경상
2014081200100172,2014년 8월 12일 09시,화요일,충청북도 청주시 흥덕구 가경동,경상사고,0,0,2,0,차대차 - 측면직각충돌,교차로운행방법위반,건조,맑음,교차로 - 교차로안,승용,여,49세,경상,승용,남,25세,경상
2014081200100204,2014년 8월 12일 10시,화요일,충청북도 청주시 청원구 주성동,경상사고,0,0,6,0,차대차 - 기타,안전운전불이행,건조,맑음,단일로 - 기타,화물,남,59세,상해없음,승용,남,45세,경상
2014081200100205,2014년 8월 12일 10시,화요일,충청북도 제천시 명동,중상사고,0,1,0,0,차대차 - 측면직각충돌,안전운전불이행,건조,맑음,단일로 - 기타,승용,여,43세,상해없음,자전거,남,39세,중상
2014081200100206,2014년 8월 12일 10시,화요일,충청북도 청주시 상당구 금천동,경상사고,0,0,1,0,차대차 - 측면직각충돌,안전운전불이행,건조,맑음,교차로 - 교차로안,승용,여,36세,상해없음,자전거,남,12세,경상
2014081200100234,2014년 8월 12일 11시,화요일,충청북도 청주시 서원구 사창동,경상사고,0,0,1,0,차대차 - 기타,안전운전불이행,건조,맑음,기타 - 기타,승용,남,60세,상해없음,이륜,여,50세,경상
2014081200100235,2014년 8월 12일 11시,화요일,충청북도 제천시 명동,경상사고,0,0,1,0,차대차 - 기타,직진우회전진행방해,건조,맑음,교차로 - 교차로안,화물,여,59세,상해없음,승용,남,61세,경상
2014081200100267,2014년 8월 12일 12시,화요일,충청북도 청주시 서원구 산남동,중상사고,0,1,1,0,차대차 - 기타,기타,건조,맑음,교차로 - 교차로부근,승용,남,24세,상해없음,승용,여,54세,상해없음
2014081200100334,2014년 8월 12일 14시,화요일,충청북도 청주시 상당구 문의면,중상사고,0,1,1,0,차대차 - 추돌 - 주정차중,안전운전불이행,건조,맑음,단일로 - 기타,화물,남,39세,중상,화물,남,34세,상해없음
2014081200100359,2014년 8월 12일 15시,화요일,충청북도 청주시 상당구 금천동,경상사고,0,0,2,0,차대차 - 기타,안전운전불이행,건조,맑음,단일로 - 기타,승용,남,44세,상해없음,승용,남,30세,경상
2014081200100390,2014년 8월 12일 16시,화요일,충청북도 음성군 맹동면,경상사고,0,0,2,0,차대차 - 기타,교차로운행방법위반,건조,맑음,교차로 - 교차로안,화물,남,42세,상해없음,승용,여,56세,경상
2014081200100391,2014년 8월 12일 16시,화요일,충청북도 청주시 흥덕구 가경동,경상사고,0,0,1,0,차대차 - 측면직각충돌,교차로운행방법위반,건조,맑음,교차로 - 교차로안,승용,여,33세,상해없음,원동기,남,18세,경상
2014081200100465,2014년 8월 12일 18시,화요일,충청북도 청주시 청원구 오창읍,경상사고,0,0,1,0,차대차 - 측면직각충돌,신호위반,건조,맑음,교차로 - 교차로안,승용,남,28세,상해없음,자전거,여,69세,경상
2014081200100504,2014년 8월 12일 19시,화요일,충청북도 청주시 서원구 사창동,경상사고,0,0,2,0,차대차 - 기타,안전운전불이행,건조,맑음,단일로 - 기타,승용,남,55세,상해없음,승용,남,41세,경상
2014081200100559,2014년 8월 12일 21시,화요일,충청북도 청주시 청원구 오창읍,경상사고,0,0,1,0,차대사람 - 기타,안전운전불이행,건조,맑음,기타 - 기타,승합,남,54세,상해없음,보행자,여,5세,경상
2014081200100588,2014년 8월 12일 22시,화요일,충청북도 음성군 금왕읍,경상사고,0,0,2,0,차대차 - 기타,신호위반,건조,맑음,교차로 - 교차로안,원동기,남,18세,경상,승용,여,54세,경상
2014081200100589,2014년 8월 12일 22시,화요일,충청북도 청주시 서원구 모충동,경상사고,0,0,2,0,차대차 - 기타,안전운전불이행,습기,흐림,교차로 - 교차로부근,승용,남,47세,상해없음,승용,여,33세,경상
2014081300100015,2014년 8월 13일 00시,수요일,충청북도 음성군 감곡면,중상사고,0,3,1,0,차대차 - 기타,안전운전불이행,건조,맑음,단일로 - 기타,승용,남,59세,상해없음,승용,남,50세,중상
2014081300100016,2014년 8월 13일 00시,수요일,충청북도 진천군 진천읍,경상사고,0,0,1,0,차대차 - 추돌 - 진행중,안전운전불이행,건조,맑음,단일로 - 기타,화물,남,38세,상해없음,승용,남,29세,경상
2014081300100051,2014년 8월 13일 03시,수요일,충청북도 청주시 흥덕구 봉명동,경상사고,0,0,2,0,차대차 - 측면직각충돌,교차로운행방법위반,건조,맑음,교차로 - 교차로안,승용,남,23세,상해없음,승용,남,24세,경상
2014081300100120,2014년 8월 13일 08시,수요일,충청북도 청주시 흥덕구 봉명동,경상사고,0,0,1,0,차대차 - 측면직각충돌,안전거리미확보,건조,맑음,단일로 - 기타,승용,남,59세,상해없음,승용,여,42세,경상
2014081300100149,2014년 8월 13일 09시,수요일,충청북도 증평군 증평읍,경상사고,0,0,2,0,차대차 - 측면직각충돌,신호위반,건조,맑음,교차로 - 교차로안,승합,남,53세,상해없음,승합,남,65세,경상
2014081300100150,2014년 8월 13일 09시,수요일,충청북도 청주시 흥덕구 복대동,경상사고,0,0,1,0,차대사람 - 횡단중,안전운전불이행,건조,맑음,단일로 - 기타,기타불명,기타불명,기타불명,기타불명,보행자,여,49세,경상
2014081300100210,2014년 8월 13일 11시,수요일,충청북도 음성군 음성읍,중상사고,0,1,0,0,차대차 - 기타,신호위반,건조,맑음,교차로 - 교차로안,특수,남,52세,상해없음,승용,남,73세,중상
2014081300100240,2014년 8월 13일 12시,수요일,충청북도 제천시 백운면,중상사고,0,1,2,0,차대차 - 측면직각충돌,직진우회전진행방해,건조,맑음,교차로 - 교차로안,승용,남,48세,경상,화물,남,41세,경상
2014081300100241,2014년 8월 13일 12시,수요일,충청북도 제천시 봉양읍,중상사고,0,1,1,0,차대차 - 측면직각충돌,안전거리미확보,건조,맑음,단일로 - 기타,화물,남,55세,상해없음,승용,남,66세,경상
2014081300100242,2014년 8월 13일 12시,수요일,충청북도 청주시 상당구 용암동,중상사고,0,1,0,0,차대사람 - 기타,보행자보호의무위반,습기,흐림,단일로 - 횡단보도상,승용,남,37세,상해없음,보행자,여,40세,중상
2014081300100276,2014년 8월 13일 13시,수요일,충청북도 청주시 흥덕구 수의동,중상사고,0,1,1,0,차대차 - 측면직각충돌,차로위반,습기,비,단일로 - 기타,승용,남,21세,상해없음,승용,여,49세,경상
2014081300100308,2014년 8월 13일 14시,수요일,충청북도 충주시 안림동,경상사고,0,0,3,1,차대차 - 추돌 - 진행중,안전운전불이행,건조,맑음,단일로 - 기타,화물,여,50세,부상신고,승용,여,40세,경상
2014081300100309,2014년 8월 13일 14시,수요일,충청북도 제천시 봉양읍,중상사고,0,1,0,0,차대차 - 기타,안전거리미확보,습기,비,단일로 - 기타,화물,남,69세,상해없음,승용,남,73세,중상
2014081300100310,2014년 8월 13일 14시,수요일,충청북도 청주시 흥덕구 송정동,경상사고,0,0,2,0,차대차 - 측면직각충돌,안전운전불이행,습기,비,교차로 - 교차로부근,화물,남,72세,상해없음,승용,남,35세,경상
2014081300100344,2014년 8월 13일 15시,수요일,충청북도 청주시 서원구 사직동,경상사고,0,0,1,0,차대차 - 추돌 - 주정차중,안전운전불이행,습기,비,교차로 - 교차로부근,승용,여,46세,상해없음,승용,남,45세,경상
2014081300100345,2014년 8월 13일 15시,수요일,충청북도 충주시 목행동,경상사고,0,0,1,0,차대차 - 기타,직진우회전진행방해,건조,맑음,교차로 - 교차로안,승용,남,53세,경상,승용,남,38세,상해없음
2014081300100346,2014년 8월 13일 15시,수요일,충청북도 제천시 금성면,중상사고,0,2,0,0,차대차 - 기타,중앙선침범,습기,비,단일로 - 기타,승용,여,49세,상해없음,승용,남,56세,중상
2014081300100390,2014년 8월 13일 16시,수요일,충청북도 증평군 증평읍,경상사고,0,0,1,0,차대사람 - 기타,안전운전불이행,습기,비,단일로 - 기타,화물,여,52세,기타불명,보행자,여,57세,경상
2014081300100391,2014년 8월 13일 16시,수요일,충청북도 충주시 중앙탑면,사망사고,1,0,0,0,차대사람 - 기타,안전운전불이행,습기,비,단일로 - 기타,승용,남,31세,상해없음,보행자,남,53세,사망
2014081300100425,2014년 8월 13일 17시,수요일,충청북도 청주시 흥덕구 강내면,중상사고,0,2,2,0,차대차 - 측면직각충돌,중앙선침범,습기,비,교차로 - 교차로부근,화물,남,49세,상해없음,승용,남,50세,경상
2014081300100459,2014년 8월 13일 18시,수요일,충청북도 청주시 서원구 사창동,경상사고,0,0,1,0,차대차 - 기타,신호위반,습기,비,교차로 - 교차로부근,이륜,남,53세,경상,승용,남,49세,상해없음
2014081300100490,2014년 8월 13일 19시,수요일,충청북도 청주시 서원구 수곡동,경상사고,0,0,1,0,차대차 - 측면직각충돌,안전운전불이행,습기,비,단일로 - 기타,승용,남,54세,상해없음,이륜,남,27세,경상
2014081300100530,2014년 8월 13일 20시,수요일,충청북도 청주시 서원구 분평동,경상사고,0,0,2,0,차대차 - 측면직각충돌,안전운전불이행,건조,기타,단일로 - 기타,승용,남,39세,상해없음,승용,남,34세,경상
2014081300100531,2014년 8월 13일 20시,수요일,충청북도 청주시 상당구 남일면,경상사고,0,0,2,0,차대차 - 측면직각충돌,안전운전불이행,습기,비,단일로 - 기타,화물,남,61세,상해없음,승용,여,51세,경상
2014081300100568,2014년 8월 13일 21시,수요일,충청북도 청주시 청원구 내덕동,경상사고,0,0,1,0,차대차 - 기타,안전운전불이행,습기,비,교차로 - 교차로부근,승용,남,53세,상해없음,승용,남,57세,경상
2014081300100569,2014년 8월 13일 21시,수요일,충청북도 음성군 감곡면,경상사고,0,0,1,0,차대사람 - 기타,안전운전불이행,습기,흐림,단일로 - 기타,승용,남,49세,상해없음,보행자,여,43세,경상
2014081300100631,2014년 8월 13일 23시,수요일,충청북도 충주시 풍동,경상사고,0,0,3,0,차대차 - 측면직각충돌,중앙선침범,습기,비,단일로 - 기타,승용,여,44세,경상,승용,남,68세,경상
2014081300100632,2014년 8월 13일 23시,수요일,충청북도 청주시 상당구 서운동,중상사고,0,1,0,0,차대사람 - 횡단중,안전운전불이행,습기,비,단일로 - 횡단보도상,기타불명,기타불명,기타불명,기타불명,보행자,남,56세,중상
2014081400100016,2014년 8월 14일 00시,목요일,충청북도 충주시 연수동,중상사고,0,1,0,0,차대사람 - 횡단중,보행자보호의무위반,습기,비,교차로 - 교차로안,승용,여,54세,상해없음,보행자,남,61세,중상
2014081400100113,2014년 8월 14일 07시,목요일,충청북도 괴산군 연풍면,중상사고,0,1,0,0,차대차 - 측면직각충돌,교차로운행방법위반,습기,비,교차로 - 교차로안,이륜,남,52세,중상,화물,여,54세,상해없음
2014081400100150,2014년 8월 14일 08시,목요일,충청북도 제천시 명동,경상사고,0,0,2,0,차대차 - 기타,신호위반,건조,맑음,교차로 - 교차로안,화물,남,36세,상해없음,승용,남,39세,경상
2014081400100151,2014년 8월 14일 08시,목요일,충청북도 옥천군 청성면,경상사고,0,0,3,0,차대차 - 추돌 - 진행중,기타,습기,비,교차로 - 교차로안,승용,여,36세,상해없음,화물,남,66세,경상
2014081400100169,2014년 8월 14일 09시,목요일,충청북도 제천시 화산동,경상사고,0,0,2,0,차대차 - 기타,안전운전불이행,건조,맑음,단일로 - 기타,승용,여,24세,상해없음,화물,남,32세,기타불명
2014081400100192,2014년 8월 14일 10시,목요일,충청북도 청주시 서원구 분평동,중상사고,0,1,1,0,차대차 - 기타,안전운전불이행,습기,비,교차로 - 교차로부근,승용,남,43세,상해없음,승용,여,41세,중상
2014081400100218,2014년 8월 14일 11시,목요일,충청북도 청주시 청원구 오창읍,경상사고,0,0,1,0,차대차 - 기타,중앙선침범,습기,비,교차로 - 교차로부근,화물,남,40세,상해없음,화물,남,51세,경상
2014081400100219,2014년 8월 14일 11시,목요일,충청북도 청주시 흥덕구 비하동,경상사고,0,0,1,0,차대차 - 추돌 - 진행중,안전운전불이행,습기,비,교차로 - 교차로부근,화물,남,50세,상해없음,승용,남,41세,경상
2014081400100263,2014년 8월 14일 12시,목요일,충청북도 충주시 중앙탑면,경상사고,0,0,1,0,차대차 - 기타,교차로운행방법위반,습기,비,교차로 - 교차로안,승용,남,53세,상해없음,화물,남,50세,경상
2014081400100302,2014년 8월 14일 13시,목요일,충청북도 청주시 청원구 오창읍,경상사고,0,0,3,0,차대차 - 측면직각충돌,안전운전불이행,습기,비,단일로 - 기타,화물,남,52세,상해없음,승용,남,36세,경상
2014081400100303,2014년 8월 14일 13시,목요일,충청북도 단양군 단양읍,중상사고,0,2,2,0,차대차 - 추돌 - 주정차중,안전거리미확보,습기,비,교차로 - 교차로부근,화물,남,70세,상해없음,승용,남,37세,중상
2014081400100304,2014년 8월 14일 13시,목요일,충청북도 청주시 상당구 남일면,경상사고,0,0,1,0,차대차 - 기타,안전거리미확보,건조,맑음,단일로 - 기타,승용,남,19세,상해없음,승용,남,49세,경상
2014081400100352,2014년 8월 14일 14시,목요일,충청북도 청주시 흥덕구 가경동,중상사고,0,2,0,0,차대차 - 기타,안전거리미확보,건조,흐림,교차로 - 교차로부근,승용,여,51세,기타불명,화물,남,39세,중상
2014081400100383,2014년 8월 14일 15시,목요일,충청북도 진천군 진천읍,경상사고,0,0,1,0,차대차 - 추돌 - 진행중,안전거리미확보,건조,맑음,단일로 - 기타,승용,남,24세,상해없음,승용,여,40세,경상
2014081400100416,2014년 8월 14일 16시,목요일,충청북도 충주시 봉방동,경상사고,0,0,1,0,차대차 - 측면직각충돌,직진우회전진행방해,건조,맑음,교차로 - 교차로안,원동기,남,17세,경상,승용,여,45세,상해없음
2014081400100417,2014년 8월 14일 16시,목요일,충청북도 괴산군 연풍면,사망사고,1,0,0,0,차량단독 - 도로외이탈 - 추락,안전운전불이행,습기,비,단일로 - 기타,화물,남,56세,사망,,,,
2014081400100418,2014년 8월 14일 16시,목요일,충청북도 음성군 삼성면,경상사고,0,0,3,0,차대차 - 기타,교차로운행방법위반,건조,맑음,교차로 - 교차로안,승합,남,50세,경상,화물,남,42세,경상
2014081400100489,2014년 8월 14일 18시,목요일,충청북도 충주시 중앙탑면,중상사고,0,1,0,1,차대차 - 측면직각충돌,신호위반,건조,맑음,교차로 - 교차로안,승용,여,34세,부상신고,승용,남,26세,중상
2014081400100490,2014년 8월 14일 18시,목요일,충청북도 괴산군 괴산읍,중상사고,0,1,0,0,차대차 - 기타,교차로운행방법위반,건조,맑음,교차로 - 교차로안,승용,남,64세,상해없음,원동기,남,71세,중상
2014081400100491,2014년 8월 14일 18시,목요일,충청북도 청주시 흥덕구 옥산면,중상사고,0,1,2,0,차대차 - 측면직각충돌,교차로운행방법위반,습기,흐림,교차로 - 교차로안,승용,남,33세,중상,화물,남,62세,경상
2014081400100525,2014년 8월 14일 19시,목요일,충청북도 청주시 청원구 사천동,중상사고,0,1,0,0,차대차 - 측면직각충돌,안전운전불이행,습기,비,교차로 - 교차로안,이륜,남,72세,중상,승용,남,55세,상해없음
2014081400100526,2014년 8월 14일 19시,목요일,충청북도 청주시 청원구 주중동,경상사고,0,0,1,0,차대사람 - 길가장자리구역통행중,안전운전불이행,습기,비,단일로 - 기타,승용,남,54세,상해없음,보행자,여,36세,경상
2014081400100527,2014년 8월 14일 19시,목요일,충청북도 청주시 서원구 수곡동,경상사고,0,0,1,0,차대차 - 추돌 - 진행중,안전거리미확보,습기,비,단일로 - 기타,승용,남,56세,상해없음,승용,남,48세,경상
2014081400100566,2014년 8월 14일 20시,목요일,충청북도 충주시 문화동,중상사고,0,1,0,0,차대차 - 기타,안전운전불이행,습기,비,기타 - 기타,승용,남,49세,상해없음,자전거,여,71세,중상
2014081400100567,2014년 8월 14일 20시,목요일,충청북도 충주시 노은면,부상신고사고,0,0,0,1,차량단독 - 기타,기타,습기,비,단일로 - 기타,승용,남,31세,부상신고,,,,
2014081400100568,2014년 8월 14일 20시,목요일,충청북도 청주시 상당구 금천동,사망사고,1,0,0,0,차대사람 - 횡단중,안전운전불이행,습기,비,단일로 - 기타,승합,남,62세,상해없음,보행자,남,45세,사망
2014081400100569,2014년 8월 14일 20시,목요일,충청북도 청주시 상당구 낭성면,중상사고,0,1,1,0,차대차 - 기타,직진우회전진행방해,건조,맑음,교차로 - 교차로안,화물,남,62세,경상,승용,남,32세,중상
2014081400100616,2014년 8월 14일 21시,목요일,충청북도 청주시 서원구 사창동,경상사고,0,0,1,0,차대차 - 정면충돌,안전운전불이행,습기,비,단일로 - 기타,승용,남,65세,상해없음,이륜,남,24세,경상