사고번호,사고일시,요일,시군구,사고내용,사망자수,중상자수,경상자수,부상신고자수,사고유형,법규위반,노면상태,기상상태,도로형태,가해운전자 차종,가해운전자 성별,가해운전자 연령,가해운전자 상해정도,피해운전자 차종,피해운전자 성별,피해운전자 연령,피해운전자 상해정도
2014081400100617,2014년 8월 14일 21시,목요일,충청북도 청주시 흥덕구 강서동,경상사고,0,0,4,0,차대차 - 기타,안전거리미확보,건조,맑음,단일로 - 기타,승합,남,65세,상해없음,승용,남,43세,경상
2014081400100655,2014년 8월 14일 22시,목요일,충청북도 제천시 청전동,중상사고,0,1,1,0,차대차 - 정면충돌,신호위반,건조,맑음,교차로 - 교차로안,승용,남,23세,상해없음,승용,남,23세,경상
2014081400100656,2014년 8월 14일 22시,목요일,충청북도 제천시 천남동,경상사고,0,0,3,0,차대차 - 추돌 - 주정차중,안전운전불이행,습기,비,단일로 - 기타,승용,여,26세,상해없음,승용,남,33세,경상
2014081400100699,2014년 8월 14일 23시,목요일,충청북도 청주시 흥덕구 봉명동,경상사고,0,0,1,0,차대차 - 측면직각충돌,안전운전불이행,습기,비,교차로 - 교차로안,이륜,남,44세,경상,승용,남,39세,상해없음
2014081500100016,2014년 8월 15일 00시,금요일,충청북도 청주시 흥덕구 복대동,중상사고,0,1,1,0,차대사람 - 기타,불법유턴,건조,맑음,교차로 - 교차로안,승용,남,52세,상해없음,보행자,남,31세,중상
2014081500100041,2014년 8월 15일 01시,금요일,충청북도 청주시 청원구 우암동,경상사고,0,0,2,0,차대차 - 측면직각충돌,신호위반,습기,비,교차로 - 교차로안,승용,남,37세,상해없음,승용,남,59세,경상
2014081500100101,2014년 8월 15일 05시,금요일,충청북도 청주시 흥덕구 복대동,중상사고,0,1,0,0,차대차 - 기타,차로위반,습기,흐림,단일로 - 기타,화물,남,45세,상해없음,승용,남,36세,중상
2014081500100120,2014년 8월 15일 06시,금요일,충청북도 충주시 주덕읍,중상사고,0,1,0,0,차량단독 - 공작물충돌,안전운전불이행,건조,흐림,교차로 - 교차로안,승용,여,33세,중상,,,,
2014081500100160,2014년 8월 15일 08시,금요일,충청북도 충주시 목행동,경상사고,0,0,3,0,차대차 - 측면직각충돌,안전거리미확보,건조,맑음,단일로 - 기타,화물,남,74세,경상,승용,남,38세,경상
2014081500100247,2014년 8월 15일 12시,금요일,충청북도 청주시 서원구 사창동,경상사고,0,0,1,0,차대차 - 기타,안전거리미확보,건조,맑음,단일로 - 기타,승용,여,46세,상해없음,화물,남,25세,상해없음
2014081500100248,2014년 8월 15일 12시,금요일,충청북도 청주시 서원구 사창동,경상사고,0,0,1,0,차대차 - 측면직각충돌,안전거리미확보,건조,맑음,교차로 - 교차로부근,승용,여,27세,상해없음,승용,남,43세,경상
2014081500100249,2014년 8월 15일 12시,금요일,충청북도 청주시 흥덕구 향정동,경상사고,0,0,1,0,차대차 - 측면직각충돌,신호위반,건조,맑음,교차로 - 교차로안,화물,남,50세,상해없음,이륜,남,55세,경상
2014081500100250,2014년 8월 15일 12시,금요일,충청북도 청주시 서원구 분평동,중상사고,0,1,1,0,차대차 - 측면직각충돌,신호위반,건조,맑음,교차로 - 교차로안,이륜,남,37세,중상,승용,남,25세,경상
2014081500100284,2014년 8월 15일 13시,금요일,충청북도 청주시 청원구 내수읍,사망사고,1,0,0,0,차량단독 - 공작물충돌,안전운전불이행,습기,흐림,단일로 - 기타,화물,여,55세,상해없음,,,,
2014081500100285,2014년 8월 15일 13시,금요일,충청북도 단양군 단성면,경상사고,0,0,11,0,차대차 - 측면직각충돌,안전운전불이행,건조,맑음,단일로 - 기타,승용,남,55세,경상,화물,남,58세,경상
2014081500100321,2014년 8월 15일 14시,금요일,충청북도 옥천군 군서면,중상사고,0,1,3,0,차대차 - 측면직각충돌,안전운전불이행,습기,비,교차로 - 교차로안,승용,여,48세,경상,승용,남,63세,경상
2014081500100387,2014년 8월 15일 16시,금요일,충청북도 청주시 흥덕구 봉명동,중상사고,0,1,2,0,차대차 - 추돌 - 진행중,안전운전불이행,건조,맑음,단일로 - 기타,화물,남,32세,상해없음,승용,남,66세,중상
2014081500100388,2014년 8월 15일 16시,금요일,충청북도 청주시 상당구 미원면,중상사고,0,1,0,0,차대차 - 기타,안전운전불이행,건조,맑음,단일로 - 기타,이륜,남,76세,중상,승합,남,41세,상해없음
2014081500100391,2014년 8월 15일 16시,금요일,충청북도 청주시 서원구 남이면,중상사고,0,1,0,0,차대차 - 기타,안전운전불이행,건조,흐림,단일로 - 기타,승용,남,58세,상해없음,승용,남,66세,상해없음
2014081500100466,2014년 8월 15일 18시,금요일,충청북도 청주시 서원구 사직동,경상사고,0,0,1,0,차대차 - 기타,교차로운행방법위반,건조,맑음,교차로 - 교차로안,기타불명,기타불명,기타불명,기타불명,승용,남,54세,상해없음
2014081500100467,2014년 8월 15일 18시,금요일,충청북도 충주시 교현동,중상사고,0,1,0,0,차대사람 - 기타,보행자보호의무위반,건조,흐림,단일로 - 기타,승용,남,29세,상해없음,보행자,여,46세,중상
2014081500100468,2014년 8월 15일 18시,금요일,충청북도 영동군 영동읍,중상사고,0,1,0,0,차대차 - 기타,안전운전불이행,건조,맑음,교차로 - 교차로안,승용,여,41세,상해없음,자전거,여,62세,중상
2014081500100469,2014년 8월 15일 18시,금요일,충청북도 음성군 대소면,경상사고,0,0,1,0,차대차 - 추돌 - 주정차중,안전운전불이행,건조,맑음,단일로 - 기타,화물,남,63세,상해없음,승용,여,45세,경상
2014081500100504,2014년 8월 15일 19시,금요일,충청북도 단양군 단양읍,경상사고,0,0,2,0,차대차 - 측면직각충돌,불법유턴,건조,맑음,교차로 - 교차로안,승용,남,21세,상해없음,승용,남,47세,경상
2014081500100578,2014년 8월 15일 21시,금요일,충청북도 영동군 학산면,경상사고,0,0,1,0,차대차 - 기타,교차로운행방법위반,건조,맑음,교차로 - 교차로안,승용,남,43세,상해없음,이륜,남,50세,경상
2014081500100579,2014년 8월 15일 21시,금요일,충청북도 청주시 상당구 금천동,중상사고,0,1,0,0,차대사람 - 기타,안전운전불이행,건조,맑음,단일로 - 횡단보도상,화물,남,18세,상해없음,보행자,남,45세,중상
2014081500100621,2014년 8월 15일 23시,금요일,충청북도 제천시 고암동,중상사고,0,2,0,0,차대사람 - 기타,신호위반,습기,비,단일로 - 횡단보도상,승합,남,68세,상해없음,보행자,여,15세,중상
2014081600100006,2014년 8월 16일 00시,토요일,충청북도 청주시 서원구 사직동,경상사고,0,0,4,0,차대차 - 측면직각충돌,안전거리미확보,건조,맑음,교차로 - 교차로부근,승용,여,38세,경상,승용,남,51세,경상
2014081600100061,2014년 8월 16일 04시,토요일,충청북도 충주시 봉방동,중상사고,0,1,0,1,차량단독 - 공작물충돌,안전운전불이행,습기,비,단일로 - 기타,승용,남,27세,부상신고,,,,
2014081600100146,2014년 8월 16일 09시,토요일,충청북도 충주시 중앙탑면,중상사고,0,1,0,0,차대차 - 기타,직진우회전진행방해,건조,맑음,교차로 - 교차로부근,건설기계,남,51세,상해없음,승용,남,34세,중상
2014081600100147,2014년 8월 16일 09시,토요일,충청북도 괴산군 사리면,중상사고,0,4,2,0,차대차 - 기타,중앙선침범,건조,맑음,단일로 - 기타,화물,남,48세,상해없음,승용,여,38세,중상
2014081600100172,2014년 8월 16일 10시,토요일,충청북도 단양군 매포읍,중상사고,0,1,0,0,차대차 - 추돌 - 진행중,안전거리미확보,습기,비,교차로 - 교차로부근,화물,남,48세,상해없음,승용,남,45세,중상
2014081600100233,2014년 8월 16일 12시,토요일,충청북도 청주시 흥덕구 비하동,중상사고,0,1,0,0,차대차 - 측면직각충돌,신호위반,건조,맑음,교차로 - 교차로안,이륜,남,56세,중상,승용,남,39세,상해없음
2014081600100270,2014년 8월 16일 13시,토요일,충청북도 청주시 청원구 북이면,경상사고,0,0,5,0,차대차 - 기타,신호위반,건조,맑음,교차로 - 교차로안,화물,남,50세,경상,승용,남,30세,경상
2014081600100271,2014년 8월 16일 13시,토요일,충청북도 청주시 흥덕구 지동동,중상사고,0,1,0,0,차대차 - 추돌 - 주정차중,안전운전불이행,건조,맑음,교차로 - 교차로부근,승합,남,47세,중상,승합,남,48세,상해없음
2014081600100309,2014년 8월 16일 14시,토요일,충청북도 증평군 도안면,중상사고,0,1,0,0,차대차 - 측면직각충돌,교차로운행방법위반,건조,맑음,교차로 - 교차로안,이륜,여,56세,중상,승용,여,54세,상해없음
2014081600100412,2014년 8월 16일 17시,토요일,충청북도 청주시 상당구 금천동,경상사고,0,0,1,0,차대차 - 측면직각충돌,안전운전불이행,건조,맑음,교차로 - 교차로안,승용,남,41세,상해없음,승용,남,30세,경상
2014081600100413,2014년 8월 16일 17시,토요일,충청북도 청주시 상당구 가덕면,중상사고,0,1,0,0,차량단독 - 공작물충돌,안전운전불이행,건조,맑음,단일로 - 기타,이륜,남,23세,중상,,,,
2014081600100450,2014년 8월 16일 18시,토요일,충청북도 제천시 봉양읍,경상사고,0,0,2,0,차대차 - 추돌 - 진행중,안전거리미확보,건조,맑음,단일로 - 기타,화물,남,36세,상해없음,승용,여,34세,상해없음
2014081600100451,2014년 8월 16일 18시,토요일,충청북도 영동군 영동읍,중상사고,0,1,0,0,차대차 - 기타,교차로운행방법위반,건조,맑음,교차로 - 교차로안,승용,남,47세,상해없음,원동기,남,34세,중상
2014081600100482,2014년 8월 16일 19시,토요일,충청북도 제천시 중앙로1가,경상사고,0,0,1,0,차대차 - 기타,안전운전불이행,건조,맑음,교차로 - 교차로부근,승용,여,50세,상해없음,승용,남,55세,경상
2014081600100483,2014년 8월 16일 19시,토요일,충청북도 진천군 진천읍,경상사고,0,0,1,0,차대차 - 측면직각충돌,신호위반,건조,흐림,교차로 - 교차로안,화물,남,64세,상해없음,승용,남,40세,경상
2014081600100543,2014년 8월 16일 21시,토요일,충청북도 청주시 흥덕구 강내면,경상사고,0,0,1,0,차대차 - 추돌 - 주정차중,안전운전불이행,습기,비,단일로 - 기타,승용,남,22세,상해없음,승용,남,44세,경상
2014081600100580,2014년 8월 16일 22시,토요일,충청북도 청주시 상당구 석교동,경상사고,0,0,1,0,차대차 - 추돌 - 진행중,안전거리미확보,건조,기타,단일로 - 기타,승용,남,58세,상해없음,승용,여,54세,경상
2014081700100040,2014년 8월 17일 02시,일요일,충청북도 제천시 청전동,중상사고,0,2,0,0,차대차 - 추돌 - 주정차중,안전운전불이행,습기,흐림,교차로 - 교차로부근,승용,남,24세,상해없음,승용,남,28세,중상
2014081700100066,2014년 8월 17일 04시,일요일,충청북도 청주시 청원구 오창읍,경상사고,0,0,4,0,차대차 - 기타,신호위반,건조,맑음,교차로 - 교차로부근,승용,남,21세,상해없음,승용,남,19세,경상
2014081700100091,2014년 8월 17일 07시,일요일,충청북도 청주시 흥덕구 복대동,부상신고사고,0,0,0,1,차량단독 - 전도전복,안전운전불이행,건조,맑음,단일로 - 기타,이륜,남,31세,부상신고,,,,
2014081700100165,2014년 8월 17일 11시,일요일,충청북도 음성군 감곡면,중상사고,0,3,5,0,차대차 - 기타,안전운전불이행,건조,맑음,단일로 - 기타,화물,남,61세,경상,화물,남,68세,상해없음
2014081700100178,2014년 8월 17일 12시,일요일,충청북도 제천시 청전동,경상사고,0,0,3,0,차대차 - 측면직각충돌,직진우회전진행방해,건조,맑음,교차로 - 교차로안,승용,여,35세,상해없음,승용,남,60세,경상
2014081700100179,2014년 8월 17일 12시,일요일,충청북도 청주시 서원구 수곡동,중상사고,0,1,1,0,차대차 - 기타,신호위반,습기,비,교차로 - 교차로안,승용,여,51세,경상,승용,남,59세,중상
2014081700100180,2014년 8월 17일 12시,일요일,충청북도 청주시 상당구 금천동,경상사고,0,0,5,0,차대차 - 측면직각충돌,안전운전불이행,건조,맑음,단일로 - 기타,승용,여,41세,상해없음,승합,남,40세,경상
2014081700100230,2014년 8월 17일 14시,일요일,충청북도 제천시 신백동,중상사고,0,1,3,0,차대차 - 측면직각충돌,직진우회전진행방해,습기,비,교차로 - 교차로안,승용,여,50세,상해없음,승용,남,44세,경상
2014081700100291,2014년 8월 17일 16시,일요일,충청북도 옥천군 군북면,중상사고,0,1,0,0,차대차 - 측면직각충돌,교차로운행방법위반,습기,비,교차로 - 교차로안,화물,남,57세,상해없음,이륜,여,62세,중상
2014081700100359,2014년 8월 17일 19시,일요일,충청북도 충주시 칠금동,중상사고,0,1,0,0,차대차 - 추돌 - 진행중,기타,건조,흐림,교차로 - 교차로안,승용,남,66세,상해없음,원동기,남,17세,중상
2014081700100451,2014년 8월 17일 22시,일요일,충청북도 충주시 호암동,중상사고,0,2,1,0,차대차 - 측면직각충돌,신호위반,건조,맑음,교차로 - 교차로안,승용,남,60세,상해없음,승용,남,47세,중상
2014081700100452,2014년 8월 17일 22시,일요일,충청북도 청주시 상당구 석교동,경상사고,0,0,2,0,차대차 - 기타,안전운전불이행,습기,비,단일로 - 기타,승용,남,48세,상해없음,승용,여,32세,경상
2014081800100012,2014년 8월 18일 00시,월요일,충청북도 청주시 흥덕구 강서동,경상사고,0,0,1,0,차대차 - 측면직각충돌,신호위반,습기,비,교차로 - 교차로안,승용,남,28세,상해없음,원동기,남,34세,경상
2014081800100013,2014년 8월 18일 00시,월요일,충청북도 청주시 서원구 성화동,경상사고,0,0,1,0,차대사람 - 길가장자리구역통행중,안전운전불이행,건조,맑음,단일로 - 기타,기타불명,기타불명,기타불명,기타불명,보행자,남,24세,경상
2014081800100026,2014년 8월 18일 01시,월요일,충청북도 청주시 흥덕구 복대동,경상사고,0,0,1,0,차대차 - 추돌 - 주정차중,안전운전불이행,습기,비,교차로 - 교차로부근,승용,남,37세,경상,승용,남,46세,기타불명
2014081800100027,2014년 8월 18일 01시,월요일,충청북도 청주시 상당구 석교동,중상사고,0,1,0,0,차대사람 - 기타,안전운전불이행,습기,비,단일로 - 횡단보도상,승용,남,21세,상해없음,보행자,남,70세,중상
2014081800100037,2014년 8월 18일 02시,월요일,충청북도 청주시 흥덕구 외북동,중상사고,0,2,0,0,차대차 - 측면직각충돌,중앙선침범,습기,비,단일로 - 기타,승용,남,41세,상해없음,승용,남,27세,중상
2014081800100038,2014년 8월 18일 02시,월요일,충청북도 청주시 서원구 개신동,부상신고사고,0,0,0,1,차량단독 - 공작물충돌,안전운전불이행,건조,맑음,교차로 - 교차로안,승용,남,27세,부상신고,,,,
2014081800100073,2014년 8월 18일 06시,월요일,충청북도 청주시 흥덕구 옥산면,사망사고,1,0,0,0,차량단독 - 공작물충돌,안전운전불이행,습기,비,단일로 - 기타,승용,남,28세,사망,,,,
2014081800100090,2014년 8월 18일 07시,월요일,충청북도 청주시 흥덕구 오송읍,중상사고,0,1,1,0,차대차 - 측면직각충돌,보행자보호의무위반,습기,비,단일로 - 횡단보도상,화물,남,46세,상해없음,승용,남,69세,경상
2014081800100091,2014년 8월 18일 07시,월요일,충청북도 청주시 흥덕구 석곡동,중상사고,0,1,1,0,차대차 - 측면직각충돌,안전운전불이행,건조,맑음,교차로 - 교차로부근,화물,남,48세,상해없음,승용,남,34세,중상
2014081800100092,2014년 8월 18일 07시,월요일,충청북도 청주시 흥덕구 가경동,경상사고,0,0,3,0,차대차 - 측면직각충돌,신호위반,습기,비,교차로 - 교차로안,승용,남,44세,상해없음,승합,남,50세,경상
2014081800100093,2014년 8월 18일 07시,월요일,충청북도 청주시 상당구 서운동,사망사고,1,0,0,0,차대사람 - 횡단중,보행자보호의무위반,습기,비,단일로 - 횡단보도상,화물,남,49세,상해없음,보행자,여,84세,사망
2014081800100122,2014년 8월 18일 08시,월요일,충청북도 청주시 상당구 금천동,중상사고,0,1,0,0,차대사람 - 횡단중,안전운전불이행,습기,맑음,교차로 - 교차로안,승합,여,58세,상해없음,보행자,여,80세,중상
2014081800100157,2014년 8월 18일 09시,월요일,충청북도 음성군 대소면,사망사고,1,0,0,0,차대차 - 측면직각충돌,신호위반,습기,비,교차로 - 교차로안,이륜,남,78세,사망,화물,남,49세,상해없음
2014081800100158,2014년 8월 18일 09시,월요일,충청북도 청주시 흥덕구 강서동,경상사고,0,0,2,0,차대차 - 측면직각충돌,신호위반,습기,비,교차로 - 교차로안,승용,여,50세,경상,승용,여,48세,경상
2014081800100212,2014년 8월 18일 11시,월요일,충청북도 청주시 서원구 모충동,경상사고,0,0,1,0,차대사람 - 길가장자리구역통행중,안전운전불이행,건조,맑음,단일로 - 기타,승용,남,64세,상해없음,보행자,여,59세,경상
2014081800100247,2014년 8월 18일 12시,월요일,충청북도 제천시 천남동,경상사고,0,0,1,0,차대차 - 측면직각충돌,신호위반,건조,맑음,교차로 - 교차로안,화물,남,70세,상해없음,승합,남,37세,경상
2014081800100306,2014년 8월 18일 14시,월요일,충청북도 괴산군 괴산읍,중상사고,0,1,1,0,차대차 - 측면직각충돌,안전운전불이행,건조,맑음,교차로 - 교차로안,원동기,여,26세,상해없음,승용,여,70세,경상
2014081800100307,2014년 8월 18일 14시,월요일,충청북도 음성군 대소면,경상사고,0,0,2,0,차대차 - 기타,안전운전불이행,습기,흐림,교차로 - 교차로안,승용,남,58세,경상,승용,남,47세,경상
2014081800100381,2014년 8월 18일 16시,월요일,충청북도 청주시 청원구 오창읍,경상사고,0,0,1,0,차량단독 - 기타,안전운전불이행,건조,맑음,단일로 - 기타,승용,여,20세,경상,,,,
2014081800100409,2014년 8월 18일 17시,월요일,충청북도 음성군 금왕읍,중상사고,0,2,1,0,차대차 - 기타,신호위반,건조,맑음,교차로 - 교차로안,승용,남,45세,경상,승용,남,45세,중상
2014081800100574,2014년 8월 18일 22시,월요일,충청북도 제천시 청전동,경상사고,0,0,1,0,차대차 - 기타,안전거리미확보,습기,비,교차로 - 교차로부근,승용,남,65세,상해없음,승용,여,46세,경상
2014081800100605,2014년 8월 18일 23시,월요일,충청북도 제천시 봉양읍,경상사고,0,0,1,0,차대사람 - 기타,안전운전불이행,습기,비,단일로 - 기타,승용,남,39세,상해없음,보행자,남,35세,경상
2014081800100606,2014년 8월 18일 23시,월요일,충청북도 옥천군 옥천읍,경상사고,0,0,2,0,차대차 - 측면직각충돌,안전운전불이행,습기,비,교차로 - 교차로안,승용,남,42세,경상,승용,여,33세,경상
2014081900100016,2014년 8월 19일 00시,화요일,충청북도 청주시 서원구 사직동,경상사고,0,0,1,0,차대차 - 측면직각충돌,안전운전불이행,습기,비,단일로 - 기타,기타불명,기타불명,기타불명,기타불명,승용,여,51세,경상
2014081900100017,2014년 8월 19일 00시,화요일,충청북도 청주시 서원구 수곡동,경상사고,0,0,2,0,차대차 - 측면직각충돌,안전운전불이행,건조,맑음,교차로 - 교차로부근,승용,남,23세,상해없음,승용,남,63세,경상
2014081900100057,2014년 8월 19일 02시,화요일,충청북도 괴산군 장연면,중상사고,0,1,6,0,차대차 - 기타,안전거리미확보,습기,비,단일로 - 기타,승합,남,21세,경상,화물,남,37세,경상
2014081900100068,2014년 8월 19일 03시,화요일,충청북도 제천시 명동,경상사고,0,0,2,0,차대차 - 측면직각충돌,교차로운행방법위반,습기,비,교차로 - 교차로안,승용,남,59세,상해없음,승용,남,35세,경상
2014081900100097,2014년 8월 19일 05시,화요일,충청북도 충주시 연수동,중상사고,0,2,0,0,차대사람 - 기타,안전운전불이행,습기,비,단일로 - 기타,승용,남,75세,중상,보행자,남,32세,중상
2014081900100168,2014년 8월 19일 08시,화요일,충청북도 진천군 문백면,중상사고,0,2,0,0,차대차 - 추돌 - 주정차중,안전운전불이행,건조,맑음,교차로 - 교차로부근,승합,남,26세,상해없음,승용,남,64세,중상
2014081900100224,2014년 8월 19일 10시,화요일,충청북도 단양군 단양읍,중상사고,0,1,1,0,차대차 - 기타,안전거리미확보,습기,비,교차로 - 교차로부근,화물,남,70세,상해없음,승용,여,54세,경상
2014081900100225,2014년 8월 19일 10시,화요일,충청북도 청주시 서원구 남이면,경상사고,0,0,4,0,차대차 - 추돌 - 주정차중,안전운전불이행,건조,흐림,단일로 - 기타,화물,남,41세,상해없음,화물,남,46세,경상
2014081900100226,2014년 8월 19일 10시,화요일,충청북도 청주시 서원구 현도면,중상사고,0,1,0,0,차량단독 - 공작물충돌,안전운전불이행,건조,맑음,단일로 - 기타,건설기계,남,45세,중상,,,,
2014081900100258,2014년 8월 19일 11시,화요일,충청북도 충주시 성내동,경상사고,0,0,1,0,차대차 - 기타,안전운전불이행,건조,흐림,교차로 - 교차로안,승용,남,80세,상해없음,화물,남,23세,경상
2014081900100259,2014년 8월 19일 11시,화요일,충청북도 제천시 의림동,중상사고,0,1,1,0,차대차 - 측면직각충돌,직진우회전진행방해,건조,맑음,교차로 - 교차로안,화물,남,70세,상해없음,승용,남,53세,경상
2014081900100260,2014년 8월 19일 11시,화요일,충청북도 진천군 초평면,경상사고,0,0,1,0,차대차 - 정면충돌,안전운전불이행,건조,맑음,단일로 - 기타,화물,남,52세,상해없음,화물,남,54세,경상
2014081900100261,2014년 8월 19일 11시,화요일,충청북도 청주시 흥덕구 석곡동,경상사고,0,0,1,0,차대차 - 기타,중앙선침범,건조,맑음,단일로 - 기타,화물,남,43세,상해없음,화물,남,41세,경상
2014081900100351,2014년 8월 19일 14시,화요일,충청북도 음성군 맹동면,경상사고,0,0,3,0,차대차 - 기타,기타,건조,맑음,교차로 - 교차로안,화물,남,26세,경상,승용,남,62세,경상
2014081900100381,2014년 8월 19일 15시,화요일,충청북도 음성군 감곡면,중상사고,0,2,0,0,차대차 - 추돌 - 진행중,안전운전불이행,건조,맑음,단일로 - 기타,화물,남,48세,중상,화물,남,49세,중상
2014081900100382,2014년 8월 19일 15시,화요일,충청북도 청주시 서원구 분평동,경상사고,0,0,1,0,차대사람 - 기타,안전운전불이행,건조,맑음,단일로 - 기타,승용,여,39세,상해없음,보행자,여,9세,경상
2014081900100417,2014년 8월 19일 16시,화요일,충청북도 진천군 광혜원면,중상사고,0,1,2,0,차대차 - 추돌 - 진행중,안전운전불이행,건조,맑음,교차로 - 교차로부근,승용,남,38세,상해없음,승용,여,28세,중상
2014081900100455,2014년 8월 19일 17시,화요일,충청북도 음성군 금왕읍,경상사고,0,0,4,0,차대차 - 기타,교차로운행방법위반,건조,맑음,교차로 - 교차로안,승용,여,35세,경상,승용,남,62세,경상
2014081900100494,2014년 8월 19일 18시,화요일,충청북도 청주시 흥덕구 송정동,경상사고,0,0,1,0,차대차 - 측면직각충돌,안전운전불이행,건조,맑음,교차로 - 교차로안,승용,남,22세,상해없음,승용,남,31세,경상
2014081900100538,2014년 8월 19일 19시,화요일,충청북도 청주시 흥덕구 복대동,경상사고,0,0,1,0,차대사람 - 차도통행중,안전운전불이행,건조,맑음,단일로 - 기타,승용,남,50세,상해없음,보행자,남,14세,경상
2014081900100577,2014년 8월 19일 20시,화요일,충청북도 증평군 증평읍,경상사고,0,0,1,0,차대차 - 측면직각충돌,안전운전불이행,건조,맑음,교차로 - 교차로안,승용,남,25세,상해없음,승용,남,31세,경상
2014081900100578,2014년 8월 19일 20시,화요일,충청북도 청주시 흥덕구 가경동,경상사고,0,0,1,0,차대사람 - 기타,안전운전불이행,건조,맑음,교차로 - 교차로안,승합,남,53세,상해없음,보행자,여,46세,경상
2014081900100602,2014년 8월 19일 21시,화요일,충청북도 충주시 호암동,중상사고,0,1,0,0,차대차 - 기타,중앙선침범,건조,맑음,기타 - 기타,승용,여,58세,상해없음,자전거,남,13세,중상
2014081900100603,2014년 8월 19일 21시,화요일,충청북도 충주시 연수동,중상사고,0,1,0,0,차대사람 - 기타,안전운전불이행,습기,흐림,교차로 - 교차로안,승용,남,48세,상해없음,보행자,남,66세,중상
2014081900100604,2014년 8월 19일 21시,화요일,충청북도 음성군 금왕읍,중상사고,0,1,1,0,차대차 - 기타,안전운전불이행,건조,맑음,단일로 - 기타,승용,남,39세,경상,승용,여,52세,중상
2014081900100605,2014년 8월 19일 21시,화요일,충청북도 청주시 상당구 가덕면,경상사고,0,0,1,0,차대차 - 기타,안전운전불이행,건조,맑음,단일로 - 기타,이륜,남,45세,경상,승용,남,47세,기타불명
2014081900100665,2014년 8월 19일 23시,화요일,충청북도 청주시 청원구 사천동,중상사고,0,1,2,0,차대차 - 측면직각충돌,교차로운행방법위반,건조,맑음,교차로 - 교차로안,승용,남,44세,경상,승용,남,22세,중상
2014081900100666,2014년 8월 19일 23시,화요일,충청북도 충주시 연수동,중상사고,0,3,0,1,차대차 - 기타,신호위반,건조,흐림,교차로 - 교차로안,승용,남,32세,부상신고,승합,남,59세,중상
2014082000100044,2014년 8월 20일 02시,수요일,충청북도 청주시 서원구 사창동,경상사고,0,0,2,0,차대차 - 기타,안전운전불이행,건조,흐림,교차로 - 교차로부근,승용,남,27세,상해없음,승용,남,51세,경상
2014082000100094,2014년 8월 20일 07시,수요일,충청북도 충주시 칠금동,경상사고,0,0,1,0,차대차 - 추돌 - 진행중,신호위반,습기,비,교차로 - 교차로안,이륜,남,69세,경상,승용,남,29세,상해없음
2014082000100095,2014년 8월 20일 07시,수요일,충청북도 청주시 흥덕구 복대동,경상사고,0,0,1,0,차대차 - 기타,교차로운행방법위반,건조,맑음,교차로 - 교차로안,승용,남,53세,기타불명,승용,남,57세,상해없음
2014082000100122,2014년 8월 20일 08시,수요일,충청북도 충주시 칠금동,경상사고,0,0,3,0,차대차 - 추돌 - 진행중,교차로운행방법위반,건조,맑음,교차로 - 교차로부근,승용,남,59세,상해없음,승용,여,37세,경상
2014082000100123,2014년 8월 20일 08시,수요일,충청북도 음성군 금왕읍,경상사고,0,0,1,0,차대사람 - 기타,안전운전불이행,건조,맑음,교차로 - 교차로안,승용,여,42세,상해없음,보행자,여,11세,경상
2014082000100182,2014년 8월 20일 10시,수요일,충청북도 제천시 동현동,경상사고,0,0,1,0,차대차 - 추돌 - 주정차중,안전거리미확보,건조,맑음,단일로 - 기타,승합,남,60세,상해없음,화물,남,62세,경상
2014082000100237,2014년 8월 20일 12시,수요일,충청북도 청주시 청원구 내덕동,중상사고,0,1,0,0,차대차 - 기타,안전운전불이행,건조,맑음,교차로 - 교차로안,승용,남,43세,상해없음,자전거,여,55세,중상
2014082000100269,2014년 8월 20일 13시,수요일,충청북도 충주시 호암동,사망사고,1,0,0,0,차대사람 - 횡단중,보행자보호의무위반,건조,맑음,교차로 - 교차로부근,화물,남,70세,상해없음,보행자,여,71세,사망
2014082000100336,2014년 8월 20일 15시,수요일,충청북도 청주시 흥덕구 복대동,중상사고,0,1,0,0,차대사람 - 횡단중,안전운전불이행,건조,맑음,단일로 - 기타,승용,여,46세,상해없음,보행자,남,42세,중상
2014082000100367,2014년 8월 20일 16시,수요일,충청북도 청주시 청원구 율량동,중상사고,0,1,0,0,차대차 - 기타,안전거리미확보,습기,비,단일로 - 기타,승용,남,60세,상해없음,승합,남,54세,상해없음
2014082000100368,2014년 8월 20일 16시,수요일,충청북도 충주시 주덕읍,경상사고,0,0,1,1,차대차 - 추돌 - 진행중,직진우회전진행방해,건조,맑음,교차로 - 교차로안,승용,남,56세,부상신고,화물,남,45세,경상
2014082000100369,2014년 8월 20일 16시,수요일,충청북도 진천군 광혜원면,중상사고,0,1,0,0,차대차 - 측면직각충돌,중앙선침범,건조,맑음,단일로 - 기타,화물,남,67세,상해없음,화물,남,62세,중상
2014082000100391,2014년 8월 20일 17시,수요일,충청북도 청주시 청원구 우암동,경상사고,0,0,1,0,차대사람 - 기타,안전운전불이행,습기,비,교차로 - 교차로안,승용,여,43세,상해없음,보행자,남,37세,경상
2014082000100416,2014년 8월 20일 18시,수요일,충청북도 제천시 청풍면,경상사고,0,0,1,0,차대차 - 기타,직진우회전진행방해,습기,비,교차로 - 교차로안,승용,여,54세,상해없음,승용,남,35세,경상