사고번호,사고일시,요일,시군구,사고내용,사망자수,중상자수,경상자수,부상신고자수,사고유형,법규위반,노면상태,기상상태,도로형태,가해운전자 차종,가해운전자 성별,가해운전자 연령,가해운전자 상해정도,피해운전자 차종,피해운전자 성별,피해운전자 연령,피해운전자 상해정도
2014082500100329,2014년 8월 25일 15시,월요일,충청북도 청주시 서원구 사창동,경상사고,0,0,2,0,차대차 - 기타,불법유턴,건조,맑음,교차로 - 교차로부근,승용,남,52세,상해없음,승용,여,27세,경상
2014082500100330,2014년 8월 25일 15시,월요일,충청북도 청주시 청원구 내수읍,경상사고,0,0,1,0,차대차 - 기타,안전운전불이행,건조,흐림,단일로 - 기타,승용,여,37세,기타불명,승용,여,43세,경상
2014082500100331,2014년 8월 25일 15시,월요일,충청북도 충주시 주덕읍,경상사고,0,0,1,0,차량단독 - 공작물충돌,안전운전불이행,건조,흐림,단일로 - 기타,화물,남,53세,상해없음,,,,
2014082500100370,2014년 8월 25일 16시,월요일,충청북도 청주시 청원구 우암동,경상사고,0,0,1,0,차대차 - 기타,안전운전불이행,건조,맑음,단일로 - 기타,승용,여,47세,상해없음,승용,남,53세,경상
2014082500100371,2014년 8월 25일 16시,월요일,충청북도 영동군 영동읍,중상사고,0,1,0,1,차대차 - 기타,신호위반,건조,맑음,교차로 - 교차로안,승용,남,52세,부상신고,승용,남,29세,중상
2014082500100372,2014년 8월 25일 16시,월요일,충청북도 음성군 감곡면,경상사고,0,0,1,0,차대사람 - 기타,안전운전불이행,건조,맑음,단일로 - 기타,승용,여,23세,상해없음,보행자,남,56세,경상
2014082500100410,2014년 8월 25일 17시,월요일,충청북도 청주시 청원구 율량동,경상사고,0,0,3,0,차대차 - 측면직각충돌,안전운전불이행,건조,맑음,교차로 - 교차로안,승용,남,33세,상해없음,승용,여,35세,경상
2014082500100411,2014년 8월 25일 17시,월요일,충청북도 충주시 중앙탑면,사망사고,1,0,0,0,차대차 - 정면충돌,중앙선침범,습기,비,기타 - 기타,승용,여,55세,사망,건설기계,남,43세,상해없음
2014082500100412,2014년 8월 25일 17시,월요일,충청북도 충주시 칠금동,중상사고,0,1,0,0,차대차 - 추돌 - 진행중,안전운전불이행,습기,비,단일로 - 기타,승용,남,41세,상해없음,승용,남,48세,중상
2014082500100413,2014년 8월 25일 17시,월요일,충청북도 음성군 생극면,중상사고,0,3,0,0,차대차 - 기타,신호위반,건조,맑음,교차로 - 교차로안,승합,남,42세,상해없음,화물,남,54세,중상
2014082500100414,2014년 8월 25일 17시,월요일,충청북도 진천군 진천읍,경상사고,0,0,1,0,차대차 - 측면직각충돌,안전운전불이행,건조,맑음,단일로 - 기타,승용,남,28세,상해없음,승용,남,50세,경상
2014082500100448,2014년 8월 25일 18시,월요일,충청북도 진천군 진천읍,중상사고,0,1,0,0,차대차 - 측면직각충돌,안전운전불이행,건조,맑음,교차로 - 교차로부근,화물,남,59세,상해없음,자전거,남,74세,중상
2014082500100449,2014년 8월 25일 18시,월요일,충청북도 청주시 상당구 금천동,경상사고,0,0,1,0,차대차 - 기타,안전운전불이행,건조,흐림,교차로 - 교차로부근,승용,남,37세,상해없음,이륜,남,48세,경상
2014082500100522,2014년 8월 25일 20시,월요일,충청북도 제천시 강제동,경상사고,0,0,2,0,차대차 - 기타,안전운전불이행,건조,맑음,단일로 - 기타,승용,남,48세,상해없음,승용,남,20세,경상
2014082500100523,2014년 8월 25일 20시,월요일,충청북도 청주시 서원구 개신동,경상사고,0,0,1,0,차대차 - 기타,교차로운행방법위반,건조,맑음,교차로 - 교차로안,승용,남,56세,상해없음,이륜,남,45세,경상
2014082500100524,2014년 8월 25일 20시,월요일,충청북도 청주시 흥덕구 복대동,경상사고,0,0,1,0,차대사람 - 기타,안전운전불이행,건조,맑음,단일로 - 기타,화물,남,29세,상해없음,보행자,남,18세,경상
2014082500100561,2014년 8월 25일 21시,월요일,충청북도 충주시 연수동,중상사고,0,1,0,0,차대사람 - 기타,신호위반,건조,맑음,교차로 - 교차로안,원동기,남,16세,상해없음,보행자,남,21세,중상
2014082500100562,2014년 8월 25일 21시,월요일,충청북도 충주시 용산동,경상사고,0,0,3,0,차대차 - 추돌 - 진행중,안전운전불이행,건조,흐림,단일로 - 기타,승용,남,21세,상해없음,원동기,여,52세,경상
2014082600100044,2014년 8월 26일 02시,화요일,충청북도 음성군 음성읍,중상사고,0,1,0,0,차대차 - 추돌 - 진행중,안전운전불이행,건조,맑음,단일로 - 기타,승용,남,51세,중상,화물,남,50세,상해없음
2014082600100045,2014년 8월 26일 02시,화요일,충청북도 청주시 흥덕구 복대동,경상사고,0,0,1,0,차대차 - 기타,중앙선침범,건조,흐림,단일로 - 기타,승용,남,39세,상해없음,승용,남,43세,경상
2014082600100099,2014년 8월 26일 07시,화요일,충청북도 충주시 노은면,경상사고,0,0,1,0,차대차 - 기타,안전거리미확보,건조,맑음,단일로 - 기타,화물,남,51세,상해없음,화물,남,61세,경상
2014082600100164,2014년 8월 26일 09시,화요일,충청북도 청주시 서원구 사창동,중상사고,0,1,0,0,차대사람 - 길가장자리구역통행중,안전운전불이행,건조,맑음,단일로 - 기타,승용,여,46세,상해없음,보행자,여,71세,중상
2014082600100165,2014년 8월 26일 09시,화요일,충청북도 청주시 흥덕구 가경동,중상사고,0,1,0,0,차대차 - 측면직각충돌,안전운전불이행,건조,맑음,교차로 - 교차로안,승용,남,35세,상해없음,자전거,남,85세,중상
2014082600100245,2014년 8월 26일 12시,화요일,충청북도 충주시 금릉동,경상사고,0,0,1,0,차대차 - 측면직각충돌,안전거리미확보,건조,맑음,교차로 - 교차로안,승용,남,41세,경상,승합,남,77세,상해없음
2014082600100246,2014년 8월 26일 12시,화요일,충청북도 청주시 흥덕구 복대동,중상사고,0,1,0,0,차대차 - 측면직각충돌,안전운전불이행,건조,맑음,교차로 - 교차로안,승용,남,49세,상해없음,이륜,남,43세,중상
2014082600100268,2014년 8월 26일 13시,화요일,충청북도 영동군 영동읍,경상사고,0,0,1,0,차대차 - 기타,교차로운행방법위반,습기,비,교차로 - 교차로안,승용,남,73세,상해없음,승용,남,30세,경상
2014082600100269,2014년 8월 26일 13시,화요일,충청북도 옥천군 옥천읍,경상사고,0,0,4,0,차대차 - 측면직각충돌,안전운전불이행,건조,맑음,교차로 - 교차로부근,화물,남,47세,상해없음,승용,남,53세,경상
2014082600100270,2014년 8월 26일 13시,화요일,충청북도 청주시 흥덕구 강서동,경상사고,0,0,2,0,차대차 - 추돌 - 진행중,안전거리미확보,건조,맑음,교차로 - 교차로안,승용,남,56세,상해없음,기타불명,기타불명,기타불명,기타불명
2014082600100310,2014년 8월 26일 14시,화요일,충청북도 음성군 감곡면,경상사고,0,0,2,0,차대차 - 기타,중앙선침범,건조,맑음,교차로 - 교차로안,승용,여,49세,상해없음,승용,여,31세,경상
2014082600100340,2014년 8월 26일 15시,화요일,충청북도 영동군 상촌면,사망사고,1,1,0,0,차량단독 - 도로외이탈 - 추락,안전운전불이행,건조,맑음,단일로 - 기타,원동기,남,85세,중상,,,,
2014082600100388,2014년 8월 26일 16시,화요일,충청북도 청주시 청원구 오창읍,경상사고,0,0,2,0,차대차 - 기타,안전운전불이행,건조,맑음,교차로 - 교차로부근,승용,여,30세,상해없음,승용,남,40세,경상
2014082600100389,2014년 8월 26일 16시,화요일,충청북도 증평군 증평읍,경상사고,0,0,1,0,차대사람 - 횡단중,안전운전불이행,건조,맑음,단일로 - 기타,승용,남,53세,상해없음,보행자,여,16세,경상
2014082600100390,2014년 8월 26일 16시,화요일,충청북도 청주시 상당구 용암동,경상사고,0,0,1,0,차대차 - 측면직각충돌,신호위반,건조,맑음,교차로 - 교차로안,승용,여,57세,상해없음,이륜,남,46세,경상
2014082600100489,2014년 8월 26일 18시,화요일,충청북도 충주시 동량면,중상사고,0,2,1,0,차대차 - 추돌 - 진행중,안전거리미확보,건조,맑음,단일로 - 교량,승용,남,40세,상해없음,승용,여,41세,경상
2014082600100490,2014년 8월 26일 18시,화요일,충청북도 청주시 상당구 석교동,경상사고,0,0,1,0,차대차 - 추돌 - 진행중,안전운전불이행,건조,맑음,단일로 - 기타,기타불명,기타불명,기타불명,기타불명,승합,여,38세,경상
2014082600100523,2014년 8월 26일 19시,화요일,충청북도 청주시 청원구 내덕동,경상사고,0,0,1,0,차대차 - 기타,안전운전불이행,건조,맑음,단일로 - 기타,승용,남,58세,상해없음,이륜,남,18세,경상
2014082600100524,2014년 8월 26일 19시,화요일,충청북도 음성군 금왕읍,경상사고,0,0,2,0,차대차 - 기타,신호위반,건조,맑음,교차로 - 교차로안,승합,남,43세,상해없음,승용,남,45세,경상
2014082600100525,2014년 8월 26일 19시,화요일,충청북도 청주시 상당구 방서동,중상사고,0,1,0,0,차대차 - 측면직각충돌,안전운전불이행,건조,맑음,단일로 - 기타,승용,남,47세,상해없음,이륜,남,50세,중상
2014082600100526,2014년 8월 26일 19시,화요일,충청북도 청주시 서원구 분평동,경상사고,0,0,3,0,차대차 - 측면직각충돌,안전운전불이행,건조,맑음,교차로 - 교차로부근,승합,남,30세,상해없음,승용,여,55세,경상
2014082600100605,2014년 8월 26일 21시,화요일,충청북도 충주시 칠금동,중상사고,0,1,1,0,차대차 - 추돌 - 진행중,교차로운행방법위반,건조,맑음,교차로 - 교차로안,원동기,남,19세,경상,자전거,남,18세,중상
2014082600100606,2014년 8월 26일 21시,화요일,충청북도 음성군 대소면,경상사고,0,0,1,0,차대차 - 측면직각충돌,교차로운행방법위반,건조,맑음,교차로 - 교차로안,승용,남,26세,상해없음,승용,남,36세,경상
2014082600100640,2014년 8월 26일 22시,화요일,충청북도 충주시 칠금동,경상사고,0,0,2,0,차대차 - 추돌 - 진행중,신호위반,건조,맑음,교차로 - 교차로안,승용,남,44세,경상,승용,여,47세,경상
2014082700100012,2014년 8월 27일 00시,수요일,충청북도 청주시 청원구 오창읍,경상사고,0,0,1,0,차대차 - 기타,안전운전불이행,건조,맑음,교차로 - 교차로부근,승용,남,48세,상해없음,승용,남,43세,경상
2014082700100013,2014년 8월 27일 00시,수요일,충청북도 충주시 금릉동,경상사고,0,0,2,0,차대차 - 추돌 - 진행중,신호위반,습기,비,교차로 - 교차로안,승용,남,27세,상해없음,승용,남,29세,경상
2014082700100025,2014년 8월 27일 01시,수요일,충청북도 음성군 감곡면,중상사고,0,1,1,0,차대차 - 추돌 - 진행중,안전운전불이행,건조,흐림,단일로 - 기타,승용,남,23세,중상,화물,남,62세,경상
2014082700100056,2014년 8월 27일 04시,수요일,충청북도 청주시 상당구 용암동,경상사고,0,0,3,0,차대차 - 측면직각충돌,신호위반,건조,기타,교차로 - 교차로안,승용,남,66세,상해없음,승용,여,51세,경상
2014082700100057,2014년 8월 27일 04시,수요일,충청북도 괴산군 장연면,중상사고,0,1,0,0,차대차 - 기타,안전운전불이행,건조,맑음,단일로 - 기타,화물,남,52세,중상,화물,남,48세,상해없음
2014082700100063,2014년 8월 27일 05시,수요일,충청북도 청주시 서원구 사직동,경상사고,0,0,1,0,차대차 - 기타,신호위반,건조,맑음,교차로 - 교차로안,승용,남,25세,상해없음,승용,남,24세,경상
2014082700100089,2014년 8월 27일 07시,수요일,충청북도 괴산군 사리면,중상사고,0,1,1,0,차대차 - 측면직각충돌,안전운전불이행,건조,맑음,교차로 - 교차로안,승용,여,27세,상해없음,이륜,여,72세,중상
2014082700100090,2014년 8월 27일 07시,수요일,충청북도 청주시 흥덕구 송정동,중상사고,0,1,2,0,차대차 - 기타,교차로운행방법위반,건조,맑음,교차로 - 교차로안,승용,남,55세,중상,승용,여,29세,경상
2014082700100091,2014년 8월 27일 07시,수요일,충청북도 청주시 서원구 남이면,경상사고,0,0,3,0,차대차 - 기타,신호위반,건조,맑음,교차로 - 교차로안,승용,여,54세,경상,화물,남,29세,경상
2014082700100121,2014년 8월 27일 08시,수요일,충청북도 증평군 증평읍,중상사고,0,1,0,0,차대차 - 측면직각충돌,안전거리미확보,건조,맑음,단일로 - 기타,화물,남,37세,상해없음,자전거,남,50세,중상
2014082700100122,2014년 8월 27일 08시,수요일,충청북도 청주시 서원구 현도면,경상사고,0,0,1,0,차대차 - 측면직각충돌,중앙선침범,건조,맑음,교차로 - 교차로안,화물,남,40세,상해없음,승용,여,48세,경상
2014082700100155,2014년 8월 27일 09시,수요일,충청북도 청주시 흥덕구 복대동,중상사고,0,2,2,0,차대차 - 추돌 - 진행중,안전운전불이행,건조,맑음,단일로 - 기타,화물,남,47세,상해없음,승용,여,46세,중상
2014082700100186,2014년 8월 27일 10시,수요일,충청북도 음성군 원남면,경상사고,0,0,1,0,차대차 - 기타,안전거리미확보,건조,맑음,단일로 - 기타,화물,남,77세,상해없음,승용,여,60세,경상
2014082700100247,2014년 8월 27일 12시,수요일,충청북도 충주시 칠금동,경상사고,0,0,1,0,차대차 - 기타,교차로운행방법위반,건조,맑음,교차로 - 교차로부근,승합,여,50세,상해없음,승용,남,43세,경상
2014082700100280,2014년 8월 27일 13시,수요일,충청북도 음성군 삼성면,중상사고,0,1,0,0,차대차 - 기타,교차로운행방법위반,건조,맑음,교차로 - 교차로부근,화물,남,47세,상해없음,원동기,남,78세,중상
2014082700100311,2014년 8월 27일 14시,수요일,충청북도 청주시 흥덕구 송절동,중상사고,0,1,0,0,차대차 - 기타,안전운전불이행,건조,맑음,교차로 - 교차로부근,승용,남,77세,상해없음,승용,여,35세,중상
2014082700100312,2014년 8월 27일 14시,수요일,충청북도 청주시 흥덕구 강내면,중상사고,0,1,1,0,차대차 - 기타,중앙선침범,건조,맑음,단일로 - 기타,화물,남,56세,경상,승용,남,48세,중상
2014082700100354,2014년 8월 27일 15시,수요일,충청북도 청주시 청원구 내덕동,경상사고,0,0,1,0,차대사람 - 기타,중앙선침범,건조,맑음,단일로 - 기타,이륜,남,25세,상해없음,보행자,여,40세,경상
2014082700100355,2014년 8월 27일 15시,수요일,충청북도 제천시 청전동,중상사고,0,2,1,0,차대차 - 추돌 - 진행중,안전운전불이행,건조,맑음,단일로 - 기타,승용,여,53세,상해없음,승용,여,43세,중상
2014082700100396,2014년 8월 27일 16시,수요일,충청북도 청주시 청원구 오창읍,경상사고,0,0,1,0,차대사람 - 횡단중,안전운전불이행,건조,맑음,단일로 - 기타,승용,남,46세,상해없음,보행자,여,5세,경상
2014082700100437,2014년 8월 27일 17시,수요일,충청북도 진천군 초평면,경상사고,0,0,1,0,차대차 - 추돌 - 진행중,안전운전불이행,건조,맑음,교차로 - 교차로안,원동기,남,80세,경상,화물,남,35세,상해없음
2014082700100438,2014년 8월 27일 17시,수요일,충청북도 청주시 흥덕구 봉명동,경상사고,0,0,4,1,차대차 - 기타,안전운전불이행,건조,맑음,교차로 - 교차로부근,화물,남,54세,상해없음,승용,여,54세,부상신고
2014082700100483,2014년 8월 27일 18시,수요일,충청북도 청주시 청원구 율량동,중상사고,0,1,0,0,차대차 - 기타,교차로운행방법위반,건조,맑음,교차로 - 교차로안,승용,여,58세,상해없음,승용,남,53세,중상
2014082700100484,2014년 8월 27일 18시,수요일,충청북도 청주시 서원구 사창동,중상사고,0,1,0,0,차대차 - 기타,안전운전불이행,건조,맑음,단일로 - 기타,원동기,남,19세,중상,승용,여,38세,상해없음
2014082700100485,2014년 8월 27일 18시,수요일,충청북도 제천시 중앙로1가,중상사고,0,1,1,0,차대사람 - 기타,안전운전불이행,건조,맑음,교차로 - 교차로부근,자전거,남,21세,상해없음,보행자,남,70세,중상
2014082700100486,2014년 8월 27일 18시,수요일,충청북도 제천시 중앙로2가,경상사고,0,0,1,0,차대차 - 기타,안전운전불이행,건조,맑음,교차로 - 교차로안,승용,여,44세,상해없음,자전거,남,76세,경상
2014082700100487,2014년 8월 27일 18시,수요일,충청북도 옥천군 군북면,중상사고,0,1,0,0,차대차 - 측면직각충돌,기타,건조,맑음,교차로 - 교차로안,승용,남,47세,상해없음,자전거,남,10세,중상
2014082700100488,2014년 8월 27일 18시,수요일,충청북도 청주시 흥덕구 비하동,경상사고,0,0,1,0,차대사람 - 기타,안전운전불이행,건조,맑음,단일로 - 기타,승용,여,53세,상해없음,보행자,남,39세,경상
2014082700100567,2014년 8월 27일 20시,수요일,충청북도 충주시 성내동,중상사고,0,2,0,0,차대차 - 추돌 - 진행중,신호위반,건조,맑음,교차로 - 교차로안,승용,여,38세,상해없음,화물,남,38세,중상
2014082700100568,2014년 8월 27일 20시,수요일,충청북도 음성군 금왕읍,경상사고,0,0,2,0,차대차 - 기타,과속,건조,맑음,단일로 - 기타,승용,남,26세,상해없음,원동기,남,26세,경상
2014082700100569,2014년 8월 27일 20시,수요일,충청북도 청주시 상당구 미원면,경상사고,0,0,1,0,차량단독 - 공작물충돌,안전운전불이행,건조,맑음,단일로 - 기타,승용,남,34세,경상,,,,
2014082700100635,2014년 8월 27일 22시,수요일,충청북도 충주시 연수동,경상사고,0,0,3,0,차대차 - 기타,중앙선침범,건조,맑음,교차로 - 교차로부근,이륜,남,17세,경상,승용,남,51세,경상
2014082700100636,2014년 8월 27일 22시,수요일,충청북도 충주시 대소원면,경상사고,0,0,1,0,차대차 - 추돌 - 진행중,안전운전불이행,건조,맑음,단일로 - 기타,승용,남,55세,상해없음,승합,남,32세,경상
2014082700100637,2014년 8월 27일 22시,수요일,충청북도 청주시 서원구 개신동,중상사고,0,1,0,0,차대사람 - 기타,안전운전불이행,건조,맑음,교차로 - 교차로안,승용,여,34세,상해없음,보행자,여,18세,중상
2014082700100661,2014년 8월 27일 23시,수요일,충청북도 청주시 서원구 분평동,경상사고,0,0,1,0,차대사람 - 기타,안전운전불이행,건조,맑음,교차로 - 교차로안,승용,남,55세,상해없음,보행자,남,28세,경상
2014082800100044,2014년 8월 28일 02시,목요일,충청북도 영동군 영동읍,중상사고,0,1,0,0,차대차 - 기타,직진우회전진행방해,건조,맑음,교차로 - 교차로안,승용,남,47세,상해없음,승용,남,22세,상해없음
2014082800100058,2014년 8월 28일 04시,목요일,충청북도 청주시 서원구 수곡동,중상사고,0,1,0,0,차대사람 - 차도통행중,안전운전불이행,건조,맑음,단일로 - 기타,기타불명,기타불명,기타불명,기타불명,보행자,여,78세,중상
2014082800100085,2014년 8월 28일 06시,목요일,충청북도 청주시 흥덕구 가경동,경상사고,0,0,1,0,차대차 - 추돌 - 주정차중,안전운전불이행,건조,맑음,단일로 - 기타,승용,남,35세,상해없음,승용,남,67세,경상
2014082800100103,2014년 8월 28일 07시,목요일,충청북도 청주시 청원구 율량동,중상사고,0,1,0,0,차량단독 - 공작물충돌,안전운전불이행,건조,맑음,기타 - 기타,승용,남,69세,상해없음,,,,
2014082800100104,2014년 8월 28일 07시,목요일,충청북도 청주시 상당구 남문로1가동,경상사고,0,0,1,0,차대차 - 추돌 - 진행중,안전거리미확보,건조,맑음,단일로 - 기타,승용,남,56세,상해없음,승용,여,50세,경상
2014082800100141,2014년 8월 28일 08시,목요일,충청북도 청주시 흥덕구 외북동,경상사고,0,0,2,0,차대차 - 추돌 - 진행중,안전운전불이행,건조,맑음,교차로 - 교차로부근,승용,남,31세,상해없음,승용,여,54세,상해없음
2014082800100177,2014년 8월 28일 09시,목요일,충청북도 제천시 동현동,중상사고,0,1,0,0,차대차 - 기타,안전거리미확보,건조,맑음,단일로 - 기타,화물,남,64세,상해없음,화물,남,45세,중상
2014082800100204,2014년 8월 28일 10시,목요일,충청북도 청주시 흥덕구 강서동,중상사고,0,1,1,0,차대차 - 측면직각충돌,신호위반,건조,맑음,교차로 - 교차로안,승용,남,25세,상해없음,승용,남,52세,경상
2014082800100228,2014년 8월 28일 11시,목요일,충청북도 청주시 서원구 개신동,경상사고,0,0,1,0,차대차 - 기타,안전운전불이행,건조,맑음,단일로 - 기타,승용,여,30세,상해없음,승용,남,33세,경상
2014082800100229,2014년 8월 28일 11시,목요일,충청북도 청주시 상당구 방서동,중상사고,0,1,0,0,차대차 - 측면직각충돌,안전운전불이행,건조,맑음,교차로 - 교차로부근,승용,남,74세,상해없음,승용,남,59세,중상
2014082800100275,2014년 8월 28일 13시,목요일,충청북도 청주시 흥덕구 석곡동,경상사고,0,0,2,0,차대차 - 기타,안전운전불이행,건조,맑음,단일로 - 기타,화물,남,38세,상해없음,승용,여,57세,경상
2014082800100276,2014년 8월 28일 13시,목요일,충청북도 청주시 흥덕구 봉명동,중상사고,0,2,0,0,차대차 - 기타,교차로운행방법위반,건조,맑음,교차로 - 교차로안,승용,남,27세,중상,승용,여,37세,중상
2014082800100316,2014년 8월 28일 14시,목요일,충청북도 청주시 청원구 내덕동,중상사고,0,1,0,0,차대차 - 기타,안전운전불이행,건조,맑음,교차로 - 교차로부근,자전거,여,76세,중상,승용,여,38세,상해없음
2014082800100317,2014년 8월 28일 14시,목요일,충청북도 충주시 문화동,중상사고,0,2,2,1,차대차 - 추돌 - 진행중,안전운전불이행,건조,맑음,단일로 - 기타,승용,남,35세,부상신고,승용,남,32세,경상
2014082800100318,2014년 8월 28일 14시,목요일,충청북도 청주시 흥덕구 가경동,경상사고,0,0,1,0,차대차 - 추돌 - 주정차중,안전운전불이행,건조,맑음,교차로 - 교차로안,승용,남,32세,상해없음,승용,여,31세,경상
2014082800100354,2014년 8월 28일 15시,목요일,충청북도 청주시 청원구 오창읍,사망사고,1,0,0,0,차대사람 - 횡단중,신호위반,건조,맑음,교차로 - 교차로안,승합,남,60세,상해없음,보행자,여,7세,사망
2014082800100355,2014년 8월 28일 15시,목요일,충청북도 청주시 흥덕구 옥산면,경상사고,0,0,1,0,차대차 - 측면직각충돌,안전거리미확보,건조,맑음,단일로 - 기타,승용,여,19세,상해없음,승용,여,54세,경상
2014082800100356,2014년 8월 28일 15시,목요일,충청북도 청주시 서원구 모충동,경상사고,0,0,1,0,차대사람 - 횡단중,안전운전불이행,건조,맑음,단일로 - 기타,화물,남,56세,상해없음,보행자,여,18세,경상
2014082800100428,2014년 8월 28일 17시,목요일,충청북도 청주시 상당구 지북동,중상사고,0,1,1,0,차대차 - 기타,안전운전불이행,건조,맑음,교차로 - 교차로안,건설기계,남,61세,상해없음,승용,남,52세,경상
2014082800100429,2014년 8월 28일 17시,목요일,충청북도 보은군 보은읍,중상사고,0,1,0,0,차대차 - 측면직각충돌,안전운전불이행,건조,맑음,교차로 - 교차로부근,자전거,남,67세,중상,화물,남,59세,상해없음
2014082800100480,2014년 8월 28일 18시,목요일,충청북도 청주시 상당구 용암동,중상사고,0,4,2,0,차대차 - 측면직각충돌,신호위반,건조,맑음,교차로 - 교차로안,화물,남,35세,경상,승용,여,38세,중상
2014082800100518,2014년 8월 28일 19시,목요일,충청북도 진천군 진천읍,경상사고,0,0,1,0,차대차 - 추돌 - 진행중,안전운전불이행,건조,맑음,단일로 - 기타,승용,남,31세,상해없음,승용,남,24세,경상
2014082800100519,2014년 8월 28일 19시,목요일,충청북도 청주시 흥덕구 옥산면,중상사고,0,1,0,0,차대사람 - 차도통행중,안전운전불이행,건조,맑음,단일로 - 기타,승용,남,32세,상해없음,보행자,여,80세,중상
2014082800100599,2014년 8월 28일 21시,목요일,충청북도 청주시 흥덕구 복대동,경상사고,0,0,1,0,차대차 - 추돌 - 주정차중,안전거리미확보,건조,맑음,단일로 - 기타,승용,남,44세,상해없음,원동기,남,40세,경상
2014082800100656,2014년 8월 28일 23시,목요일,충청북도 옥천군 옥천읍,중상사고,0,1,0,0,차대차 - 추돌 - 진행중,교차로운행방법위반,건조,맑음,교차로 - 교차로부근,승용,남,19세,상해없음,이륜,남,20세,중상
2014082900100006,2014년 8월 29일 00시,금요일,충청북도 진천군 문백면,경상사고,0,0,1,0,차대차 - 추돌 - 진행중,안전운전불이행,건조,맑음,단일로 - 기타,승용,남,23세,상해없음,화물,남,73세,경상
2014082900100027,2014년 8월 29일 01시,금요일,충청북도 청주시 상당구 미원면,부상신고사고,0,0,0,1,차량단독 - 공작물충돌,안전운전불이행,건조,맑음,단일로 - 기타,승용,남,34세,부상신고,,,,
2014082900100038,2014년 8월 29일 02시,금요일,충청북도 옥천군 옥천읍,중상사고,0,1,0,0,차대차 - 추돌 - 주정차중,안전운전불이행,건조,맑음,단일로 - 기타,승용,남,35세,중상,건설기계,남,39세,상해없음
2014082900100079,2014년 8월 29일 06시,금요일,충청북도 청주시 청원구 사천동,경상사고,0,0,2,0,차대차 - 추돌 - 진행중,안전운전불이행,건조,맑음,단일로 - 기타,화물,남,49세,상해없음,승용,남,52세,상해없음
2014082900100096,2014년 8월 29일 07시,금요일,충청북도 음성군 생극면,경상사고,0,0,1,0,차대차 - 기타,안전운전불이행,건조,맑음,단일로 - 기타,농기계,남,75세,경상,화물,남,47세,상해없음
2014082900100130,2014년 8월 29일 08시,금요일,충청북도 청주시 청원구 주중동,경상사고,0,0,1,0,차대차 - 기타,안전운전불이행,건조,맑음,단일로 - 기타,승용,남,35세,상해없음,승용,남,51세,경상
2014082900100131,2014년 8월 29일 08시,금요일,충청북도 진천군 진천읍,경상사고,0,0,1,0,차대차 - 측면직각충돌,교차로운행방법위반,건조,맑음,교차로 - 교차로안,승용,남,44세,상해없음,승용,남,48세,경상
2014082900100132,2014년 8월 29일 08시,금요일,충청북도 청주시 흥덕구 운천동,중상사고,0,2,6,0,차대차 - 추돌 - 진행중,안전운전불이행,건조,맑음,단일로 - 기타,화물,남,33세,상해없음,승용,여,26세,중상
2014082900100163,2014년 8월 29일 09시,금요일,충청북도 괴산군 괴산읍,경상사고,0,0,1,0,차대사람 - 차도통행중,안전운전불이행,건조,맑음,단일로 - 기타,원동기,여,28세,상해없음,보행자,여,19세,경상
2014082900100164,2014년 8월 29일 09시,금요일,충청북도 증평군 증평읍,경상사고,0,0,1,0,차대사람 - 기타,안전운전불이행,건조,맑음,단일로 - 기타,기타불명,기타불명,기타불명,기타불명,보행자,여,16세,경상
2014082900100190,2014년 8월 29일 10시,금요일,충청북도 청주시 청원구 내덕동,중상사고,0,1,0,0,차대차 - 측면직각충돌,안전운전불이행,건조,맑음,단일로 - 기타,화물,남,35세,상해없음,자전거,여,70세,중상
2014082900100250,2014년 8월 29일 12시,금요일,충청북도 충주시 대소원면,경상사고,0,0,1,0,차대차 - 기타,안전운전불이행,건조,맑음,단일로 - 기타,승용,남,51세,상해없음,승용,남,31세,경상
2014082900100251,2014년 8월 29일 12시,금요일,충청북도 증평군 증평읍,중상사고,0,2,0,0,차대차 - 측면직각충돌,교차로운행방법위반,건조,맑음,교차로 - 교차로안,이륜,남,76세,중상,승용,남,23세,상해없음
2014082900100280,2014년 8월 29일 13시,금요일,충청북도 청주시 상당구 금천동,경상사고,0,0,1,0,차대차 - 측면직각충돌,안전운전불이행,건조,맑음,교차로 - 교차로안,승용,남,28세,경상,승용,남,44세,상해없음
2014082900100352,2014년 8월 29일 15시,금요일,충청북도 제천시 송학면,경상사고,0,0,1,0,차대차 - 측면직각충돌,기타,건조,맑음,단일로 - 기타,화물,남,39세,상해없음,승용,여,54세,경상
2014082900100353,2014년 8월 29일 15시,금요일,충청북도 청주시 흥덕구 정봉동,경상사고,0,0,1,0,차대차 - 기타,중앙선침범,건조,맑음,단일로 - 기타,승용,남,61세,상해없음,승용,남,24세,경상
2014082900100354,2014년 8월 29일 15시,금요일,충청북도 청주시 흥덕구 신봉동,중상사고,0,1,0,0,차대사람 - 기타,안전운전불이행,건조,맑음,단일로 - 기타,화물,남,44세,상해없음,보행자,남,48세,중상
2014082900100355,2014년 8월 29일 15시,금요일,충청북도 청주시 서원구 미평동,경상사고,0,0,1,0,차대사람 - 기타,안전운전불이행,건조,맑음,단일로 - 기타,승용,남,52세,상해없음,보행자,남,32세,경상
2014082900100397,2014년 8월 29일 16시,금요일,충청북도 충주시 중앙탑면,중상사고,0,1,0,0,차대사람 - 기타,안전운전불이행,건조,맑음,단일로 - 기타,승용,남,35세,상해없음,보행자,남,44세,중상