사고번호,사고일시,요일,시군구,사고내용,사망자수,중상자수,경상자수,부상신고자수,사고유형,법규위반,노면상태,기상상태,도로형태,가해운전자 차종,가해운전자 성별,가해운전자 연령,가해운전자 상해정도,피해운전자 차종,피해운전자 성별,피해운전자 연령,피해운전자 상해정도
2014090600100438,2014년 9월 6일 16시,토요일,충청북도 제천시 동현동,중상사고,0,1,1,0,차대차 - 기타,안전거리미확보,건조,맑음,단일로 - 기타,승용,여,53세,상해없음,승용,남,52세,경상
2014090600100439,2014년 9월 6일 16시,토요일,충청북도 청주시 상당구 가덕면,사망사고,1,0,0,0,차량단독 - 전도전복,안전운전불이행,건조,맑음,단일로 - 기타,농기계,남,73세,사망,,,,
2014090600100440,2014년 9월 6일 16시,토요일,충청북도 청주시 상당구 용암동,경상사고,0,0,1,0,차대차 - 추돌 - 주정차중,안전운전불이행,건조,맑음,교차로 - 교차로부근,승용,기타불명,기타불명,기타불명,승용,기타불명,기타불명,기타불명
2014090600100477,2014년 9월 6일 17시,토요일,충청북도 충주시 문화동,중상사고,0,1,0,0,차대차 - 기타,기타,건조,맑음,교차로 - 교차로안,승용,남,55세,상해없음,승용,남,46세,중상
2014090600100478,2014년 9월 6일 17시,토요일,충청북도 진천군 진천읍,경상사고,0,0,2,0,차대차 - 측면직각충돌,교차로운행방법위반,건조,맑음,교차로 - 교차로안,원동기,남,75세,경상,승합,남,51세,상해없음
2014090600100506,2014년 9월 6일 18시,토요일,충청북도 음성군 음성읍,경상사고,0,0,1,0,차대사람 - 기타,안전운전불이행,건조,맑음,단일로 - 기타,기타불명,기타불명,기타불명,기타불명,보행자,남,46세,경상
2014090600100540,2014년 9월 6일 19시,토요일,충청북도 괴산군 연풍면,사망사고,1,0,0,0,차대차 - 추돌 - 진행중,과속,건조,맑음,단일로 - 기타,화물,남,52세,상해없음,자전거,남,58세,사망
2014090600100609,2014년 9월 6일 21시,토요일,충청북도 청주시 흥덕구 봉명동,중상사고,0,1,0,0,차대차 - 기타,안전운전불이행,건조,맑음,단일로 - 기타,승용,남,21세,상해없음,승용,남,24세,중상
2014090600100610,2014년 9월 6일 21시,토요일,충청북도 청주시 서원구 미평동,경상사고,0,0,3,0,차대차 - 측면직각충돌,안전운전불이행,건조,맑음,교차로 - 교차로안,승용,남,52세,상해없음,승용,남,34세,경상
2014090600100638,2014년 9월 6일 22시,토요일,충청북도 제천시 화산동,경상사고,0,0,1,0,차대차 - 기타,직진우회전진행방해,건조,맑음,교차로 - 교차로안,화물,남,56세,상해없음,원동기,남,47세,경상
2014090600100639,2014년 9월 6일 22시,토요일,충청북도 청주시 서원구 산남동,경상사고,0,0,1,0,차대차 - 추돌 - 주정차중,안전운전불이행,건조,맑음,교차로 - 교차로부근,승용,남,24세,상해없음,승용,남,21세,경상
2014090600100640,2014년 9월 6일 22시,토요일,충청북도 청주시 서원구 남이면,중상사고,0,1,2,0,차대차 - 추돌 - 진행중,안전운전불이행,건조,맑음,단일로 - 기타,승용,남,39세,상해없음,승용,남,51세,상해없음
2014090600100666,2014년 9월 6일 23시,토요일,충청북도 제천시 하소동,중상사고,0,1,0,0,차대차 - 기타,안전운전불이행,건조,맑음,교차로 - 교차로부근,승용,남,30세,상해없음,승용,여,31세,중상
2014090700100023,2014년 9월 7일 01시,일요일,충청북도 청주시 서원구 사창동,경상사고,0,0,1,0,차대차 - 추돌 - 진행중,안전운전불이행,건조,맑음,단일로 - 기타,승용,여,46세,상해없음,승용,여,52세,경상
2014090700100040,2014년 9월 7일 02시,일요일,충청북도 청주시 서원구 사창동,경상사고,0,0,1,0,차대차 - 측면직각충돌,교차로운행방법위반,건조,맑음,교차로 - 교차로안,승용,남,45세,상해없음,승용,남,28세,경상
2014090700100074,2014년 9월 7일 04시,일요일,충청북도 음성군 음성읍,중상사고,0,1,1,0,차대차 - 기타,교차로운행방법위반,습기,안개,교차로 - 교차로안,승용,여,45세,경상,승용,여,58세,중상
2014090700100138,2014년 9월 7일 09시,일요일,충청북도 음성군 맹동면,경상사고,0,0,1,0,차대차 - 기타,안전운전불이행,습기,안개,단일로 - 기타,승합,남,52세,상해없음,승용,여,58세,상해없음
2014090700100156,2014년 9월 7일 10시,일요일,충청북도 청주시 서원구 현도면,중상사고,0,2,0,0,차대차 - 정면충돌,안전운전불이행,건조,맑음,단일로 - 기타,승용,여,28세,중상,승합,남,60세,중상
2014090700100180,2014년 9월 7일 11시,일요일,충청북도 청주시 흥덕구 석곡동,중상사고,0,1,0,0,차량단독 - 기타,안전운전불이행,건조,맑음,단일로 - 기타,이륜,남,57세,중상,,,,
2014090700100202,2014년 9월 7일 12시,일요일,충청북도 괴산군 괴산읍,경상사고,0,0,1,0,차대차 - 추돌 - 주정차중,안전운전불이행,건조,맑음,단일로 - 기타,승합,남,37세,상해없음,승용,남,59세,경상
2014090700100231,2014년 9월 7일 13시,일요일,충청북도 충주시 대소원면,경상사고,0,0,2,0,차대차 - 기타,안전운전불이행,건조,맑음,교차로 - 교차로부근,화물,남,48세,상해없음,화물,남,54세,경상
2014090700100232,2014년 9월 7일 13시,일요일,충청북도 청주시 흥덕구 복대동,중상사고,0,1,0,0,차대차 - 측면직각충돌,안전운전불이행,건조,맑음,교차로 - 교차로안,화물,남,54세,상해없음,이륜,남,27세,중상
2014090700100256,2014년 9월 7일 14시,일요일,충청북도 청주시 흥덕구 옥산면,사망사고,1,0,0,0,차량단독 - 공작물충돌,안전운전불이행,건조,맑음,단일로 - 기타,승용,여,62세,사망,,,,
2014090700100281,2014년 9월 7일 15시,일요일,충청북도 충주시 동량면,경상사고,0,0,2,0,차대차 - 기타,직진우회전진행방해,건조,맑음,단일로 - 기타,승용,남,51세,상해없음,승용,여,57세,경상
2014090700100305,2014년 9월 7일 16시,일요일,충청북도 제천시 명동,경상사고,0,0,1,0,차대차 - 기타,안전운전불이행,건조,맑음,교차로 - 교차로안,승용,남,58세,상해없음,승용,남,31세,경상
2014090700100340,2014년 9월 7일 17시,일요일,충청북도 청주시 상당구 수동,경상사고,0,0,6,0,차대차 - 측면직각충돌,안전운전불이행,건조,맑음,교차로 - 교차로안,승용,남,60세,상해없음,승용,남,45세,경상
2014090700100390,2014년 9월 7일 19시,일요일,충청북도 충주시 금가면,사망사고,1,0,0,0,차대사람 - 기타,안전운전불이행,건조,맑음,단일로 - 기타,승합,남,45세,상해없음,보행자,남,67세,사망
2014090700100391,2014년 9월 7일 19시,일요일,충청북도 영동군 황간면,중상사고,0,1,0,0,차대사람 - 횡단중,안전운전불이행,건조,맑음,단일로 - 기타,승용,남,33세,상해없음,보행자,남,43세,중상
2014090700100415,2014년 9월 7일 20시,일요일,충청북도 제천시 명동,경상사고,0,0,1,0,차대차 - 기타,직진우회전진행방해,건조,맑음,교차로 - 교차로안,승용,여,50세,상해없음,원동기,남,58세,경상
2014090800100007,2014년 9월 8일 00시,월요일,충청북도 단양군 영춘면,중상사고,0,1,0,0,차대차 - 추돌 - 주정차중,안전운전불이행,건조,맑음,단일로 - 기타,승용,남,26세,상해없음,승용,남,59세,중상
2014090800100025,2014년 9월 8일 03시,월요일,충청북도 충주시 칠금동,경상사고,0,0,1,0,차대차 - 기타,직진우회전진행방해,건조,맑음,교차로 - 교차로안,승용,남,35세,상해없음,승용,남,36세,경상
2014090800100051,2014년 9월 8일 06시,월요일,충청북도 충주시 목행동,중상사고,0,1,0,0,차대차 - 기타,신호위반,건조,맑음,교차로 - 교차로안,승용,남,37세,상해없음,승용,남,42세,중상
2014090800100060,2014년 9월 8일 07시,월요일,충청북도 증평군 증평읍,경상사고,0,0,1,0,차대사람 - 횡단중,보행자보호의무위반,건조,맑음,교차로 - 교차로안,승용,남,54세,상해없음,보행자,남,67세,경상
2014090800100096,2014년 9월 8일 10시,월요일,충청북도 제천시 신동,중상사고,0,2,5,0,차대차 - 기타,안전거리미확보,건조,맑음,단일로 - 기타,승용,여,41세,경상,승용,남,32세,경상
2014090800100097,2014년 9월 8일 10시,월요일,충청북도 괴산군 청안면,경상사고,0,0,6,0,차대차 - 기타,안전운전불이행,건조,맑음,기타 - 기타,화물,남,60세,경상,승용,남,37세,경상
2014090800100124,2014년 9월 8일 11시,월요일,충청북도 청주시 청원구 오창읍,중상사고,0,1,2,0,차대차 - 추돌 - 진행중,안전거리미확보,건조,맑음,단일로 - 기타,승용,남,34세,상해없음,승용,남,19세,상해없음
2014090800100152,2014년 9월 8일 12시,월요일,충청북도 보은군 수한면,경상사고,0,0,2,0,차대차 - 측면직각충돌,안전운전불이행,건조,맑음,교차로 - 교차로부근,승용,남,41세,상해없음,승용,남,54세,경상
2014090800100153,2014년 9월 8일 12시,월요일,충청북도 음성군 맹동면,경상사고,0,0,3,0,차대차 - 기타,안전운전불이행,건조,맑음,교차로 - 교차로안,승합,남,48세,경상,화물,남,28세,경상
2014090800100188,2014년 9월 8일 13시,월요일,충청북도 청주시 청원구 율량동,중상사고,0,1,0,0,차대차 - 기타,안전운전불이행,건조,맑음,교차로 - 교차로안,승용,여,39세,상해없음,자전거,남,79세,중상
2014090800100189,2014년 9월 8일 13시,월요일,충청북도 진천군 문백면,경상사고,0,0,3,0,차대차 - 측면직각충돌,교차로운행방법위반,건조,맑음,교차로 - 교차로안,승용,여,29세,상해없음,승용,여,36세,경상
2014090800100220,2014년 9월 8일 14시,월요일,충청북도 괴산군 감물면,중상사고,0,1,4,0,차량단독 - 도로외이탈 - 추락,안전운전불이행,건조,맑음,단일로 - 기타,승용,여,42세,경상,,,,
2014090800100221,2014년 9월 8일 14시,월요일,충청북도 진천군 문백면,경상사고,0,0,2,0,차대차 - 측면직각충돌,교차로운행방법위반,건조,맑음,교차로 - 교차로안,승용,남,45세,상해없음,승용,남,47세,경상
2014090800100284,2014년 9월 8일 16시,월요일,충청북도 충주시 목행동,경상사고,0,0,2,0,차대차 - 기타,중앙선침범,건조,맑음,단일로 - 기타,승합,남,66세,상해없음,화물,남,48세,경상
2014090800100285,2014년 9월 8일 16시,월요일,충청북도 충주시 중앙탑면,경상사고,0,0,3,0,차대차 - 기타,안전거리미확보,건조,맑음,단일로 - 기타,승용,여,26세,상해없음,승합,남,39세,경상
2014090800100286,2014년 9월 8일 16시,월요일,충청북도 충주시 연수동,부상신고사고,0,0,0,1,차대차 - 기타,안전운전불이행,건조,맑음,교차로 - 교차로안,기타불명,기타불명,기타불명,기타불명,자전거,남,30세,부상신고
2014090800100361,2014년 9월 8일 19시,월요일,충청북도 충주시 중앙탑면,경상사고,0,0,1,0,차대차 - 기타,신호위반,건조,맑음,교차로 - 교차로안,승용,남,45세,상해없음,화물,남,54세,경상
2014090800100383,2014년 9월 8일 20시,월요일,충청북도 진천군 초평면,중상사고,0,1,0,0,차대차 - 측면직각충돌,안전운전불이행,건조,맑음,단일로 - 기타,승용,남,29세,상해없음,승용,여,56세,중상
2014090800100384,2014년 9월 8일 20시,월요일,충청북도 청주시 상당구 남주동,중상사고,0,1,1,0,차대차 - 정면충돌,중앙선침범,건조,맑음,단일로 - 기타,승용,여,67세,상해없음,승용,남,28세,경상
2014090800100385,2014년 9월 8일 20시,월요일,충청북도 청주시 서원구 현도면,경상사고,0,0,2,0,차대차 - 기타,안전운전불이행,건조,맑음,단일로 - 기타,승용,여,52세,기타불명,승용,남,51세,상해없음
2014090800100404,2014년 9월 8일 21시,월요일,충청북도 청주시 청원구 내덕동,중상사고,0,2,2,0,차대차 - 측면직각충돌,신호위반,건조,맑음,교차로 - 교차로안,승용,남,62세,상해없음,승용,남,35세,중상
2014090900100033,2014년 9월 9일 03시,화요일,충청북도 단양군 단양읍,중상사고,0,1,0,0,차량단독 - 전도전복,안전운전불이행,건조,맑음,단일로 - 기타,승용,남,50세,중상,,,,
2014090900100104,2014년 9월 9일 10시,화요일,충청북도 충주시 신니면,경상사고,0,0,1,0,차대차 - 측면직각충돌,기타,건조,맑음,기타 - 기타,승용,남,69세,상해없음,농기계,남,72세,경상
2014090900100115,2014년 9월 9일 11시,화요일,충청북도 청주시 상당구 북문로1가동,사망사고,1,0,0,0,차대사람 - 횡단중,안전운전불이행,건조,맑음,단일로 - 횡단보도부근,승합,남,48세,상해없음,보행자,여,95세,사망
2014090900100134,2014년 9월 9일 12시,화요일,충청북도 제천시 명동,중상사고,0,3,1,0,차대차 - 추돌 - 주정차중,안전운전불이행,건조,맑음,단일로 - 기타,승용,남,35세,상해없음,승용,남,60세,중상
2014090900100135,2014년 9월 9일 12시,화요일,충청북도 청주시 흥덕구 강서동,경상사고,0,0,3,1,차대차 - 측면직각충돌,신호위반,건조,맑음,교차로 - 교차로안,승용,남,32세,상해없음,승합,남,61세,상해없음
2014090900100137,2014년 9월 9일 12시,화요일,충청북도 옥천군 군북면,경상사고,0,0,1,0,차대차 - 측면직각충돌,안전운전불이행,건조,맑음,단일로 - 기타,승용,남,65세,상해없음,승용,남,52세,경상
2014090900100158,2014년 9월 9일 13시,화요일,충청북도 증평군 증평읍,경상사고,0,0,1,0,차대차 - 측면직각충돌,안전운전불이행,건조,맑음,교차로 - 교차로안,이륜,남,41세,상해없음,승용,남,51세,상해없음
2014090900100159,2014년 9월 9일 13시,화요일,충청북도 음성군 음성읍,경상사고,0,0,2,0,차대차 - 기타,교차로운행방법위반,건조,맑음,교차로 - 교차로안,승용,남,25세,경상,승용,남,70세,경상
2014090900100191,2014년 9월 9일 14시,화요일,충청북도 단양군 매포읍,중상사고,0,1,3,0,차대차 - 기타,신호위반,건조,맑음,교차로 - 교차로안,승용,남,68세,상해없음,승용,남,56세,경상
2014090900100192,2014년 9월 9일 14시,화요일,충청북도 청주시 상당구 금천동,경상사고,0,0,2,0,차대차 - 정면충돌,안전운전불이행,건조,맑음,교차로 - 교차로안,승합,남,49세,상해없음,승용,남,19세,경상
2014090900100219,2014년 9월 9일 15시,화요일,충청북도 청주시 서원구 사직동,중상사고,0,1,0,0,차대사람 - 기타,보행자보호의무위반,건조,맑음,단일로 - 횡단보도상,승용,남,31세,상해없음,보행자,여,61세,중상
2014090900100220,2014년 9월 9일 15시,화요일,충청북도 음성군 대소면,경상사고,0,0,1,0,차량단독 - 기타,안전운전불이행,건조,맑음,단일로 - 기타,승용,남,63세,경상,,,,
2014090900100221,2014년 9월 9일 15시,화요일,충청북도 단양군 대강면,경상사고,0,0,2,0,차대사람 - 기타,안전운전불이행,건조,맑음,단일로 - 기타,승용,남,51세,상해없음,보행자,남,57세,경상
2014090900100253,2014년 9월 9일 16시,화요일,충청북도 청주시 흥덕구 가경동,중상사고,0,1,1,0,차대차 - 측면직각충돌,중앙선침범,건조,맑음,단일로 - 기타,승용,남,34세,상해없음,승용,남,55세,중상
2014090900100283,2014년 9월 9일 17시,화요일,충청북도 증평군 증평읍,경상사고,0,0,1,0,차대차 - 기타,안전운전불이행,건조,맑음,교차로 - 교차로부근,이륜,남,35세,경상,승용,남,43세,상해없음
2014090900100350,2014년 9월 9일 19시,화요일,충청북도 충주시 봉방동,중상사고,0,1,0,0,차대차 - 측면직각충돌,신호위반,건조,맑음,교차로 - 교차로안,화물,남,42세,상해없음,자전거,남,32세,중상
2014090900100351,2014년 9월 9일 19시,화요일,충청북도 음성군 음성읍,경상사고,0,0,1,0,차대차 - 기타,차로위반,건조,맑음,단일로 - 기타,승용,남,29세,상해없음,승용,남,36세,상해없음
2014090900100404,2014년 9월 9일 21시,화요일,충청북도 괴산군 사리면,부상신고사고,0,0,0,1,차량단독 - 전도전복,안전운전불이행,건조,맑음,단일로 - 교량,승용,남,49세,부상신고,,,,
2014090900100405,2014년 9월 9일 21시,화요일,충청북도 보은군 보은읍,경상사고,0,0,1,0,차대사람 - 보도통행중,보행자보호의무위반,건조,맑음,교차로 - 교차로부근,승용,여,39세,상해없음,보행자,남,51세,경상
2014090900100430,2014년 9월 9일 22시,화요일,충청북도 청주시 흥덕구 강서동,경상사고,0,0,3,0,차대차 - 추돌 - 진행중,안전운전불이행,건조,맑음,교차로 - 교차로부근,승용,남,48세,상해없음,승용,여,53세,경상
2014090900100445,2014년 9월 9일 23시,화요일,충청북도 충주시 금릉동,경상사고,0,0,2,0,차대차 - 측면직각충돌,신호위반,건조,맑음,교차로 - 교차로안,승용,남,23세,상해없음,승용,남,30세,경상
2014091000100017,2014년 9월 10일 01시,수요일,충청북도 제천시 화산동,중상사고,0,1,0,0,차대차 - 측면직각충돌,직진우회전진행방해,건조,맑음,교차로 - 교차로안,승용,여,47세,상해없음,승용,남,59세,상해없음
2014091000100101,2014년 9월 10일 09시,수요일,충청북도 청주시 청원구 오창읍,경상사고,0,0,1,0,차대차 - 기타,안전운전불이행,건조,맑음,교차로 - 교차로부근,승용,남,29세,상해없음,승용,남,31세,경상
2014091000100130,2014년 9월 10일 10시,수요일,충청북도 청주시 서원구 산남동,경상사고,0,0,1,0,차대차 - 측면직각충돌,안전운전불이행,건조,맑음,교차로 - 교차로안,승용,남,52세,상해없음,승용,여,46세,경상
2014091000100158,2014년 9월 10일 11시,수요일,충청북도 음성군 대소면,경상사고,0,0,1,0,차대차 - 기타,안전거리미확보,건조,맑음,단일로 - 기타,승용,남,39세,상해없음,승용,여,52세,경상
2014091000100159,2014년 9월 10일 11시,수요일,충청북도 청주시 서원구 미평동,경상사고,0,0,2,0,차대차 - 기타,안전운전불이행,건조,맑음,단일로 - 기타,승용,여,47세,상해없음,승용,남,49세,상해없음
2014091000100161,2014년 9월 10일 11시,수요일,충청북도 청주시 흥덕구 옥산면,중상사고,0,2,1,0,차대차 - 측면직각충돌,안전거리미확보,건조,맑음,단일로 - 기타,승용,남,57세,상해없음,승용,남,34세,경상
2014091000100178,2014년 9월 10일 12시,수요일,충청북도 청주시 흥덕구 봉명동,경상사고,0,0,3,0,차대차 - 측면직각충돌,안전운전불이행,건조,맑음,교차로 - 교차로부근,승용,남,57세,상해없음,승용,남,57세,경상
2014091000100200,2014년 9월 10일 13시,수요일,충청북도 충주시 문화동,경상사고,0,0,1,0,차대차 - 추돌 - 진행중,안전운전불이행,건조,맑음,교차로 - 교차로안,원동기,남,78세,경상,승용,남,44세,상해없음
2014091000100235,2014년 9월 10일 14시,수요일,충청북도 청주시 흥덕구 비하동,중상사고,0,1,0,0,차대차 - 추돌 - 주정차중,안전운전불이행,건조,맑음,단일로 - 기타,승용,여,53세,상해없음,승용,여,49세,상해없음
2014091000100276,2014년 9월 10일 15시,수요일,충청북도 충주시 단월동,중상사고,0,1,1,1,차대차 - 추돌 - 주정차중,안전운전불이행,건조,맑음,단일로 - 기타,승용,여,52세,부상신고,화물,남,57세,중상
2014091000100277,2014년 9월 10일 15시,수요일,충청북도 제천시 동현동,경상사고,0,0,1,0,차대차 - 기타,안전거리미확보,건조,맑음,교차로 - 교차로부근,승용,남,69세,상해없음,원동기,남,20세,경상
2014091000100325,2014년 9월 10일 16시,수요일,충청북도 보은군 보은읍,경상사고,0,0,1,0,차대사람 - 차도통행중,안전운전불이행,건조,맑음,교차로 - 교차로안,승용,남,45세,상해없음,보행자,여,14세,경상
2014091000100355,2014년 9월 10일 17시,수요일,충청북도 괴산군 청안면,경상사고,0,0,1,1,차대차 - 기타,중앙선침범,건조,맑음,단일로 - 기타,자전거,여,11세,경상,원동기,남,53세,상해없음
2014091000100441,2014년 9월 10일 20시,수요일,충청북도 진천군 진천읍,중상사고,0,1,0,0,차대사람 - 기타,안전운전불이행,건조,맑음,교차로 - 교차로안,승용,남,40세,상해없음,보행자,여,72세,중상
2014091000100466,2014년 9월 10일 21시,수요일,충청북도 제천시 신백동,부상신고사고,0,0,0,1,차량단독 - 전도전복,안전운전불이행,건조,맑음,단일로 - 기타,원동기,남,24세,부상신고,,,,
2014091000100484,2014년 9월 10일 22시,수요일,충청북도 청주시 서원구 분평동,경상사고,0,0,1,0,차대차 - 측면직각충돌,중앙선침범,건조,기타,교차로 - 교차로안,승용,여,47세,상해없음,승용,남,52세,경상
2014091100100079,2014년 9월 11일 07시,목요일,충청북도 증평군 증평읍,경상사고,0,0,1,0,차대차 - 측면직각충돌,직진우회전진행방해,건조,맑음,교차로 - 교차로안,승용,여,52세,상해없음,자전거,남,41세,경상
2014091100100115,2014년 9월 11일 08시,목요일,충청북도 충주시 용탄동,경상사고,0,0,1,1,차대차 - 측면직각충돌,안전운전불이행,건조,맑음,단일로 - 기타,승용,여,46세,부상신고,승합,남,34세,경상
2014091100100116,2014년 9월 11일 08시,목요일,충청북도 제천시 청전동,중상사고,0,1,0,0,차대차 - 측면직각충돌,안전운전불이행,건조,맑음,교차로 - 교차로안,화물,남,63세,상해없음,승용,여,49세,중상
2014091100100117,2014년 9월 11일 08시,목요일,충청북도 영동군 상촌면,경상사고,0,0,1,0,차대차 - 기타,중앙선침범,건조,맑음,단일로 - 기타,화물,남,46세,상해없음,승용,남,34세,경상
2014091100100164,2014년 9월 11일 09시,목요일,충청북도 제천시 서부동,중상사고,0,1,0,0,차대차 - 측면직각충돌,신호위반,건조,맑음,교차로 - 교차로안,승용,여,42세,상해없음,승용,여,51세,중상
2014091100100168,2014년 9월 11일 09시,목요일,충청북도 청주시 서원구 남이면,중상사고,0,1,0,0,차대사람 - 기타,안전운전불이행,건조,맑음,단일로 - 기타,승용,남,52세,상해없음,보행자,남,62세,중상
2014091100100236,2014년 9월 11일 11시,목요일,충청북도 충주시 동량면,경상사고,0,0,1,0,차대차 - 기타,안전운전불이행,건조,맑음,단일로 - 기타,승용,남,63세,상해없음,승용,여,36세,경상
2014091100100290,2014년 9월 11일 13시,목요일,충청북도 음성군 음성읍,사망사고,1,0,0,0,차대차 - 기타,중앙선침범,건조,맑음,단일로 - 기타,화물,남,18세,상해없음,원동기,남,85세,사망
2014091100100325,2014년 9월 11일 14시,목요일,충청북도 단양군 적성면,경상사고,0,0,2,0,차대차 - 측면직각충돌,안전운전불이행,건조,맑음,단일로 - 기타,승용,남,31세,상해없음,승용,남,50세,경상
2014091100100326,2014년 9월 11일 14시,목요일,충청북도 충주시 연수동,중상사고,0,1,0,0,차대차 - 추돌 - 진행중,안전운전불이행,건조,맑음,단일로 - 기타,승용,남,25세,상해없음,자전거,남,70세,중상
2014091100100327,2014년 9월 11일 14시,목요일,충청북도 충주시 용산동,경상사고,0,0,1,0,차대차 - 추돌 - 진행중,안전거리미확보,건조,맑음,단일로 - 기타,이륜,남,76세,경상,승용,여,39세,상해없음
2014091100100328,2014년 9월 11일 14시,목요일,충청북도 음성군 삼성면,중상사고,0,1,0,0,차대차 - 기타,안전운전불이행,건조,맑음,교차로 - 교차로안,자전거,여,51세,중상,승용,남,71세,상해없음
2014091100100329,2014년 9월 11일 14시,목요일,충청북도 옥천군 옥천읍,경상사고,0,0,3,0,차대차 - 측면직각충돌,안전운전불이행,건조,맑음,교차로 - 교차로안,승용,여,53세,경상,승용,남,62세,경상
2014091100100330,2014년 9월 11일 14시,목요일,충청북도 청주시 상당구 금천동,중상사고,0,1,0,0,차대차 - 측면직각충돌,직진우회전진행방해,건조,맑음,교차로 - 교차로안,승용,여,41세,상해없음,이륜,남,28세,중상
2014091100100393,2014년 9월 11일 16시,목요일,충청북도 청주시 상당구 수동,경상사고,0,0,1,0,차대차 - 기타,교차로운행방법위반,건조,맑음,교차로 - 교차로안,승용,남,53세,상해없음,승용,남,58세,상해없음
2014091100100394,2014년 9월 11일 16시,목요일,충청북도 증평군 증평읍,경상사고,0,0,1,0,차대사람 - 기타,안전운전불이행,건조,맑음,기타 - 기타,승용,남,40세,상해없음,보행자,여,55세,경상
2014091100100395,2014년 9월 11일 16시,목요일,충청북도 보은군 보은읍,경상사고,0,0,2,0,차대차 - 측면직각충돌,안전운전불이행,건조,맑음,교차로 - 교차로부근,원동기,여,59세,경상,원동기,남,70세,경상
2014091100100426,2014년 9월 11일 17시,목요일,충청북도 충주시 교현동,경상사고,0,0,1,0,차대사람 - 횡단중,보행자보호의무위반,건조,맑음,교차로 - 교차로부근,승용,여,27세,상해없음,보행자,여,61세,경상
2014091100100487,2014년 9월 11일 19시,목요일,충청북도 청주시 서원구 남이면,경상사고,0,0,2,0,차대차 - 측면직각충돌,안전운전불이행,건조,맑음,교차로 - 교차로안,승용,여,40세,상해없음,화물,남,59세,경상
2014091100100526,2014년 9월 11일 20시,목요일,충청북도 청주시 서원구 분평동,경상사고,0,0,1,0,차대차 - 기타,기타,건조,맑음,단일로 - 기타,화물,남,40세,상해없음,자전거,남,14세,경상
2014091100100552,2014년 9월 11일 21시,목요일,충청북도 청주시 흥덕구 복대동,중상사고,0,1,0,0,차대사람 - 횡단중,보행자보호의무위반,건조,맑음,단일로 - 횡단보도상,원동기,남,20세,상해없음,보행자,남,51세,중상
2014091100100584,2014년 9월 11일 22시,목요일,충청북도 청주시 서원구 산남동,부상신고사고,0,0,0,1,차대차 - 기타,신호위반,건조,맑음,교차로 - 교차로안,승용,남,23세,상해없음,승용,남,19세,부상신고
2014091100100608,2014년 9월 11일 23시,목요일,충청북도 청주시 흥덕구 가경동,경상사고,0,0,3,0,차대차 - 추돌 - 진행중,안전운전불이행,기타,맑음,단일로 - 기타,승용,남,28세,상해없음,승용,남,26세,경상
2014091200100042,2014년 9월 12일 03시,금요일,충청북도 음성군 삼성면,중상사고,0,5,0,0,차대차 - 기타,중앙선침범,건조,맑음,단일로 - 기타,승용,남,24세,중상,승용,여,46세,중상
2014091200100069,2014년 9월 12일 06시,금요일,충청북도 영동군 영동읍,중상사고,0,1,0,0,차대차 - 기타,안전운전불이행,건조,흐림,교차로 - 교차로안,원동기,남,51세,중상,화물,남,43세,상해없음
2014091200100081,2014년 9월 12일 07시,금요일,충청북도 제천시 고명동,중상사고,0,1,0,0,차대차 - 측면직각충돌,안전거리미확보,건조,맑음,단일로 - 기타,화물,남,44세,상해없음,화물,남,48세,중상
2014091200100082,2014년 9월 12일 07시,금요일,충청북도 제천시 왕암동,경상사고,0,0,1,0,차대차 - 측면직각충돌,직진우회전진행방해,건조,맑음,교차로 - 교차로안,승용,남,66세,경상,화물,남,62세,상해없음
2014091200100114,2014년 9월 12일 08시,금요일,충청북도 청주시 상당구 용암동,경상사고,0,0,3,0,차대차 - 추돌 - 진행중,안전운전불이행,건조,맑음,단일로 - 기타,승용,여,40세,상해없음,승용,남,53세,경상
2014091200100145,2014년 9월 12일 09시,금요일,충청북도 청주시 흥덕구 가경동,경상사고,0,0,1,0,차량단독 - 기타,안전운전불이행,건조,맑음,단일로 - 기타,승용,여,51세,경상,,,,
2014091200100146,2014년 9월 12일 09시,금요일,충청북도 청주시 상당구 용암동,경상사고,0,0,4,0,차대차 - 측면직각충돌,안전운전불이행,건조,맑음,교차로 - 교차로안,승용,여,49세,경상,승용,여,43세,경상
2014091200100170,2014년 9월 12일 10시,금요일,충청북도 청주시 상당구 미원면,경상사고,0,0,1,1,차대차 - 측면직각충돌,교차로운행방법위반,건조,맑음,교차로 - 교차로안,화물,남,64세,부상신고,승합,남,58세,경상
2014091200100206,2014년 9월 12일 11시,금요일,충청북도 제천시 서부동,경상사고,0,0,1,0,차대차 - 추돌 - 주정차중,안전거리미확보,건조,맑음,교차로 - 교차로안,승용,남,63세,상해없음,승용,여,61세,경상
2014091200100207,2014년 9월 12일 11시,금요일,충청북도 제천시 명동,경상사고,0,0,1,0,차대차 - 기타,안전운전불이행,건조,맑음,교차로 - 교차로안,승용,여,37세,상해없음,승용,여,53세,경상
2014091200100259,2014년 9월 12일 13시,금요일,충청북도 청주시 서원구 사직동,중상사고,0,1,0,0,차대차 - 기타,안전운전불이행,건조,맑음,교차로 - 교차로부근,승용,남,74세,기타불명,자전거,남,63세,중상
2014091200100260,2014년 9월 12일 13시,금요일,충청북도 영동군 영동읍,경상사고,0,0,1,0,차대차 - 기타,교차로운행방법위반,건조,맑음,교차로 - 교차로안,자전거,여,70세,경상,승용,남,44세,상해없음