사고번호,사고일시,요일,시군구,사고내용,사망자수,중상자수,경상자수,부상신고자수,사고유형,법규위반,노면상태,기상상태,도로형태,가해운전자 차종,가해운전자 성별,가해운전자 연령,가해운전자 상해정도,피해운전자 차종,피해운전자 성별,피해운전자 연령,피해운전자 상해정도
2014092500100431,2014년 9월 25일 17시,목요일,충청북도 제천시 청전동,경상사고,0,0,1,0,차대차 - 기타,안전운전불이행,건조,맑음,교차로 - 교차로안,자전거,남,15세,경상,승용,여,47세,상해없음
2014092500100462,2014년 9월 25일 18시,목요일,충청북도 진천군 진천읍,경상사고,0,0,1,0,차대차 - 측면직각충돌,안전운전불이행,건조,맑음,단일로 - 기타,승용,남,47세,상해없음,자전거,남,12세,경상
2014092500100464,2014년 9월 25일 18시,목요일,충청북도 청주시 상당구 문화동,중상사고,0,1,0,0,차대차 - 기타,안전운전불이행,건조,맑음,단일로 - 기타,승용,남,33세,상해없음,이륜,남,41세,중상
2014092500100542,2014년 9월 25일 20시,목요일,충청북도 청주시 서원구 사창동,경상사고,0,0,2,0,차대차 - 기타,신호위반,건조,맑음,단일로 - 기타,승용,남,42세,상해없음,이륜,남,24세,경상
2014092500100543,2014년 9월 25일 20시,목요일,충청북도 충주시 문화동,경상사고,0,0,3,0,차대차 - 추돌 - 진행중,안전운전불이행,건조,맑음,단일로 - 기타,승용,남,42세,상해없음,승용,여,48세,경상
2014092500100578,2014년 9월 25일 21시,목요일,충청북도 충주시 칠금동,경상사고,0,0,1,0,차대사람 - 기타,안전운전불이행,건조,맑음,단일로 - 기타,승용,남,62세,상해없음,보행자,여,58세,경상
2014092500100610,2014년 9월 25일 22시,목요일,충청북도 청주시 청원구 우암동,경상사고,0,0,1,0,차대차 - 기타,안전운전불이행,건조,맑음,교차로 - 교차로부근,승용,남,61세,상해없음,승용,남,53세,경상
2014092500100611,2014년 9월 25일 22시,목요일,충청북도 청주시 흥덕구 가경동,경상사고,0,0,2,0,차대차 - 추돌 - 진행중,안전운전불이행,건조,맑음,교차로 - 교차로부근,승용,남,36세,기타불명,승용,남,51세,경상
2014092600100008,2014년 9월 26일 00시,금요일,충청북도 충주시 칠금동,경상사고,0,0,1,0,차대차 - 추돌 - 진행중,안전운전불이행,건조,맑음,단일로 - 기타,화물,남,40세,상해없음,승용,남,28세,경상
2014092600100009,2014년 9월 26일 00시,금요일,충청북도 음성군 금왕읍,경상사고,0,0,1,0,차대차 - 기타,안전운전불이행,건조,맑음,단일로 - 기타,승용,남,35세,상해없음,승용,남,25세,경상
2014092600100010,2014년 9월 26일 00시,금요일,충청북도 청주시 흥덕구 복대동,경상사고,0,0,1,0,차대차 - 측면직각충돌,안전운전불이행,건조,맑음,단일로 - 기타,승용,남,42세,상해없음,이륜,남,52세,경상
2014092600100032,2014년 9월 26일 01시,금요일,충청북도 청주시 흥덕구 석곡동,경상사고,0,0,1,0,차대차 - 정면충돌,중앙선침범,건조,맑음,단일로 - 기타,승용,여,41세,상해없음,승용,남,30세,경상
2014092600100049,2014년 9월 26일 02시,금요일,충청북도 청주시 청원구 사천동,경상사고,0,0,2,0,차대차 - 측면직각충돌,교차로운행방법위반,건조,맑음,교차로 - 교차로안,승용,여,49세,경상,승용,남,32세,경상
2014092600100060,2014년 9월 26일 03시,금요일,충청북도 청주시 흥덕구 옥산면,부상신고사고,0,0,0,1,차량단독 - 공작물충돌,안전운전불이행,건조,맑음,교차로 - 교차로안,승용,남,41세,부상신고,,,,
2014092600100102,2014년 9월 26일 07시,금요일,충청북도 청주시 서원구 사직동,중상사고,0,1,0,0,차대사람 - 기타,안전운전불이행,건조,맑음,교차로 - 교차로안,승용,여,63세,상해없음,보행자,여,16세,중상
2014092600100103,2014년 9월 26일 07시,금요일,충청북도 제천시 청전동,경상사고,0,0,2,0,차대차 - 기타,안전운전불이행,건조,맑음,단일로 - 기타,화물,남,48세,기타불명,자전거,남,15세,경상
2014092600100104,2014년 9월 26일 07시,금요일,충청북도 청주시 흥덕구 지동동,중상사고,0,1,0,0,차대차 - 측면직각충돌,안전운전불이행,건조,맑음,단일로 - 기타,승용,여,58세,상해없음,승용,남,22세,중상
2014092600100105,2014년 9월 26일 07시,금요일,충청북도 청주시 서원구 개신동,경상사고,0,0,1,0,차대차 - 측면직각충돌,안전운전불이행,건조,맑음,단일로 - 기타,승용,여,30세,상해없음,자전거,남,37세,경상
2014092600100150,2014년 9월 26일 08시,금요일,충청북도 충주시 엄정면,경상사고,0,0,1,0,차대사람 - 길가장자리구역통행중,안전운전불이행,건조,맑음,단일로 - 기타,승용,남,67세,상해없음,보행자,남,49세,경상
2014092600100151,2014년 9월 26일 08시,금요일,충청북도 제천시 강제동,중상사고,0,1,0,0,차대차 - 추돌 - 주정차중,안전운전불이행,건조,맑음,교차로 - 교차로부근,승용,남,54세,상해없음,승용,여,43세,중상
2014092600100152,2014년 9월 26일 08시,금요일,충청북도 청주시 흥덕구 복대동,중상사고,0,1,0,0,차대사람 - 기타,기타,건조,맑음,단일로 - 기타,자전거,남,12세,상해없음,보행자,여,53세,중상
2014092600100153,2014년 9월 26일 08시,금요일,충청북도 청주시 서원구 산남동,경상사고,0,0,1,0,차대차 - 기타,교차로운행방법위반,건조,맑음,교차로 - 교차로안,승용,남,36세,상해없음,자전거,남,16세,경상
2014092600100154,2014년 9월 26일 08시,금요일,충청북도 청주시 상당구 용정동,중상사고,0,1,0,0,차대차 - 측면직각충돌,안전운전불이행,건조,맑음,단일로 - 기타,승합,여,35세,상해없음,자전거,남,15세,중상
2014092600100185,2014년 9월 26일 09시,금요일,충청북도 충주시 봉방동,부상신고사고,0,0,0,1,차대차 - 추돌 - 주정차중,안전운전불이행,건조,맑음,교차로 - 교차로부근,기타불명,기타불명,기타불명,기타불명,승용,여,37세,부상신고
2014092600100186,2014년 9월 26일 09시,금요일,충청북도 청주시 상당구 용암동,경상사고,0,0,1,0,차대차 - 측면직각충돌,불법유턴,건조,맑음,단일로 - 기타,승용,남,27세,경상,승합,남,55세,상해없음
2014092600100187,2014년 9월 26일 09시,금요일,충청북도 청주시 상당구 용암동,경상사고,0,0,2,0,차대차 - 정면충돌,중앙선침범,건조,맑음,교차로 - 교차로부근,승용,남,28세,상해없음,승용,여,42세,경상
2014092600100217,2014년 9월 26일 10시,금요일,충청북도 충주시 목행동,중상사고,0,1,0,0,차대차 - 추돌 - 진행중,안전운전불이행,건조,맑음,단일로 - 기타,승용,남,72세,상해없음,승합,남,53세,상해없음
2014092600100218,2014년 9월 26일 10시,금요일,충청북도 제천시 남천동,경상사고,0,0,2,0,차대차 - 기타,안전거리미확보,건조,맑음,교차로 - 교차로부근,승용,여,49세,상해없음,승용,여,64세,경상
2014092600100219,2014년 9월 26일 10시,금요일,충청북도 청주시 서원구 모충동,경상사고,0,0,1,0,차대차 - 기타,안전운전불이행,건조,맑음,단일로 - 기타,승용,남,26세,상해없음,자전거,남,26세,경상
2014092600100275,2014년 9월 26일 12시,금요일,충청북도 청주시 흥덕구 비하동,중상사고,0,1,0,0,차대차 - 측면직각충돌,신호위반,건조,맑음,교차로 - 교차로안,승용,여,33세,상해없음,승용,남,34세,중상
2014092600100297,2014년 9월 26일 13시,금요일,충청북도 단양군 영춘면,중상사고,0,11,3,0,차대차 - 기타,안전운전불이행,건조,맑음,교차로 - 교차로부근,승합,남,57세,상해없음,승합,남,49세,중상
2014092600100298,2014년 9월 26일 13시,금요일,충청북도 진천군 이월면,경상사고,0,0,1,0,차대차 - 측면직각충돌,교차로운행방법위반,건조,맑음,교차로 - 교차로안,승합,남,68세,상해없음,승용,여,42세,상해없음
2014092600100360,2014년 9월 26일 15시,금요일,충청북도 진천군 초평면,경상사고,0,0,2,0,차대차 - 추돌 - 진행중,과속,건조,맑음,단일로 - 기타,화물,남,30세,상해없음,승용,남,60세,경상
2014092600100393,2014년 9월 26일 16시,금요일,충청북도 청주시 청원구 주성동,중상사고,0,1,2,0,차대차 - 기타,신호위반,건조,맑음,교차로 - 교차로안,승용,남,62세,경상,화물,남,40세,경상
2014092600100395,2014년 9월 26일 16시,금요일,충청북도 청주시 상당구 남문로1가동,경상사고,0,0,1,0,차대차 - 기타,안전운전불이행,건조,맑음,단일로 - 기타,승용,남,59세,상해없음,승용,남,63세,경상
2014092600100482,2014년 9월 26일 18시,금요일,충청북도 옥천군 옥천읍,경상사고,0,0,1,1,차대차 - 측면직각충돌,교차로운행방법위반,건조,맑음,교차로 - 교차로안,승용,남,20세,부상신고,승합,남,36세,상해없음
2014092600100483,2014년 9월 26일 18시,금요일,충청북도 청주시 흥덕구 옥산면,중상사고,0,1,0,0,차대차 - 측면직각충돌,안전운전불이행,건조,맑음,교차로 - 교차로안,승용,남,48세,상해없음,화물,남,38세,중상
2014092600100484,2014년 9월 26일 18시,금요일,충청북도 음성군 감곡면,경상사고,0,0,2,0,차대차 - 추돌 - 주정차중,안전운전불이행,건조,맑음,단일로 - 기타,승용,남,54세,상해없음,승용,남,30세,상해없음
2014092600100550,2014년 9월 26일 19시,금요일,충청북도 청주시 청원구 율량동,경상사고,0,0,2,0,차대차 - 기타,안전운전불이행,건조,맑음,교차로 - 교차로부근,화물,남,50세,기타불명,승용,여,26세,경상
2014092600100551,2014년 9월 26일 19시,금요일,충청북도 제천시 화산동,중상사고,0,1,0,0,차대차 - 기타,중앙선침범,건조,맑음,단일로 - 기타,승용,남,46세,상해없음,승용,남,64세,중상
2014092600100552,2014년 9월 26일 19시,금요일,충청북도 청주시 상당구 용암동,경상사고,0,0,1,0,차대차 - 기타,기타,건조,맑음,단일로 - 기타,승용,남,61세,상해없음,이륜,남,55세,경상
2014092600100553,2014년 9월 26일 19시,금요일,충청북도 청주시 상당구 남문로2가동,경상사고,0,0,1,0,차대차 - 기타,안전운전불이행,건조,맑음,단일로 - 기타,기타불명,기타불명,기타불명,기타불명,이륜,남,72세,상해없음
2014092600100648,2014년 9월 26일 21시,금요일,충청북도 영동군 영동읍,경상사고,0,0,1,0,차대사람 - 기타,안전운전불이행,건조,맑음,교차로 - 교차로부근,기타불명,기타불명,기타불명,기타불명,보행자,여,20세,경상
2014092600100649,2014년 9월 26일 21시,금요일,충청북도 청주시 흥덕구 가경동,경상사고,0,0,1,0,차대차 - 측면직각충돌,안전거리미확보,건조,맑음,단일로 - 기타,승용,남,52세,상해없음,승용,여,55세,경상
2014092600100696,2014년 9월 26일 22시,금요일,충청북도 제천시 장락동,중상사고,0,1,0,0,차대사람 - 기타,안전운전불이행,기타,맑음,기타 - 기타,승용,남,63세,상해없음,보행자,여,56세,중상
2014092700100008,2014년 9월 27일 00시,토요일,충청북도 충주시 충의동,경상사고,0,0,2,0,차대차 - 기타,안전운전불이행,건조,맑음,교차로 - 교차로부근,승용,남,34세,상해없음,승용,남,45세,경상
2014092700100009,2014년 9월 27일 00시,토요일,충청북도 청주시 흥덕구 현암동,사망사고,1,1,0,0,차량단독 - 공작물충돌,안전운전불이행,건조,맑음,단일로 - 기타,승용,남,31세,상해없음,,,,
2014092700100037,2014년 9월 27일 01시,토요일,충청북도 청주시 서원구 개신동,사망사고,1,0,0,0,차대사람 - 기타,안전운전불이행,건조,맑음,교차로 - 교차로부근,승용,여,51세,상해없음,보행자,남,46세,사망
2014092700100053,2014년 9월 27일 02시,토요일,충청북도 청주시 청원구 율량동,경상사고,0,0,1,0,차대사람 - 기타,안전운전불이행,건조,맑음,단일로 - 기타,승용,남,58세,상해없음,보행자,남,52세,경상
2014092700100076,2014년 9월 27일 03시,토요일,충청북도 청주시 흥덕구 신봉동,경상사고,0,0,2,0,차대차 - 추돌 - 진행중,안전운전불이행,건조,맑음,교차로 - 교차로부근,승용,남,40세,상해없음,승용,남,29세,경상
2014092700100091,2014년 9월 27일 04시,토요일,충청북도 제천시 하소동,중상사고,0,1,0,0,차량단독 - 공작물충돌,안전운전불이행,건조,맑음,교차로 - 교차로안,승용,남,23세,중상,,,,
2014092700100120,2014년 9월 27일 06시,토요일,충청북도 충주시 호암동,부상신고사고,0,0,0,1,차량단독 - 기타,안전운전불이행,건조,맑음,단일로 - 기타,이륜,남,61세,부상신고,,,,
2014092700100121,2014년 9월 27일 06시,토요일,충청북도 제천시 신백동,경상사고,0,0,1,0,차대차 - 기타,기타,건조,맑음,교차로 - 교차로안,승용,여,50세,상해없음,승용,남,47세,상해없음
2014092700100171,2014년 9월 27일 08시,토요일,충청북도 영동군 양강면,중상사고,0,2,0,0,차대차 - 기타,교차로운행방법위반,건조,맑음,교차로 - 교차로안,승용,남,63세,중상,화물,남,42세,중상
2014092700100172,2014년 9월 27일 08시,토요일,충청북도 옥천군 이원면,중상사고,0,3,0,0,차대차 - 측면직각충돌,교차로운행방법위반,건조,맑음,교차로 - 교차로안,승용,여,60세,중상,승용,여,63세,중상
2014092700100204,2014년 9월 27일 09시,토요일,충청북도 청주시 상당구 수동,중상사고,0,1,2,0,차대차 - 추돌 - 주정차중,안전운전불이행,건조,맑음,단일로 - 기타,승용,남,56세,상해없음,화물,남,37세,경상
2014092700100205,2014년 9월 27일 09시,토요일,충청북도 음성군 감곡면,경상사고,0,0,1,0,차대차 - 기타,차로위반,건조,맑음,교차로 - 교차로안,승용,남,43세,상해없음,원동기,남,20세,경상
2014092700100239,2014년 9월 27일 10시,토요일,충청북도 청주시 흥덕구 오송읍,경상사고,0,0,6,1,차대차 - 측면직각충돌,신호위반,건조,맑음,교차로 - 교차로안,승용,남,29세,상해없음,승합,남,56세,경상
2014092700100272,2014년 9월 27일 11시,토요일,충청북도 충주시 금가면,부상신고사고,0,0,0,1,차량단독 - 기타,안전운전불이행,건조,맑음,기타 - 기타,자전거,남,50세,부상신고,,,,
2014092700100273,2014년 9월 27일 11시,토요일,충청북도 제천시 모산동,경상사고,0,0,2,0,차대차 - 측면직각충돌,직진우회전진행방해,건조,맑음,교차로 - 교차로안,승용,남,23세,상해없음,승용,남,54세,경상
2014092700100274,2014년 9월 27일 11시,토요일,충청북도 청주시 흥덕구 석곡동,경상사고,0,0,2,0,차대차 - 추돌 - 주정차중,안전거리미확보,건조,맑음,단일로 - 기타,승용,남,32세,상해없음,승용,남,48세,경상
2014092700100308,2014년 9월 27일 12시,토요일,충청북도 청주시 상당구 용담동,경상사고,0,0,1,0,차대사람 - 기타,안전운전불이행,건조,맑음,단일로 - 기타,승용,남,19세,상해없음,보행자,남,32세,경상
2014092700100358,2014년 9월 27일 13시,토요일,충청북도 청주시 상당구 서운동,경상사고,0,0,1,0,차대사람 - 기타,안전운전불이행,건조,맑음,단일로 - 기타,기타불명,기타불명,기타불명,기타불명,보행자,여,18세,경상
2014092700100397,2014년 9월 27일 14시,토요일,충청북도 충주시 수안보면,중상사고,0,1,2,0,차대차 - 측면직각충돌,중앙선침범,건조,맑음,단일로 - 기타,화물,남,62세,중상,승용,여,51세,경상
2014092700100398,2014년 9월 27일 14시,토요일,충청북도 제천시 남천동,경상사고,0,0,1,0,차대차 - 기타,신호위반,건조,맑음,교차로 - 교차로안,승용,여,58세,상해없음,승용,여,56세,경상
2014092700100399,2014년 9월 27일 14시,토요일,충청북도 청주시 서원구 개신동,경상사고,0,0,1,0,차대사람 - 횡단중,보행자보호의무위반,건조,맑음,단일로 - 횡단보도상,승용,남,52세,상해없음,보행자,남,13세,경상
2014092700100400,2014년 9월 27일 14시,토요일,충청북도 청주시 흥덕구 강서동,중상사고,0,1,0,0,차대차 - 측면직각충돌,안전운전불이행,건조,맑음,교차로 - 교차로안,승용,남,69세,상해없음,이륜,남,31세,중상
2014092700100401,2014년 9월 27일 14시,토요일,충청북도 청주시 상당구 문의면,중상사고,0,1,0,1,차대차 - 측면직각충돌,안전운전불이행,건조,맑음,단일로 - 기타,승용,남,78세,상해없음,승용,남,35세,중상
2014092700100402,2014년 9월 27일 14시,토요일,충청북도 청주시 서원구 분평동,경상사고,0,0,1,0,차대차 - 측면직각충돌,안전운전불이행,건조,맑음,교차로 - 교차로부근,승용,남,59세,상해없음,승용,남,19세,상해없음
2014092700100437,2014년 9월 27일 15시,토요일,충청북도 청주시 서원구 남이면,경상사고,0,0,1,0,차대차 - 측면직각충돌,안전운전불이행,건조,맑음,단일로 - 기타,화물,남,56세,상해없음,화물,남,55세,경상
2014092700100476,2014년 9월 27일 16시,토요일,충청북도 청주시 흥덕구 운천동,경상사고,0,0,5,0,차대차 - 측면직각충돌,교차로운행방법위반,건조,맑음,교차로 - 교차로안,승용,남,59세,경상,승용,여,33세,경상
2014092700100519,2014년 9월 27일 17시,토요일,충청북도 청주시 청원구 율량동,경상사고,0,0,1,0,차대차 - 측면직각충돌,교차로운행방법위반,건조,맑음,교차로 - 교차로안,승용,남,53세,상해없음,승용,여,36세,경상
2014092700100520,2014년 9월 27일 17시,토요일,충청북도 청주시 흥덕구 가경동,경상사고,0,0,4,0,차대차 - 추돌 - 주정차중,안전운전불이행,건조,맑음,교차로 - 교차로부근,승용,남,52세,상해없음,승용,여,35세,경상
2014092700100556,2014년 9월 27일 18시,토요일,충청북도 충주시 교현동,경상사고,0,0,1,0,차대차 - 측면직각충돌,직진우회전진행방해,건조,맑음,교차로 - 교차로안,화물,남,72세,상해없음,원동기,남,17세,경상
2014092700100557,2014년 9월 27일 18시,토요일,충청북도 단양군 적성면,경상사고,0,0,2,0,차대차 - 기타,안전운전불이행,건조,맑음,기타 - 기타,승용,남,55세,경상,승용,여,55세,경상
2014092700100591,2014년 9월 27일 19시,토요일,충청북도 제천시 명지동,경상사고,0,0,3,0,차대차 - 추돌 - 진행중,안전거리미확보,건조,맑음,단일로 - 기타,화물,남,57세,상해없음,승용,남,49세,경상
2014092700100592,2014년 9월 27일 19시,토요일,충청북도 옥천군 옥천읍,경상사고,0,0,1,0,차대차 - 측면직각충돌,교차로운행방법위반,건조,맑음,교차로 - 교차로안,승용,남,37세,상해없음,이륜,남,19세,경상
2014092700100674,2014년 9월 27일 21시,토요일,충청북도 청주시 흥덕구 복대동,경상사고,0,0,2,0,차대차 - 추돌 - 주정차중,안전운전불이행,건조,맑음,단일로 - 기타,승용,남,51세,상해없음,승용,여,31세,경상
2014092700100737,2014년 9월 27일 23시,토요일,충청북도 청주시 흥덕구 봉명동,경상사고,0,0,1,0,차대차 - 측면직각충돌,신호위반,건조,맑음,교차로 - 교차로안,승용,남,59세,상해없음,이륜,남,32세,경상
2014092800100064,2014년 9월 28일 03시,일요일,충청북도 진천군 광혜원면,중상사고,0,1,0,0,차량단독 - 공작물충돌,안전운전불이행,건조,맑음,교차로 - 교차로부근,승용,남,44세,상해없음,,,,
2014092800100124,2014년 9월 28일 08시,일요일,충청북도 청주시 상당구 석교동,중상사고,0,2,1,0,차대차 - 추돌 - 진행중,안전운전불이행,건조,맑음,단일로 - 기타,승용,남,67세,중상,승합,남,57세,경상
2014092800100154,2014년 9월 28일 10시,일요일,충청북도 청주시 청원구 오창읍,경상사고,0,0,6,0,차대차 - 기타,안전운전불이행,건조,맑음,단일로 - 기타,승합,여,38세,상해없음,승용,남,37세,경상
2014092800100174,2014년 9월 28일 11시,일요일,충청북도 충주시 앙성면,중상사고,0,1,0,0,차대차 - 추돌 - 진행중,안전운전불이행,건조,맑음,단일로 - 기타,이륜,남,25세,상해없음,이륜,남,34세,중상
2014092800100200,2014년 9월 28일 12시,일요일,충청북도 진천군 문백면,경상사고,0,0,1,0,차대차 - 측면직각충돌,교차로운행방법위반,건조,맑음,교차로 - 교차로안,화물,남,43세,상해없음,자전거,남,41세,경상
2014092800100201,2014년 9월 28일 12시,일요일,충청북도 청주시 상당구 남문로2가동,중상사고,0,1,0,0,차대차 - 추돌 - 진행중,안전운전불이행,건조,맑음,단일로 - 기타,승용,남,70세,상해없음,자전거,남,92세,중상
2014092800100225,2014년 9월 28일 13시,일요일,충청북도 충주시 목행동,중상사고,0,1,0,0,차대차 - 측면직각충돌,신호위반,건조,맑음,교차로 - 교차로안,이륜,남,44세,중상,승용,남,24세,상해없음
2014092800100226,2014년 9월 28일 13시,일요일,충청북도 충주시 살미면,중상사고,0,2,0,0,차량단독 - 도로외이탈 - 기타,안전운전불이행,건조,맑음,단일로 - 기타,화물,남,54세,상해없음,,,,
2014092800100253,2014년 9월 28일 14시,일요일,충청북도 제천시 강제동,경상사고,0,0,2,0,차대차 - 기타,안전거리미확보,건조,맑음,단일로 - 기타,승용,여,46세,상해없음,화물,여,42세,경상
2014092800100254,2014년 9월 28일 14시,일요일,충청북도 영동군 학산면,경상사고,0,0,2,0,차대차 - 기타,차로위반,건조,맑음,단일로 - 기타,화물,남,68세,상해없음,승용,남,45세,경상
2014092800100255,2014년 9월 28일 14시,일요일,충청북도 청주시 상당구 용암동,중상사고,0,1,1,0,차대차 - 측면직각충돌,안전운전불이행,건조,맑음,교차로 - 교차로안,승용,남,33세,상해없음,승용,여,55세,중상
2014092800100288,2014년 9월 28일 15시,일요일,충청북도 충주시 칠금동,경상사고,0,0,1,0,차대사람 - 기타,안전운전불이행,건조,맑음,기타 - 기타,원동기,남,76세,상해없음,보행자,남,4세,경상
2014092800100290,2014년 9월 28일 15시,일요일,충청북도 청주시 상당구 용암동,경상사고,0,0,1,0,차량단독 - 기타,안전운전불이행,건조,맑음,단일로 - 기타,승합,남,52세,상해없음,,,,
2014092800100319,2014년 9월 28일 16시,일요일,충청북도 제천시 청전동,중상사고,0,1,2,0,차대차 - 기타,직진우회전진행방해,건조,맑음,교차로 - 교차로안,승용,남,56세,상해없음,승합,남,31세,경상
2014092800100320,2014년 9월 28일 16시,일요일,충청북도 진천군 광혜원면,경상사고,0,0,4,0,차대차 - 추돌 - 진행중,안전운전불이행,건조,맑음,단일로 - 기타,승용,남,34세,상해없음,승용,남,41세,경상
2014092800100346,2014년 9월 28일 17시,일요일,충청북도 영동군 황간면,중상사고,0,2,0,0,차대차 - 기타,안전운전불이행,건조,맑음,교차로 - 교차로부근,원동기,남,67세,중상,승용,남,63세,상해없음
2014092800100347,2014년 9월 28일 17시,일요일,충청북도 청주시 흥덕구 가경동,경상사고,0,0,3,0,차대차 - 측면직각충돌,안전운전불이행,건조,맑음,단일로 - 기타,승용,남,47세,상해없음,승용,남,40세,상해없음
2014092800100389,2014년 9월 28일 18시,일요일,충청북도 충주시 교현동,부상신고사고,0,0,0,1,차대차 - 기타,직진우회전진행방해,건조,맑음,교차로 - 교차로안,승용,여,57세,상해없음,승용,남,69세,부상신고
2014092800100390,2014년 9월 28일 18시,일요일,충청북도 옥천군 군서면,중상사고,0,1,0,0,차대차 - 측면직각충돌,중앙선침범,건조,맑음,단일로 - 터널,이륜,남,64세,중상,승용,남,30세,상해없음
2014092800100426,2014년 9월 28일 19시,일요일,충청북도 청주시 청원구 사천동,중상사고,0,1,0,0,차대사람 - 횡단중,보행자보호의무위반,건조,맑음,단일로 - 횡단보도상,승용,남,53세,상해없음,보행자,여,55세,중상
2014092800100532,2014년 9월 28일 23시,일요일,충청북도 청주시 흥덕구 복대동,중상사고,0,2,0,0,차대차 - 기타,신호위반,건조,맑음,단일로 - 기타,승용,남,24세,상해없음,이륜,남,18세,중상
2014092900100051,2014년 9월 29일 05시,월요일,충청북도 음성군 감곡면,중상사고,0,1,1,0,차대차 - 기타,중앙선침범,습기,비,단일로 - 기타,승용,남,54세,상해없음,승용,여,62세,중상
2014092900100089,2014년 9월 29일 07시,월요일,충청북도 충주시 연수동,경상사고,0,0,1,0,차대차 - 추돌 - 주정차중,교차로운행방법위반,습기,비,교차로 - 교차로안,승용,남,56세,상해없음,승용,여,47세,경상
2014092900100152,2014년 9월 29일 09시,월요일,충청북도 제천시 교동,중상사고,0,2,1,0,차대차 - 측면직각충돌,안전거리미확보,습기,비,단일로 - 기타,승용,남,71세,중상,화물,남,58세,경상
2014092900100153,2014년 9월 29일 09시,월요일,충청북도 영동군 영동읍,중상사고,0,1,0,0,차대차 - 기타,안전운전불이행,건조,맑음,단일로 - 교량,승용,여,47세,상해없음,원동기,남,85세,중상
2014092900100189,2014년 9월 29일 10시,월요일,충청북도 영동군 영동읍,중상사고,0,2,0,0,차대차 - 추돌 - 주정차중,안전운전불이행,습기,비,단일로 - 기타,화물,남,39세,상해없음,승용,남,62세,중상
2014092900100190,2014년 9월 29일 10시,월요일,충청북도 진천군 진천읍,경상사고,0,0,3,0,차대차 - 측면직각충돌,신호위반,건조,맑음,교차로 - 교차로안,승용,남,47세,상해없음,승용,남,47세,경상
2014092900100218,2014년 9월 29일 11시,월요일,충청북도 청주시 청원구 우암동,중상사고,0,1,0,0,차대차 - 측면직각충돌,신호위반,습기,맑음,교차로 - 교차로안,이륜,남,69세,중상,승용,남,51세,상해없음
2014092900100252,2014년 9월 29일 12시,월요일,충청북도 청주시 서원구 사직동,경상사고,0,0,1,0,차대차 - 기타,교차로운행방법위반,습기,비,교차로 - 교차로안,이륜,남,54세,경상,승용,남,55세,상해없음
2014092900100253,2014년 9월 29일 12시,월요일,충청북도 음성군 삼성면,중상사고,0,2,0,0,차대차 - 기타,교차로운행방법위반,습기,비,교차로 - 교차로안,승용,남,52세,상해없음,이륜,여,72세,중상
2014092900100287,2014년 9월 29일 13시,월요일,충청북도 청주시 서원구 사창동,중상사고,0,1,0,0,차대차 - 기타,안전운전불이행,습기,비,교차로 - 교차로안,승용,남,64세,상해없음,이륜,남,33세,중상
2014092900100288,2014년 9월 29일 13시,월요일,충청북도 충주시 교현동,중상사고,0,1,0,0,차대사람 - 횡단중,안전운전불이행,건조,맑음,교차로 - 교차로안,승용,여,22세,상해없음,보행자,여,58세,중상
2014092900100289,2014년 9월 29일 13시,월요일,충청북도 제천시 남천동,중상사고,0,1,0,0,차대차 - 기타,안전거리미확보,건조,맑음,교차로 - 교차로부근,승용,남,63세,상해없음,승용,여,53세,중상
2014092900100318,2014년 9월 29일 14시,월요일,충청북도 제천시 교동,중상사고,0,1,0,0,차대차 - 측면직각충돌,직진우회전진행방해,건조,맑음,교차로 - 교차로안,승합,남,72세,상해없음,승합,남,60세,중상
2014092900100389,2014년 9월 29일 16시,월요일,충청북도 음성군 금왕읍,중상사고,0,1,5,0,차대차 - 기타,안전운전불이행,건조,맑음,단일로 - 기타,승용,남,50세,경상,화물,남,54세,경상
2014092900100434,2014년 9월 29일 17시,월요일,충청북도 청주시 서원구 사직동,경상사고,0,0,1,0,차대차 - 기타,교차로운행방법위반,건조,맑음,교차로 - 교차로안,이륜,남,19세,경상,화물,남,68세,상해없음
2014092900100435,2014년 9월 29일 17시,월요일,충청북도 단양군 매포읍,중상사고,0,1,0,0,차대차 - 기타,안전운전불이행,습기,비,교차로 - 교차로안,화물,남,63세,상해없음,자전거,남,60세,중상
2014092900100436,2014년 9월 29일 17시,월요일,충청북도 청주시 흥덕구 강서동,중상사고,0,1,0,0,차대차 - 추돌 - 진행중,안전운전불이행,건조,맑음,교차로 - 교차로부근,승용,여,31세,상해없음,승용,남,69세,중상
2014092900100474,2014년 9월 29일 18시,월요일,충청북도 증평군 증평읍,중상사고,0,2,2,0,차대차 - 측면직각충돌,안전거리미확보,습기,비,단일로 - 기타,승용,남,69세,경상,승용,남,26세,경상
2014092900100527,2014년 9월 29일 19시,월요일,충청북도 청주시 서원구 분평동,경상사고,0,0,1,0,차대차 - 측면직각충돌,안전운전불이행,습기,비,단일로 - 기타,승용,남,34세,상해없음,자전거,남,7세,경상
2014092900100529,2014년 9월 29일 19시,월요일,충청북도 청주시 흥덕구 석소동,경상사고,0,0,2,0,차대차 - 추돌 - 진행중,안전운전불이행,습기,비,단일로 - 기타,승합,남,60세,상해없음,승합,남,47세,상해없음
2014092900100565,2014년 9월 29일 20시,월요일,충청북도 청주시 청원구 율량동,중상사고,0,1,1,0,차대차 - 기타,안전운전불이행,습기,비,교차로 - 교차로부근,화물,남,52세,상해없음,승용,여,40세,경상