사고번호,사고일시,요일,시군구,사고내용,사망자수,중상자수,경상자수,부상신고자수,사고유형,법규위반,노면상태,기상상태,도로형태,가해운전자 차종,가해운전자 성별,가해운전자 연령,가해운전자 상해정도,피해운전자 차종,피해운전자 성별,피해운전자 연령,피해운전자 상해정도
2014092900100566,2014년 9월 29일 20시,월요일,충청북도 청주시 상당구 남문로1가동,경상사고,0,0,1,0,차량단독 - 기타,안전운전불이행,습기,맑음,단일로 - 기타,승합,남,45세,상해없음,,,,
2014092900100567,2014년 9월 29일 20시,월요일,충청북도 충주시 교현동,경상사고,0,0,1,0,차대차 - 기타,안전운전불이행,습기,비,교차로 - 교차로안,원동기,남,20세,경상,승용,남,21세,상해없음
2014092900100568,2014년 9월 29일 20시,월요일,충청북도 충주시 호암동,중상사고,0,1,0,0,차대차 - 측면직각충돌,안전거리미확보,건조,맑음,단일로 - 기타,승용,여,53세,상해없음,승용,여,56세,중상
2014092900100569,2014년 9월 29일 20시,월요일,충청북도 청주시 서원구 남이면,경상사고,0,0,1,0,차대차 - 측면직각충돌,안전운전불이행,습기,비,단일로 - 기타,승용,남,50세,상해없음,승용,남,32세,경상
2014092900100570,2014년 9월 29일 20시,월요일,충청북도 청주시 흥덕구 복대동,경상사고,0,0,2,0,차대차 - 추돌 - 주정차중,안전운전불이행,건조,맑음,교차로 - 교차로부근,승용,남,46세,상해없음,승용,남,28세,경상
2014092900100603,2014년 9월 29일 21시,월요일,충청북도 충주시 칠금동,중상사고,0,1,0,0,차대사람 - 기타,보행자보호의무위반,건조,맑음,기타 - 기타,승용,여,31세,상해없음,보행자,여,20세,중상
2014092900100629,2014년 9월 29일 22시,월요일,충청북도 음성군 감곡면,경상사고,0,0,1,0,차대사람 - 기타,보행자보호의무위반,건조,맑음,교차로 - 교차로안,승용,남,51세,상해없음,보행자,여,14세,경상
2014093000100010,2014년 9월 30일 00시,화요일,충청북도 청주시 서원구 산남동,경상사고,0,0,2,0,차대차 - 추돌 - 진행중,안전운전불이행,건조,맑음,단일로 - 기타,승용,남,24세,상해없음,승용,남,38세,경상
2014093000100011,2014년 9월 30일 00시,화요일,충청북도 충주시 대소원면,중상사고,0,2,1,0,차대차 - 추돌 - 진행중,안전운전불이행,건조,맑음,단일로 - 기타,화물,남,61세,상해없음,화물,남,53세,중상
2014093000100028,2014년 9월 30일 01시,화요일,충청북도 충주시 연수동,부상신고사고,0,0,0,1,차량단독 - 공작물충돌,안전운전불이행,건조,맑음,단일로 - 기타,승용,남,30세,부상신고,,,,
2014093000100223,2014년 9월 30일 10시,화요일,충청북도 청주시 청원구 우암동,경상사고,0,0,2,0,차대차 - 기타,교차로운행방법위반,건조,맑음,교차로 - 교차로안,승용,남,66세,상해없음,승용,여,28세,경상
2014093000100228,2014년 9월 30일 10시,화요일,충청북도 청주시 흥덕구 강내면,경상사고,0,0,1,0,차대차 - 측면직각충돌,안전운전불이행,건조,맑음,단일로 - 기타,화물,남,66세,상해없음,화물,남,48세,경상
2014093000100271,2014년 9월 30일 11시,화요일,충청북도 청주시 서원구 사창동,중상사고,0,1,0,0,차량단독 - 기타,안전운전불이행,건조,맑음,단일로 - 기타,승합,남,51세,상해없음,,,,
2014093000100272,2014년 9월 30일 11시,화요일,충청북도 제천시 교동,경상사고,0,0,2,0,차대차 - 측면직각충돌,안전운전불이행,건조,맑음,교차로 - 교차로안,승용,남,49세,상해없음,승용,남,24세,경상
2014093000100273,2014년 9월 30일 11시,화요일,충청북도 청주시 흥덕구 비하동,중상사고,0,1,0,0,차대차 - 추돌 - 진행중,안전운전불이행,건조,맑음,단일로 - 기타,승용,남,56세,상해없음,승용,남,57세,중상
2014093000100310,2014년 9월 30일 12시,화요일,충청북도 청주시 청원구 우암동,중상사고,0,1,0,0,차대사람 - 기타,안전운전불이행,건조,맑음,단일로 - 횡단보도상,화물,남,41세,상해없음,보행자,여,78세,중상
2014093000100339,2014년 9월 30일 13시,화요일,충청북도 제천시 청전동,경상사고,0,0,2,0,차대차 - 기타,불법유턴,건조,맑음,교차로 - 교차로안,승용,여,42세,상해없음,승용,여,40세,경상
2014093000100340,2014년 9월 30일 13시,화요일,충청북도 제천시 왕암동,중상사고,0,1,0,0,차량단독 - 전도전복,안전운전불이행,건조,맑음,교차로 - 교차로부근,승용,남,29세,상해없음,,,,
2014093000100388,2014년 9월 30일 14시,화요일,충청북도 충주시 동량면,중상사고,0,1,0,1,차대차 - 추돌 - 진행중,직진우회전진행방해,건조,맑음,교차로 - 교차로안,화물,여,61세,부상신고,승용,남,33세,중상
2014093000100457,2014년 9월 30일 16시,화요일,충청북도 청주시 상당구 북문로2가동,중상사고,0,2,0,0,차대차 - 측면직각충돌,안전운전불이행,건조,맑음,교차로 - 교차로부근,승용,여,42세,상해없음,승용,여,31세,중상
2014093000100500,2014년 9월 30일 17시,화요일,충청북도 청주시 서원구 수곡동,경상사고,0,0,1,0,차대차 - 기타,안전운전불이행,건조,흐림,교차로 - 교차로안,승용,남,56세,상해없음,이륜,남,31세,경상
2014093000100547,2014년 9월 30일 18시,화요일,충청북도 충주시 용두동,사망사고,1,0,0,0,차대차 - 추돌 - 진행중,안전운전불이행,건조,맑음,단일로 - 기타,원동기,남,77세,사망,승합,남,43세,상해없음
2014093000100548,2014년 9월 30일 18시,화요일,충청북도 충주시 중앙탑면,중상사고,0,1,0,0,차대차 - 기타,안전운전불이행,건조,맑음,교차로 - 교차로안,화물,남,76세,상해없음,승용,남,31세,중상
2014093000100549,2014년 9월 30일 18시,화요일,충청북도 진천군 진천읍,경상사고,0,0,9,0,차대차 - 측면직각충돌,안전운전불이행,건조,맑음,교차로 - 교차로안,승용,남,31세,상해없음,승용,여,33세,경상
2014093000100550,2014년 9월 30일 18시,화요일,충청북도 진천군 덕산면,중상사고,0,1,0,0,차대차 - 측면직각충돌,교차로운행방법위반,건조,맑음,교차로 - 교차로안,원동기,남,57세,중상,승용,남,43세,상해없음
2014093000100551,2014년 9월 30일 18시,화요일,충청북도 진천군 덕산면,중상사고,0,1,0,0,차대차 - 측면직각충돌,교차로운행방법위반,건조,맑음,교차로 - 교차로안,승용,여,57세,상해없음,원동기,남,46세,중상
2014093000100552,2014년 9월 30일 18시,화요일,충청북도 청주시 상당구 용암동,경상사고,0,0,1,0,차대차 - 측면직각충돌,안전운전불이행,건조,맑음,교차로 - 교차로안,승용,남,32세,상해없음,승용,여,31세,경상
2014093000100606,2014년 9월 30일 19시,화요일,충청북도 청주시 서원구 미평동,경상사고,0,0,2,0,차대사람 - 기타,안전운전불이행,건조,맑음,교차로 - 교차로부근,자전거,남,66세,상해없음,보행자,여,65세,경상
2014093000100607,2014년 9월 30일 19시,화요일,충청북도 청주시 서원구 모충동,경상사고,0,0,1,0,차대차 - 기타,안전운전불이행,건조,흐림,교차로 - 교차로안,승용,남,29세,상해없음,자전거,남,38세,경상
2014093000100646,2014년 9월 30일 20시,화요일,충청북도 증평군 증평읍,경상사고,0,0,1,0,차대차 - 측면직각충돌,직진우회전진행방해,건조,맑음,교차로 - 교차로안,화물,남,53세,상해없음,이륜,남,17세,경상
2014093000100686,2014년 9월 30일 21시,화요일,충청북도 충주시 대소원면,중상사고,0,1,2,0,차대차 - 기타,안전운전불이행,건조,맑음,단일로 - 횡단보도부근,승용,남,42세,상해없음,승용,여,47세,경상
2014093000100687,2014년 9월 30일 21시,화요일,충청북도 청주시 상당구 용담동,경상사고,0,0,4,0,차대차 - 기타,신호위반,건조,흐림,교차로 - 교차로안,승용,여,60세,상해없음,승용,여,52세,경상
2014093000100719,2014년 9월 30일 22시,화요일,충청북도 충주시 연수동,경상사고,0,0,1,0,차대차 - 기타,신호위반,건조,맑음,교차로 - 교차로안,승용,남,54세,상해없음,원동기,남,16세,경상
2014100100100015,2014년 10월 1일 00시,수요일,충청북도 충주시 달천동,중상사고,0,1,1,1,차대차 - 기타,신호위반,건조,맑음,교차로 - 교차로안,승용,남,22세,부상신고,승용,남,47세,경상
2014100100100016,2014년 10월 1일 00시,수요일,충청북도 음성군 감곡면,경상사고,0,0,2,0,차대차 - 기타,교차로운행방법위반,건조,맑음,교차로 - 교차로안,화물,남,50세,상해없음,승용,남,55세,경상
2014100100100070,2014년 10월 1일 05시,수요일,충청북도 청주시 상당구 용암동,경상사고,0,0,3,0,차대차 - 기타,교차로운행방법위반,건조,맑음,교차로 - 교차로안,승용,여,63세,경상,승용,남,32세,경상
2014100100100099,2014년 10월 1일 07시,수요일,충청북도 청주시 청원구 오창읍,경상사고,0,0,1,0,차대차 - 측면직각충돌,안전운전불이행,건조,맑음,교차로 - 교차로안,승용,남,41세,상해없음,승용,여,24세,경상
2014100100100100,2014년 10월 1일 07시,수요일,충청북도 충주시 지현동,중상사고,0,1,0,0,차대사람 - 기타,안전운전불이행,건조,맑음,단일로 - 기타,화물,남,38세,상해없음,보행자,남,60세,중상
2014100100100138,2014년 10월 1일 08시,수요일,충청북도 진천군 진천읍,경상사고,0,0,1,0,차대차 - 측면직각충돌,신호위반,건조,맑음,교차로 - 교차로안,승용,여,41세,상해없음,이륜,남,68세,경상
2014100100100139,2014년 10월 1일 08시,수요일,충청북도 청주시 상당구 가덕면,중상사고,0,1,1,0,차대차 - 측면직각충돌,교차로운행방법위반,건조,맑음,교차로 - 교차로안,승용,여,31세,중상,승용,남,55세,경상
2014100100100172,2014년 10월 1일 09시,수요일,충청북도 청주시 청원구 오창읍,중상사고,0,1,0,0,차대차 - 추돌 - 주정차중,안전운전불이행,건조,맑음,교차로 - 교차로부근,승용,여,61세,상해없음,승용,남,41세,중상
2014100100100227,2014년 10월 1일 11시,수요일,충청북도 청주시 청원구 사천동,중상사고,0,1,0,0,차대차 - 측면직각충돌,안전운전불이행,건조,맑음,단일로 - 기타,승용,여,48세,상해없음,원동기,남,77세,중상
2014100100100228,2014년 10월 1일 11시,수요일,충청북도 충주시 연수동,중상사고,0,1,0,0,차대사람 - 횡단중,안전운전불이행,건조,맑음,단일로 - 횡단보도상,건설기계,남,27세,상해없음,보행자,여,70세,중상
2014100100100229,2014년 10월 1일 11시,수요일,충청북도 보은군 탄부면,경상사고,0,0,1,0,차대차 - 측면직각충돌,안전운전불이행,건조,맑음,단일로 - 기타,화물,남,68세,상해없음,승용,남,40세,경상
2014100100100252,2014년 10월 1일 12시,수요일,충청북도 청주시 흥덕구 봉명동,경상사고,0,0,1,0,차대차 - 측면직각충돌,안전운전불이행,건조,맑음,교차로 - 교차로안,승용,남,71세,상해없음,화물,남,38세,경상
2014100100100319,2014년 10월 1일 14시,수요일,충청북도 증평군 증평읍,부상신고사고,0,0,0,1,차대차 - 측면직각충돌,신호위반,건조,맑음,교차로 - 교차로안,이륜,남,77세,부상신고,화물,남,36세,상해없음
2014100100100320,2014년 10월 1일 14시,수요일,충청북도 진천군 진천읍,중상사고,0,1,0,0,차대차 - 기타,교차로운행방법위반,건조,맑음,교차로 - 교차로안,승용,남,55세,상해없음,자전거,여,59세,중상
2014100100100383,2014년 10월 1일 16시,수요일,충청북도 충주시 연수동,경상사고,0,0,2,0,차대차 - 추돌 - 주정차중,안전운전불이행,건조,맑음,단일로 - 기타,승용,여,47세,상해없음,승용,남,57세,경상
2014100100100384,2014년 10월 1일 16시,수요일,충청북도 청주시 서원구 산남동,중상사고,0,1,0,0,차대차 - 측면직각충돌,안전운전불이행,건조,맑음,교차로 - 교차로안,승용,남,30세,상해없음,자전거,남,12세,중상
2014100100100385,2014년 10월 1일 16시,수요일,충청북도 청주시 서원구 분평동,중상사고,0,1,2,0,차대차 - 추돌 - 진행중,안전거리미확보,건조,맑음,교차로 - 교차로부근,승용,여,41세,중상,승합,남,54세,경상
2014100100100413,2014년 10월 1일 17시,수요일,충청북도 보은군 삼승면,중상사고,0,2,0,0,차대차 - 측면직각충돌,중앙선침범,건조,맑음,단일로 - 기타,승용,여,52세,중상,화물,남,58세,중상
2014100100100414,2014년 10월 1일 17시,수요일,충청북도 옥천군 군서면,중상사고,0,1,1,0,차대차 - 측면직각충돌,교차로운행방법위반,건조,맑음,교차로 - 교차로안,화물,남,38세,경상,승합,남,56세,중상
2014100100100415,2014년 10월 1일 17시,수요일,충청북도 옥천군 옥천읍,경상사고,0,0,1,0,차대차 - 측면직각충돌,신호위반,건조,맑음,교차로 - 교차로안,승합,남,56세,상해없음,화물,남,46세,경상
2014100100100460,2014년 10월 1일 18시,수요일,충청북도 청주시 청원구 오창읍,경상사고,0,0,1,0,차대차 - 측면직각충돌,안전운전불이행,건조,맑음,교차로 - 교차로부근,승용,남,55세,상해없음,승용,남,45세,경상
2014100100100541,2014년 10월 1일 20시,수요일,충청북도 음성군 금왕읍,경상사고,0,0,1,0,차대사람 - 기타,안전운전불이행,건조,맑음,단일로 - 기타,승용,남,24세,상해없음,보행자,여,65세,경상
2014100100100577,2014년 10월 1일 21시,수요일,충청북도 음성군 금왕읍,중상사고,0,2,2,0,차대차 - 기타,교차로운행방법위반,건조,맑음,교차로 - 교차로안,승용,남,45세,경상,화물,남,53세,중상
2014100100100578,2014년 10월 1일 21시,수요일,충청북도 청주시 서원구 성화동,중상사고,0,1,0,0,차대사람 - 기타,신호위반,건조,맑음,교차로 - 교차로부근,원동기,남,20세,상해없음,보행자,여,37세,중상
2014100100100579,2014년 10월 1일 21시,수요일,충청북도 청주시 서원구 성화동,경상사고,0,0,1,0,차대차 - 측면직각충돌,안전운전불이행,건조,맑음,단일로 - 기타,원동기,남,24세,경상,기타불명,기타불명,기타불명,기타불명
2014100200100014,2014년 10월 2일 00시,목요일,충청북도 청주시 상당구 금천동,중상사고,0,2,0,0,차대차 - 측면직각충돌,신호위반,건조,맑음,교차로 - 교차로안,승용,남,28세,상해없음,승용,남,50세,중상
2014100200100053,2014년 10월 2일 04시,목요일,충청북도 청주시 흥덕구 복대동,중상사고,0,1,1,0,차대차 - 측면직각충돌,중앙선침범,건조,맑음,교차로 - 교차로부근,원동기,남,23세,상해없음,승용,남,35세,경상
2014100200100133,2014년 10월 2일 08시,목요일,충청북도 제천시 화산동,경상사고,0,0,2,0,차대차 - 기타,직진우회전진행방해,건조,맑음,교차로 - 교차로안,승용,남,42세,경상,승용,남,51세,경상
2014100200100169,2014년 10월 2일 09시,목요일,충청북도 충주시 연수동,중상사고,0,1,0,0,차대사람 - 길가장자리구역통행중,안전운전불이행,건조,흐림,단일로 - 기타,원동기,남,58세,상해없음,보행자,여,76세,중상
2014100200100190,2014년 10월 2일 10시,목요일,충청북도 증평군 증평읍,경상사고,0,0,6,0,차대차 - 기타,교차로운행방법위반,건조,맑음,교차로 - 교차로부근,승용,남,51세,상해없음,화물,남,45세,경상
2014100200100191,2014년 10월 2일 10시,목요일,충청북도 청주시 상당구 남주동,경상사고,0,0,1,0,차대차 - 측면직각충돌,안전운전불이행,건조,맑음,단일로 - 기타,승용,여,68세,상해없음,이륜,남,26세,경상
2014100200100224,2014년 10월 2일 11시,목요일,충청북도 청주시 청원구 내수읍,사망사고,1,2,0,0,차대차 - 기타,중앙선침범,건조,맑음,단일로 - 기타,승용,남,67세,사망,건설기계,남,44세,중상
2014100200100225,2014년 10월 2일 11시,목요일,충청북도 청주시 상당구 석교동,중상사고,0,1,0,0,차대사람 - 길가장자리구역통행중,안전운전불이행,건조,맑음,교차로 - 교차로부근,승용,남,71세,상해없음,보행자,여,66세,중상
2014100200100258,2014년 10월 2일 12시,목요일,충청북도 청주시 흥덕구 신봉동,경상사고,0,0,1,0,차대차 - 추돌 - 진행중,안전운전불이행,건조,맑음,교차로 - 교차로안,화물,남,21세,상해없음,자전거,남,80세,경상
2014100200100317,2014년 10월 2일 14시,목요일,충청북도 충주시 교현동,중상사고,0,1,0,0,차대차 - 측면직각충돌,안전운전불이행,건조,맑음,단일로 - 기타,승용,남,59세,상해없음,자전거,남,77세,중상
2014100200100318,2014년 10월 2일 14시,목요일,충청북도 제천시 명동,경상사고,0,0,1,0,차대차 - 기타,기타,건조,맑음,단일로 - 기타,승용,남,49세,상해없음,원동기,남,43세,경상
2014100200100375,2014년 10월 2일 16시,목요일,충청북도 청주시 흥덕구 상신동,경상사고,0,0,1,0,차대차 - 측면직각충돌,신호위반,건조,맑음,단일로 - 기타,승용,남,55세,상해없음,화물,남,57세,경상
2014100200100414,2014년 10월 2일 17시,목요일,충청북도 청주시 청원구 내덕동,경상사고,0,0,2,0,차대차 - 추돌 - 진행중,안전운전불이행,건조,맑음,단일로 - 기타,승용,남,48세,상해없음,승용,남,28세,경상
2014100200100463,2014년 10월 2일 18시,목요일,충청북도 청주시 청원구 오창읍,경상사고,0,0,2,0,차대차 - 기타,안전운전불이행,건조,맑음,교차로 - 교차로부근,승용,남,36세,상해없음,승용,여,26세,경상
2014100200100464,2014년 10월 2일 18시,목요일,충청북도 청주시 서원구 산남동,사망사고,1,0,0,0,차대사람 - 횡단중,안전운전불이행,건조,맑음,단일로 - 기타,승용,남,51세,상해없음,보행자,남,67세,사망
2014100200100537,2014년 10월 2일 19시,목요일,충청북도 청주시 청원구 오창읍,경상사고,0,0,2,0,차대차 - 추돌 - 주정차중,안전운전불이행,습기,흐림,단일로 - 기타,화물,남,70세,상해없음,승용,남,45세,경상
2014100200100538,2014년 10월 2일 19시,목요일,충청북도 청주시 흥덕구 향정동,경상사고,0,0,1,0,차대차 - 측면직각충돌,안전운전불이행,건조,맑음,교차로 - 교차로안,승용,남,38세,상해없음,승용,여,40세,경상
2014100200100602,2014년 10월 2일 21시,목요일,충청북도 청주시 흥덕구 봉명동,경상사고,0,0,1,0,차대차 - 측면직각충돌,신호위반,건조,맑음,교차로 - 교차로안,승용,남,53세,상해없음,승용,여,30세,경상
2014100200100635,2014년 10월 2일 22시,목요일,충청북도 청주시 흥덕구 봉명동,경상사고,0,0,1,0,차대차 - 측면직각충돌,안전운전불이행,건조,맑음,단일로 - 기타,승용,여,30세,상해없음,승용,남,33세,경상
2014100300100016,2014년 10월 3일 00시,금요일,충청북도 청주시 흥덕구 복대동,경상사고,0,0,1,0,차대차 - 측면직각충돌,안전운전불이행,건조,맑음,단일로 - 기타,이륜,남,16세,기타불명,이륜,남,38세,경상
2014100300100054,2014년 10월 3일 02시,금요일,충청북도 청주시 흥덕구 오송읍,사망사고,1,0,0,0,차대사람 - 기타,안전운전불이행,건조,맑음,교차로 - 교차로부근,승용,남,45세,상해없음,보행자,남,61세,사망
2014100300100056,2014년 10월 3일 02시,금요일,충청북도 청주시 흥덕구 옥산면,중상사고,0,1,0,1,차대차 - 추돌 - 주정차중,안전운전불이행,건조,맑음,단일로 - 기타,승용,여,41세,부상신고,승용,남,44세,중상
2014100300100089,2014년 10월 3일 04시,금요일,충청북도 청주시 서원구 사창동,경상사고,0,0,1,0,차대사람 - 기타,안전운전불이행,건조,맑음,단일로 - 기타,승용,남,22세,상해없음,보행자,남,23세,경상
2014100300100115,2014년 10월 3일 06시,금요일,충청북도 청주시 흥덕구 신촌동,경상사고,0,0,1,0,차대차 - 기타,안전운전불이행,건조,맑음,교차로 - 교차로부근,원동기,남,48세,상해없음,자전거,남,71세,경상
2014100300100129,2014년 10월 3일 07시,금요일,충청북도 진천군 문백면,경상사고,0,0,1,0,차대차 - 추돌 - 진행중,안전운전불이행,건조,맑음,단일로 - 기타,승용,남,49세,상해없음,승용,남,29세,경상
2014100300100149,2014년 10월 3일 08시,금요일,충청북도 괴산군 감물면,경상사고,0,0,1,0,차대차 - 추돌 - 진행중,안전거리미확보,건조,맑음,교차로 - 교차로부근,승용,여,51세,상해없음,승용,남,69세,경상
2014100300100202,2014년 10월 3일 10시,금요일,충청북도 충주시 동량면,경상사고,0,0,3,0,차대차 - 측면직각충돌,안전운전불이행,건조,맑음,교차로 - 교차로안,화물,남,46세,상해없음,승용,여,43세,경상
2014100300100203,2014년 10월 3일 10시,금요일,충청북도 제천시 교동,경상사고,0,0,1,0,차대차 - 기타,직진우회전진행방해,건조,맑음,교차로 - 교차로안,승용,여,48세,경상,승합,남,62세,상해없음
2014100300100236,2014년 10월 3일 11시,금요일,충청북도 청주시 흥덕구 봉명동,중상사고,0,1,0,0,차대차 - 측면직각충돌,안전거리미확보,건조,맑음,단일로 - 기타,승용,남,61세,상해없음,원동기,남,35세,중상
2014100300100303,2014년 10월 3일 13시,금요일,충청북도 충주시 풍동,중상사고,0,2,0,0,차대차 - 기타,안전거리미확보,건조,맑음,단일로 - 기타,화물,남,67세,상해없음,승용,여,49세,중상
2014100300100304,2014년 10월 3일 13시,금요일,충청북도 청주시 상당구 영운동,사망사고,1,0,0,0,차대차 - 기타,안전운전불이행,건조,맑음,단일로 - 횡단보도상,승용,남,58세,상해없음,자전거,남,75세,사망
2014100300100367,2014년 10월 3일 15시,금요일,충청북도 충주시 살미면,경상사고,0,0,1,0,차대차 - 측면직각충돌,안전운전불이행,건조,맑음,단일로 - 기타,화물,남,56세,상해없음,화물,여,51세,경상
2014100300100414,2014년 10월 3일 16시,금요일,충청북도 충주시 금릉동,경상사고,0,0,1,0,차대차 - 측면직각충돌,안전운전불이행,건조,맑음,교차로 - 교차로안,승용,남,75세,상해없음,원동기,남,16세,경상
2014100300100415,2014년 10월 3일 16시,금요일,충청북도 영동군 황간면,경상사고,0,0,1,0,차대차 - 기타,직진우회전진행방해,건조,맑음,교차로 - 교차로안,승용,여,29세,상해없음,승합,남,65세,상해없음
2014100300100416,2014년 10월 3일 16시,금요일,충청북도 청주시 흥덕구 운천동,경상사고,0,0,1,0,차대사람 - 기타,안전운전불이행,건조,맑음,단일로 - 기타,화물,남,49세,상해없음,보행자,여,57세,경상
2014100300100417,2014년 10월 3일 16시,금요일,충청북도 충주시 노은면,경상사고,0,0,4,0,차대차 - 추돌 - 진행중,안전거리미확보,건조,맑음,단일로 - 기타,승용,여,27세,경상,승용,남,28세,상해없음
2014100300100504,2014년 10월 3일 18시,금요일,충청북도 청주시 청원구 주중동,경상사고,0,0,1,0,차대차 - 기타,안전운전불이행,건조,맑음,교차로 - 교차로안,승용,남,27세,상해없음,승용,남,46세,경상
2014100300100505,2014년 10월 3일 18시,금요일,충청북도 증평군 증평읍,경상사고,0,0,2,0,차대사람 - 보도통행중,안전운전불이행,건조,맑음,교차로 - 교차로안,승용,남,56세,상해없음,보행자,여,4세,경상
2014100300100506,2014년 10월 3일 18시,금요일,충청북도 청주시 흥덕구 봉명동,중상사고,0,1,0,0,차대차 - 측면직각충돌,교차로운행방법위반,건조,맑음,교차로 - 교차로안,이륜,남,29세,중상,승용,남,72세,상해없음
2014100300100591,2014년 10월 3일 20시,금요일,충청북도 영동군 영동읍,중상사고,0,2,0,0,차대차 - 기타,중앙선침범,건조,맑음,교차로 - 교차로부근,화물,남,67세,상해없음,승용,여,58세,중상
2014100300100592,2014년 10월 3일 20시,금요일,충청북도 청주시 흥덕구 송정동,경상사고,0,0,1,0,차량단독 - 기타,안전운전불이행,건조,맑음,단일로 - 기타,승용,남,41세,상해없음,,,,
2014100300100626,2014년 10월 3일 21시,금요일,충청북도 옥천군 옥천읍,경상사고,0,0,3,0,차대차 - 측면직각충돌,신호위반,건조,맑음,교차로 - 교차로안,승용,여,58세,경상,승용,남,26세,경상
2014100400100013,2014년 10월 4일 00시,토요일,충청북도 옥천군 옥천읍,중상사고,0,1,2,0,차대차 - 측면직각충돌,안전운전불이행,건조,맑음,단일로 - 기타,승용,남,51세,중상,승용,여,23세,경상
2014100400100028,2014년 10월 4일 01시,토요일,충청북도 진천군 문백면,중상사고,0,1,0,0,차대차 - 추돌 - 진행중,안전운전불이행,건조,맑음,단일로 - 기타,화물,남,56세,중상,건설기계,남,49세,기타불명
2014100400100112,2014년 10월 4일 08시,토요일,충청북도 제천시 봉양읍,경상사고,0,0,1,0,차대차 - 기타,중앙선침범,건조,맑음,단일로 - 기타,화물,남,50세,상해없음,승용,남,66세,경상
2014100400100113,2014년 10월 4일 08시,토요일,충청북도 청주시 서원구 장암동,중상사고,0,1,0,0,차대차 - 기타,신호위반,건조,맑음,단일로 - 횡단보도상,승용,여,54세,상해없음,자전거,남,77세,중상
2014100400100196,2014년 10월 4일 11시,토요일,충청북도 제천시 남천동,경상사고,0,0,1,0,차대사람 - 기타,안전운전불이행,건조,맑음,단일로 - 기타,기타불명,기타불명,기타불명,기타불명,보행자,여,87세,경상
2014100400100197,2014년 10월 4일 11시,토요일,충청북도 괴산군 청안면,중상사고,0,1,0,0,차대차 - 측면직각충돌,직진우회전진행방해,건조,맑음,교차로 - 교차로안,승용,여,42세,상해없음,농기계,남,66세,중상
2014100400100198,2014년 10월 4일 11시,토요일,충청북도 청주시 서원구 수곡동,중상사고,0,2,0,0,차대차 - 기타,교차로운행방법위반,건조,맑음,교차로 - 교차로부근,승용,남,60세,상해없음,원동기,남,39세,중상
2014100400100270,2014년 10월 4일 13시,토요일,충청북도 청주시 서원구 현도면,경상사고,0,0,3,0,차대차 - 추돌 - 주정차중,안전운전불이행,건조,맑음,교차로 - 교차로부근,승합,남,56세,상해없음,승용,남,57세,경상
2014100400100315,2014년 10월 4일 14시,토요일,충청북도 옥천군 청산면,경상사고,0,0,1,0,차대차 - 측면직각충돌,안전운전불이행,건조,맑음,단일로 - 기타,이륜,남,53세,경상,건설기계,남,42세,상해없음
2014100400100379,2014년 10월 4일 16시,토요일,충청북도 충주시 엄정면,경상사고,0,0,1,0,차대사람 - 기타,안전운전불이행,건조,맑음,기타 - 기타,화물,남,54세,상해없음,보행자,여,58세,경상
2014100400100418,2014년 10월 4일 17시,토요일,충청북도 청주시 청원구 내수읍,경상사고,0,0,3,0,차대차 - 기타,안전운전불이행,건조,맑음,기타 - 기타,승용,남,62세,상해없음,승용,남,50세,경상
2014100400100419,2014년 10월 4일 17시,토요일,충청북도 충주시 교현동,중상사고,0,2,0,0,차대차 - 기타,안전운전불이행,건조,맑음,단일로 - 기타,승용,남,47세,상해없음,승용,남,51세,중상
2014100400100420,2014년 10월 4일 17시,토요일,충청북도 영동군 심천면,중상사고,0,1,0,0,차량단독 - 기타,안전운전불이행,건조,맑음,단일로 - 기타,원동기,남,53세,중상,,,,
2014100400100456,2014년 10월 4일 18시,토요일,충청북도 청주시 서원구 사창동,경상사고,0,0,1,0,차대차 - 기타,차로위반,건조,맑음,단일로 - 기타,승용,남,28세,상해없음,승용,남,67세,경상
2014100400100457,2014년 10월 4일 18시,토요일,충청북도 청주시 서원구 개신동,경상사고,0,0,1,0,차대사람 - 길가장자리구역통행중,안전운전불이행,건조,맑음,단일로 - 기타,승용,남,46세,상해없음,보행자,여,54세,경상
2014100400100522,2014년 10월 4일 20시,토요일,충청북도 충주시 산척면,경상사고,0,0,1,0,차대차 - 추돌 - 주정차중,안전운전불이행,건조,맑음,단일로 - 기타,화물,남,53세,경상,승용,남,48세,기타불명
2014100400100616,2014년 10월 4일 23시,토요일,충청북도 충주시 문화동,경상사고,0,0,1,0,차대사람 - 기타,안전운전불이행,건조,맑음,단일로 - 기타,화물,남,30세,상해없음,보행자,남,39세,경상
2014100400100617,2014년 10월 4일 23시,토요일,충청북도 보은군 마로면,중상사고,0,2,0,0,차량단독 - 공작물충돌,안전운전불이행,건조,맑음,기타 - 기타,승용,남,26세,중상,,,,
2014100500100011,2014년 10월 5일 00시,일요일,충청북도 청주시 청원구 율량동,경상사고,0,0,2,0,차대차 - 기타,중앙선침범,건조,맑음,교차로 - 교차로안,승용,남,41세,상해없음,승용,여,26세,경상
2014100500100094,2014년 10월 5일 07시,일요일,충청북도 청주시 서원구 분평동,중상사고,0,1,0,0,차대사람 - 횡단중,안전운전불이행,건조,맑음,단일로 - 기타,승용,남,56세,상해없음,보행자,여,63세,중상