사고번호,사고일시,요일,시군구,사고내용,사망자수,중상자수,경상자수,부상신고자수,사고유형,법규위반,노면상태,기상상태,도로형태,가해운전자 차종,가해운전자 성별,가해운전자 연령,가해운전자 상해정도,피해운전자 차종,피해운전자 성별,피해운전자 연령,피해운전자 상해정도
2014100500100119,2014년 10월 5일 09시,일요일,충청북도 청주시 서원구 모충동,경상사고,0,0,1,0,차대차 - 추돌 - 주정차중,안전운전불이행,건조,맑음,단일로 - 기타,승용,여,28세,상해없음,승용,남,65세,경상
2014100500100156,2014년 10월 5일 11시,일요일,충청북도 제천시 봉양읍,중상사고,0,1,6,0,차대차 - 측면직각충돌,안전거리미확보,건조,맑음,교차로 - 교차로안,승용,남,53세,경상,승용,남,43세,중상
2014100500100157,2014년 10월 5일 11시,일요일,충청북도 청주시 흥덕구 강서동,경상사고,0,0,2,0,차대차 - 측면직각충돌,교차로운행방법위반,건조,맑음,교차로 - 교차로안,승용,남,59세,상해없음,승용,여,45세,경상
2014100500100158,2014년 10월 5일 11시,일요일,충청북도 청주시 흥덕구 가경동,중상사고,0,1,0,0,차대차 - 측면직각충돌,신호위반,건조,맑음,교차로 - 교차로안,승용,남,51세,상해없음,원동기,남,26세,중상
2014100500100190,2014년 10월 5일 12시,일요일,충청북도 영동군 양산면,중상사고,0,1,0,0,차대차 - 기타,안전운전불이행,건조,맑음,단일로 - 기타,승용,남,64세,상해없음,원동기,남,67세,중상
2014100500100213,2014년 10월 5일 13시,일요일,충청북도 충주시 수안보면,경상사고,0,0,1,1,차대차 - 추돌 - 진행중,중앙선침범,건조,맑음,단일로 - 기타,승합,남,67세,부상신고,승용,남,54세,경상
2014100500100215,2014년 10월 5일 13시,일요일,충청북도 청주시 흥덕구 가경동,경상사고,0,0,1,0,차대차 - 기타,안전운전불이행,건조,맑음,단일로 - 기타,승용,남,33세,상해없음,자전거,남,16세,경상
2014100500100237,2014년 10월 5일 14시,일요일,충청북도 충주시 연수동,경상사고,0,0,3,0,차대차 - 기타,안전운전불이행,건조,맑음,단일로 - 기타,승용,남,49세,상해없음,승용,여,54세,경상
2014100500100262,2014년 10월 5일 15시,일요일,충청북도 영동군 영동읍,경상사고,0,0,1,0,차대차 - 기타,안전운전불이행,건조,맑음,교차로 - 교차로부근,승합,여,31세,상해없음,승용,남,32세,상해없음
2014100500100263,2014년 10월 5일 15시,일요일,충청북도 증평군 증평읍,경상사고,0,0,1,0,차대차 - 기타,안전운전불이행,건조,맑음,단일로 - 기타,자전거,남,35세,경상,승용,남,38세,상해없음
2014100500100264,2014년 10월 5일 15시,일요일,충청북도 청주시 흥덕구 봉명동,경상사고,0,0,1,0,차대차 - 정면충돌,안전운전불이행,건조,맑음,단일로 - 기타,승용,남,40세,상해없음,자전거,남,13세,경상
2014100500100265,2014년 10월 5일 15시,일요일,충청북도 청주시 흥덕구 봉명동,중상사고,0,1,0,0,차대차 - 측면직각충돌,안전운전불이행,건조,맑음,교차로 - 교차로부근,승용,남,50세,상해없음,이륜,남,24세,중상
2014100500100267,2014년 10월 5일 15시,일요일,충청북도 청주시 상당구 영운동,경상사고,0,0,2,0,차대차 - 측면직각충돌,교차로운행방법위반,건조,맑음,교차로 - 교차로안,승용,남,55세,상해없음,승용,남,32세,경상
2014100500100314,2014년 10월 5일 16시,일요일,충청북도 충주시 교현동,경상사고,0,0,3,1,차대차 - 추돌 - 진행중,안전운전불이행,건조,맑음,교차로 - 교차로부근,원동기,남,25세,부상신고,승용,여,39세,경상
2014100500100315,2014년 10월 5일 16시,일요일,충청북도 제천시 봉양읍,경상사고,0,0,6,0,차대차 - 기타,직진우회전진행방해,건조,맑음,교차로 - 교차로안,승용,남,48세,상해없음,승용,남,37세,경상
2014100500100316,2014년 10월 5일 16시,일요일,충청북도 옥천군 옥천읍,중상사고,0,1,0,0,차대차 - 측면직각충돌,안전운전불이행,건조,맑음,단일로 - 기타,화물,남,67세,상해없음,자전거,남,65세,중상
2014100500100354,2014년 10월 5일 17시,일요일,충청북도 단양군 매포읍,중상사고,0,1,0,0,차대차 - 기타,안전운전불이행,건조,맑음,교차로 - 교차로안,화물,남,42세,상해없음,이륜,남,77세,중상
2014100500100355,2014년 10월 5일 17시,일요일,충청북도 청주시 흥덕구 옥산면,중상사고,0,1,1,0,차대차 - 정면충돌,교차로운행방법위반,건조,맑음,교차로 - 교차로안,승용,남,72세,중상,승용,여,29세,경상
2014100500100356,2014년 10월 5일 17시,일요일,충청북도 청주시 흥덕구 강내면,경상사고,0,0,1,0,차량단독 - 기타,기타,건조,맑음,교차로 - 교차로부근,승합,남,35세,상해없음,,,,
2014100500100379,2014년 10월 5일 18시,일요일,충청북도 청주시 서원구 사창동,경상사고,0,0,1,0,차대차 - 측면직각충돌,안전거리미확보,건조,맑음,단일로 - 기타,승용,남,23세,상해없음,승용,남,40세,경상
2014100500100380,2014년 10월 5일 18시,일요일,충청북도 충주시 신니면,경상사고,0,0,3,1,차대차 - 추돌 - 진행중,신호위반,건조,맑음,교차로 - 교차로안,승합,여,39세,부상신고,승합,여,46세,경상
2014100500100381,2014년 10월 5일 18시,일요일,충청북도 괴산군 감물면,중상사고,0,1,0,0,차대차 - 기타,안전운전불이행,건조,맑음,단일로 - 기타,승용,남,76세,상해없음,이륜,남,42세,중상
2014100500100382,2014년 10월 5일 18시,일요일,충청북도 청주시 상당구 용정동,중상사고,0,1,1,0,차대차 - 측면직각충돌,안전운전불이행,건조,맑음,교차로 - 교차로안,승합,여,43세,기타불명,승용,여,38세,경상
2014100500100419,2014년 10월 5일 19시,일요일,충청북도 괴산군 괴산읍,중상사고,0,1,0,0,차대차 - 추돌 - 진행중,안전운전불이행,건조,맑음,단일로 - 기타,이륜,남,56세,상해없음,자전거,남,69세,중상
2014100500100421,2014년 10월 5일 19시,일요일,충청북도 청주시 흥덕구 신전동,경상사고,0,0,3,0,차대차 - 기타,안전운전불이행,건조,맑음,단일로 - 기타,화물,남,53세,상해없음,승합,남,26세,경상
2014100500100452,2014년 10월 5일 20시,일요일,충청북도 청주시 청원구 오창읍,중상사고,0,1,0,0,차대차 - 기타,안전운전불이행,건조,맑음,단일로 - 기타,기타불명,기타불명,기타불명,기타불명,이륜,남,54세,중상
2014100500100453,2014년 10월 5일 20시,일요일,충청북도 음성군 음성읍,중상사고,0,1,0,0,차대차 - 기타,안전운전불이행,건조,맑음,교차로 - 교차로안,화물,남,54세,상해없음,승용,남,40세,상해없음
2014100500100454,2014년 10월 5일 20시,일요일,충청북도 청주시 상당구 서문동,중상사고,0,1,3,0,차대차 - 측면직각충돌,교차로운행방법위반,건조,맑음,교차로 - 교차로안,승용,남,39세,경상,승용,남,22세,경상
2014100500100480,2014년 10월 5일 21시,일요일,충청북도 충주시 교현동,경상사고,0,0,1,1,차대차 - 기타,안전운전불이행,건조,맑음,교차로 - 교차로부근,승용,남,52세,상해없음,승용,남,51세,상해없음
2014100500100481,2014년 10월 5일 21시,일요일,충청북도 제천시 장락동,중상사고,0,1,0,0,차대사람 - 기타,안전운전불이행,건조,맑음,단일로 - 기타,원동기,남,20세,상해없음,보행자,여,33세,중상
2014100500100495,2014년 10월 5일 22시,일요일,충청북도 충주시 교현동,중상사고,0,1,0,0,차대차 - 추돌 - 진행중,직진우회전진행방해,건조,맑음,교차로 - 교차로안,승용,남,48세,상해없음,원동기,남,18세,중상
2014100500100496,2014년 10월 5일 22시,일요일,충청북도 충주시 문화동,경상사고,0,0,1,1,차대차 - 추돌 - 진행중,직진우회전진행방해,건조,맑음,교차로 - 교차로안,원동기,여,28세,부상신고,승용,여,21세,경상
2014100600100009,2014년 10월 6일 00시,월요일,충청북도 청주시 흥덕구 비하동,경상사고,0,0,2,0,차대차 - 측면직각충돌,신호위반,건조,맑음,교차로 - 교차로안,승용,남,22세,상해없음,승용,남,62세,경상
2014100600100018,2014년 10월 6일 01시,월요일,충청북도 청주시 서원구 남이면,경상사고,0,0,1,0,차대차 - 추돌 - 주정차중,안전운전불이행,건조,맑음,단일로 - 기타,승용,남,33세,상해없음,승용,남,56세,경상
2014100600100078,2014년 10월 6일 07시,월요일,충청북도 청주시 흥덕구 봉명동,경상사고,0,0,1,0,차대차 - 추돌 - 주정차중,안전운전불이행,건조,맑음,단일로 - 기타,승합,남,57세,상해없음,승용,남,27세,경상
2014100600100079,2014년 10월 6일 07시,월요일,충청북도 음성군 삼성면,경상사고,0,0,1,0,차대사람 - 기타,중앙선침범,건조,맑음,교차로 - 교차로부근,화물,남,58세,상해없음,보행자,여,13세,경상
2014100600100118,2014년 10월 6일 08시,월요일,충청북도 음성군 대소면,중상사고,0,1,0,0,차량단독 - 기타,안전운전불이행,건조,맑음,단일로 - 기타,승합,남,43세,상해없음,,,,
2014100600100212,2014년 10월 6일 10시,월요일,충청북도 충주시 연수동,경상사고,0,0,1,0,차대차 - 기타,신호위반,건조,맑음,교차로 - 교차로안,원동기,여,22세,경상,승용,여,37세,상해없음
2014100600100213,2014년 10월 6일 10시,월요일,충청북도 옥천군 옥천읍,경상사고,0,0,1,0,차대사람 - 기타,안전운전불이행,건조,맑음,교차로 - 교차로안,기타불명,기타불명,기타불명,기타불명,보행자,남,73세,경상
2014100600100214,2014년 10월 6일 10시,월요일,충청북도 청주시 흥덕구 강서동,중상사고,0,3,1,2,차대차 - 기타,교차로운행방법위반,건조,맑음,교차로 - 교차로안,승용,남,19세,부상신고,승용,남,70세,경상
2014100600100246,2014년 10월 6일 11시,월요일,충청북도 충주시 달천동,중상사고,0,1,0,0,차대차 - 기타,직진우회전진행방해,건조,맑음,교차로 - 교차로안,화물,남,43세,상해없음,자전거,여,78세,중상
2014100600100247,2014년 10월 6일 11시,월요일,충청북도 충주시 대소원면,중상사고,0,1,0,0,차대차 - 기타,신호위반,건조,맑음,교차로 - 교차로안,화물,남,71세,상해없음,원동기,남,18세,중상
2014100600100248,2014년 10월 6일 11시,월요일,충청북도 청주시 흥덕구 강내면,중상사고,0,2,0,0,차대차 - 측면직각충돌,안전운전불이행,건조,맑음,교차로 - 교차로부근,승용,여,44세,상해없음,승용,여,42세,중상
2014100600100249,2014년 10월 6일 11시,월요일,충청북도 청주시 상당구 남문로2가동,중상사고,0,1,0,0,차대차 - 측면직각충돌,안전운전불이행,건조,맑음,단일로 - 기타,이륜,남,21세,상해없음,승용,남,27세,중상
2014100600100280,2014년 10월 6일 12시,월요일,충청북도 괴산군 연풍면,중상사고,0,3,5,0,차대차 - 추돌 - 진행중,안전거리미확보,건조,맑음,단일로 - 기타,화물,남,40세,상해없음,화물,남,45세,중상
2014100600100314,2014년 10월 6일 13시,월요일,충청북도 청주시 흥덕구 강내면,경상사고,0,0,2,0,차대차 - 추돌 - 진행중,안전운전불이행,건조,맑음,교차로 - 교차로부근,승합,남,57세,상해없음,승용,여,39세,상해없음
2014100600100346,2014년 10월 6일 14시,월요일,충청북도 청주시 청원구 우암동,중상사고,0,1,0,0,차대사람 - 기타,안전운전불이행,건조,맑음,단일로 - 기타,기타불명,기타불명,기타불명,기타불명,보행자,남,77세,중상
2014100600100347,2014년 10월 6일 14시,월요일,충청북도 제천시 화산동,경상사고,0,0,1,0,차대차 - 추돌 - 주정차중,안전운전불이행,건조,맑음,단일로 - 기타,승용,여,43세,상해없음,승용,남,46세,경상
2014100600100380,2014년 10월 6일 15시,월요일,충청북도 진천군 진천읍,경상사고,0,0,1,0,차대차 - 측면직각충돌,기타,건조,맑음,교차로 - 교차로안,자전거,여,11세,경상,승용,여,45세,상해없음
2014100600100563,2014년 10월 6일 19시,월요일,충청북도 충주시 교현동,경상사고,0,0,3,0,차대차 - 기타,안전운전불이행,건조,맑음,단일로 - 기타,승용,여,44세,상해없음,승용,여,54세,경상
2014100600100593,2014년 10월 6일 20시,월요일,충청북도 충주시 수안보면,경상사고,0,0,1,0,차대사람 - 기타,안전운전불이행,건조,맑음,기타 - 기타,승용,남,35세,상해없음,보행자,남,90세,경상
2014100600100594,2014년 10월 6일 20시,월요일,충청북도 청주시 흥덕구 봉명동,경상사고,0,0,1,0,차대사람 - 기타,안전운전불이행,건조,맑음,단일로 - 기타,승용,여,26세,상해없음,보행자,남,79세,경상
2014100600100595,2014년 10월 6일 20시,월요일,충청북도 청주시 상당구 석교동,경상사고,0,0,8,0,차대차 - 기타,교차로운행방법위반,건조,맑음,교차로 - 교차로안,승용,남,56세,상해없음,승용,여,62세,경상
2014100600100631,2014년 10월 6일 21시,월요일,충청북도 청주시 청원구 오창읍,경상사고,0,0,2,0,차대차 - 기타,불법유턴,건조,맑음,교차로 - 교차로안,승용,여,33세,상해없음,승용,여,53세,경상
2014100600100632,2014년 10월 6일 21시,월요일,충청북도 청주시 청원구 사천동,경상사고,0,0,1,0,차대차 - 기타,신호위반,건조,맑음,교차로 - 교차로안,화물,남,53세,기타불명,승용,여,32세,경상
2014100600100633,2014년 10월 6일 21시,월요일,충청북도 청주시 흥덕구 봉명동,경상사고,0,0,2,0,차대차 - 추돌 - 주정차중,안전거리미확보,건조,맑음,교차로 - 교차로안,승용,남,26세,상해없음,승용,여,39세,경상
2014100600100634,2014년 10월 6일 21시,월요일,충청북도 청주시 서원구 산남동,경상사고,0,0,1,0,차대차 - 기타,안전운전불이행,건조,맑음,교차로 - 교차로부근,승용,남,35세,상해없음,승용,남,48세,상해없음
2014100600100662,2014년 10월 6일 22시,월요일,충청북도 청주시 흥덕구 봉명동,경상사고,0,0,2,0,차대차 - 측면직각충돌,교차로운행방법위반,건조,맑음,교차로 - 교차로안,승용,남,54세,상해없음,승용,남,55세,상해없음
2014100600100663,2014년 10월 6일 22시,월요일,충청북도 청주시 흥덕구 송정동,중상사고,0,1,0,0,차대차 - 측면직각충돌,안전운전불이행,건조,맑음,교차로 - 교차로부근,승용,남,34세,상해없음,자전거,남,18세,중상
2014100700100027,2014년 10월 7일 02시,화요일,충청북도 충주시 연수동,중상사고,0,1,0,0,차대차 - 추돌 - 주정차중,안전운전불이행,건조,맑음,기타 - 기타,승용,여,29세,상해없음,승용,남,41세,상해없음
2014100700100044,2014년 10월 7일 05시,화요일,충청북도 청주시 서원구 사직동,중상사고,0,1,0,0,차대사람 - 기타,안전운전불이행,건조,맑음,단일로 - 횡단보도상,승용,남,67세,상해없음,보행자,여,78세,중상
2014100700100060,2014년 10월 7일 06시,화요일,충청북도 청주시 흥덕구 복대동,중상사고,0,1,0,1,차대차 - 측면직각충돌,교차로운행방법위반,건조,맑음,교차로 - 교차로안,승용,남,41세,부상신고,승용,여,47세,중상
2014100700100084,2014년 10월 7일 07시,화요일,충청북도 청주시 청원구 북이면,경상사고,0,0,21,1,차대차 - 기타,안전운전불이행,건조,맑음,단일로 - 기타,승용,남,57세,경상,승합,여,47세,경상
2014100700100085,2014년 10월 7일 07시,화요일,충청북도 청주시 서원구 성화동,경상사고,0,0,1,0,차대차 - 추돌 - 진행중,안전거리미확보,건조,맑음,단일로 - 기타,승용,남,24세,상해없음,승용,남,54세,경상
2014100700100122,2014년 10월 7일 08시,화요일,충청북도 청주시 청원구 내덕동,경상사고,0,0,1,0,차대차 - 기타,안전운전불이행,건조,맑음,단일로 - 기타,이륜,남,16세,경상,승용,여,51세,상해없음
2014100700100164,2014년 10월 7일 09시,화요일,충청북도 청주시 청원구 율량동,경상사고,0,0,1,0,차대차 - 기타,안전운전불이행,건조,맑음,교차로 - 교차로안,승용,여,35세,상해없음,승용,남,62세,경상
2014100700100165,2014년 10월 7일 09시,화요일,충청북도 제천시 의림동,경상사고,0,0,2,0,차대차 - 기타,직진우회전진행방해,건조,맑음,교차로 - 교차로안,승용,여,69세,상해없음,승용,남,60세,경상
2014100700100199,2014년 10월 7일 10시,화요일,충청북도 제천시 중앙로2가,경상사고,0,0,1,0,차대차 - 측면직각충돌,신호위반,건조,맑음,교차로 - 교차로안,승용,남,60세,상해없음,승용,여,57세,경상
2014100700100200,2014년 10월 7일 10시,화요일,충청북도 영동군 심천면,부상신고사고,0,0,0,1,차대차 - 기타,중앙선침범,건조,맑음,단일로 - 기타,농기계,남,66세,부상신고,승용,남,53세,상해없음
2014100700100249,2014년 10월 7일 12시,화요일,충청북도 제천시 중앙로1가,중상사고,0,4,3,0,차대차 - 측면직각충돌,기타,건조,맑음,교차로 - 교차로안,승용,여,65세,상해없음,승용,남,65세,중상
2014100700100250,2014년 10월 7일 12시,화요일,충청북도 제천시 백운면,경상사고,0,0,1,0,차대차 - 기타,안전운전불이행,건조,맑음,교차로 - 교차로부근,화물,남,58세,상해없음,화물,남,48세,경상
2014100700100251,2014년 10월 7일 12시,화요일,충청북도 보은군 마로면,중상사고,0,1,1,0,차대차 - 측면직각충돌,중앙선침범,건조,맑음,교차로 - 교차로부근,화물,남,63세,상해없음,농기계,남,71세,중상
2014100700100351,2014년 10월 7일 15시,화요일,충청북도 충주시 연수동,중상사고,0,1,0,0,차대사람 - 기타,신호위반,건조,맑음,교차로 - 교차로부근,화물,남,62세,상해없음,보행자,남,11세,중상
2014100700100468,2014년 10월 7일 18시,화요일,충청북도 옥천군 옥천읍,경상사고,0,0,1,0,차대차 - 추돌 - 진행중,안전운전불이행,건조,맑음,교차로 - 교차로부근,승용,남,53세,상해없음,승용,남,64세,상해없음
2014100700100636,2014년 10월 7일 23시,화요일,충청북도 청주시 서원구 사창동,경상사고,0,0,1,0,차대사람 - 기타,안전운전불이행,건조,맑음,교차로 - 교차로부근,승용,남,21세,기타불명,보행자,남,24세,경상
2014100700100637,2014년 10월 7일 23시,화요일,충청북도 청주시 흥덕구 외북동,중상사고,0,1,3,0,차대차 - 추돌 - 주정차중,안전운전불이행,건조,맑음,교차로 - 교차로부근,승용,남,28세,상해없음,승용,남,27세,경상
2014100800100025,2014년 10월 8일 01시,수요일,충청북도 청주시 청원구 북이면,중상사고,0,1,0,0,차량단독 - 공작물충돌,안전운전불이행,건조,맑음,교차로 - 교차로안,승용,여,40세,중상,,,,
2014100800100044,2014년 10월 8일 04시,수요일,충청북도 청주시 흥덕구 봉명동,중상사고,0,1,2,0,차대차 - 측면직각충돌,안전운전불이행,건조,맑음,교차로 - 교차로부근,승용,남,30세,상해없음,승용,남,48세,중상
2014100800100084,2014년 10월 8일 07시,수요일,충청북도 제천시 강제동,중상사고,0,1,1,0,차대차 - 측면직각충돌,중앙선침범,습기,안개,단일로 - 기타,승용,남,65세,상해없음,화물,남,56세,중상
2014100800100085,2014년 10월 8일 07시,수요일,충청북도 청주시 흥덕구 봉명동,경상사고,0,0,1,0,차대차 - 기타,안전운전불이행,건조,맑음,교차로 - 교차로부근,승용,남,49세,상해없음,승용,남,30세,경상
2014100800100122,2014년 10월 8일 08시,수요일,충청북도 제천시 서부동,경상사고,0,0,1,0,차대차 - 측면직각충돌,직진우회전진행방해,건조,맑음,교차로 - 교차로안,승합,남,49세,상해없음,승용,남,52세,경상
2014100800100186,2014년 10월 8일 10시,수요일,충청북도 충주시 칠금동,중상사고,0,1,0,0,차대사람 - 기타,안전운전불이행,건조,맑음,교차로 - 교차로안,승용,여,41세,상해없음,보행자,여,72세,중상
2014100800100215,2014년 10월 8일 11시,수요일,충청북도 청주시 청원구 내수읍,경상사고,0,0,1,0,차대차 - 측면직각충돌,중앙선침범,건조,맑음,교차로 - 교차로부근,이륜,남,78세,경상,화물,남,48세,상해없음
2014100800100216,2014년 10월 8일 11시,수요일,충청북도 충주시 주덕읍,중상사고,0,1,0,1,차대차 - 기타,안전운전불이행,건조,맑음,교차로 - 교차로안,승용,여,33세,부상신고,승용,남,68세,중상
2014100800100217,2014년 10월 8일 11시,수요일,충청북도 청주시 흥덕구 비하동,경상사고,0,0,1,0,차대차 - 추돌 - 주정차중,안전운전불이행,건조,맑음,교차로 - 교차로부근,승용,여,32세,상해없음,승용,여,28세,경상
2014100800100252,2014년 10월 8일 12시,수요일,충청북도 청주시 청원구 내덕동,경상사고,0,0,1,0,차대차 - 기타,안전운전불이행,건조,맑음,단일로 - 기타,승용,남,48세,상해없음,승용,남,35세,경상
2014100800100253,2014년 10월 8일 12시,수요일,충청북도 청주시 흥덕구 남촌동,중상사고,0,1,2,0,차대차 - 측면직각충돌,신호위반,건조,맑음,교차로 - 교차로안,승용,여,52세,중상,승용,여,33세,경상
2014100800100350,2014년 10월 8일 15시,수요일,충청북도 옥천군 옥천읍,경상사고,0,0,1,0,차대차 - 측면직각충돌,안전운전불이행,건조,맑음,단일로 - 기타,승용,남,38세,상해없음,자전거,남,19세,경상
2014100800100379,2014년 10월 8일 16시,수요일,충청북도 청주시 상당구 방서동,경상사고,0,0,1,0,차대차 - 기타,안전거리미확보,건조,흐림,교차로 - 교차로부근,승용,남,61세,상해없음,승용,여,39세,경상
2014100800100420,2014년 10월 8일 17시,수요일,충청북도 청주시 청원구 율량동,경상사고,0,0,1,0,차대차 - 기타,안전운전불이행,건조,맑음,교차로 - 교차로부근,자전거,남,87세,경상,화물,남,52세,상해없음
2014100800100421,2014년 10월 8일 17시,수요일,충청북도 단양군 매포읍,중상사고,0,1,0,0,차대차 - 기타,안전운전불이행,건조,맑음,기타 - 기타,건설기계,남,66세,상해없음,이륜,남,60세,중상
2014100800100538,2014년 10월 8일 19시,수요일,충청북도 청주시 상당구 남문로1가동,사망사고,1,0,0,0,차대사람 - 기타,안전운전불이행,건조,맑음,단일로 - 기타,화물,남,64세,상해없음,보행자,여,77세,사망
2014100800100575,2014년 10월 8일 20시,수요일,충청북도 충주시 문화동,중상사고,0,1,2,0,차대차 - 기타,신호위반,건조,맑음,교차로 - 교차로안,승용,남,52세,상해없음,승용,여,32세,중상
2014100800100576,2014년 10월 8일 20시,수요일,충청북도 청주시 흥덕구 비하동,경상사고,0,0,1,0,차대차 - 기타,안전거리미확보,건조,맑음,단일로 - 기타,승용,남,46세,경상,승용,남,62세,상해없음
2014100800100614,2014년 10월 8일 21시,수요일,충청북도 청주시 청원구 우암동,중상사고,0,1,0,0,차대사람 - 길가장자리구역통행중,안전운전불이행,건조,맑음,단일로 - 기타,승용,남,25세,상해없음,보행자,남,28세,중상
2014100800100615,2014년 10월 8일 21시,수요일,충청북도 충주시 칠금동,경상사고,0,0,2,0,차대차 - 기타,안전운전불이행,건조,맑음,교차로 - 교차로부근,승용,남,53세,상해없음,승용,남,19세,경상
2014100800100616,2014년 10월 8일 21시,수요일,충청북도 청주시 서원구 산남동,중상사고,0,1,0,0,차대차 - 기타,교차로운행방법위반,건조,맑음,교차로 - 교차로안,승용,남,23세,상해없음,이륜,남,18세,중상
2014100800100620,2014년 10월 8일 21시,수요일,충청북도 청주시 서원구 현도면,경상사고,0,0,1,0,차대차 - 추돌 - 진행중,안전운전불이행,건조,맑음,단일로 - 기타,승용,남,32세,상해없음,승용,남,54세,경상
2014100800100661,2014년 10월 8일 22시,수요일,충청북도 청주시 서원구 산남동,경상사고,0,0,3,0,차대차 - 기타,안전운전불이행,건조,맑음,단일로 - 기타,승용,여,42세,상해없음,승합,남,48세,경상
2014100800100662,2014년 10월 8일 22시,수요일,충청북도 음성군 감곡면,중상사고,0,1,0,0,차대차 - 기타,과속,건조,맑음,단일로 - 기타,승용,남,35세,상해없음,화물,남,65세,중상
2014100800100686,2014년 10월 8일 23시,수요일,충청북도 청주시 서원구 산남동,경상사고,0,0,2,0,차대차 - 추돌 - 주정차중,안전운전불이행,건조,맑음,교차로 - 교차로부근,승용,남,39세,상해없음,승용,남,28세,경상
2014100900100146,2014년 10월 9일 07시,목요일,충청북도 영동군 영동읍,중상사고,0,1,0,0,차대사람 - 기타,안전운전불이행,건조,맑음,교차로 - 교차로부근,승합,남,49세,상해없음,보행자,여,79세,중상
2014100900100167,2014년 10월 9일 08시,목요일,충청북도 옥천군 옥천읍,경상사고,0,0,1,0,차대차 - 측면직각충돌,안전운전불이행,건조,맑음,교차로 - 교차로부근,승용,남,58세,상해없음,승용,여,26세,경상
2014100900100209,2014년 10월 9일 10시,목요일,충청북도 청주시 상당구 북문로3가동,경상사고,0,0,2,0,차대차 - 측면직각충돌,교차로운행방법위반,건조,맑음,교차로 - 교차로안,승용,남,73세,상해없음,승용,남,57세,경상
2014100900100239,2014년 10월 9일 11시,목요일,충청북도 청주시 서원구 남이면,경상사고,0,0,4,0,차대차 - 측면직각충돌,안전거리미확보,건조,맑음,단일로 - 기타,승용,여,35세,경상,승용,남,43세,경상
2014100900100240,2014년 10월 9일 11시,목요일,충청북도 청주시 상당구 금천동,경상사고,0,0,1,0,차대차 - 측면직각충돌,안전운전불이행,건조,맑음,교차로 - 교차로안,승용,남,60세,상해없음,승용,여,23세,경상
2014100900100294,2014년 10월 9일 13시,목요일,충청북도 충주시 문화동,부상신고사고,0,0,0,1,차대차 - 추돌 - 진행중,신호위반,건조,맑음,교차로 - 교차로부근,원동기,여,62세,부상신고,승용,남,67세,상해없음
2014100900100295,2014년 10월 9일 13시,목요일,충청북도 진천군 진천읍,중상사고,0,1,0,0,차대차 - 측면직각충돌,안전운전불이행,건조,맑음,단일로 - 기타,이륜,남,71세,중상,이륜,남,81세,상해없음
2014100900100296,2014년 10월 9일 13시,목요일,충청북도 청주시 흥덕구 복대동,중상사고,0,1,0,0,차대차 - 측면직각충돌,안전운전불이행,건조,맑음,교차로 - 교차로부근,승용,남,58세,상해없음,이륜,남,49세,중상
2014100900100297,2014년 10월 9일 13시,목요일,충청북도 청주시 흥덕구 강서동,경상사고,0,0,2,0,차대차 - 추돌 - 주정차중,안전운전불이행,건조,맑음,교차로 - 교차로부근,승용,남,34세,상해없음,승용,여,44세,경상
2014100900100327,2014년 10월 9일 14시,목요일,충청북도 충주시 산척면,경상사고,0,0,2,0,차대차 - 기타,안전운전불이행,건조,맑음,교차로 - 교차로부근,승용,남,69세,상해없음,승용,여,38세,상해없음
2014100900100356,2014년 10월 9일 15시,목요일,충청북도 청주시 흥덕구 봉명동,중상사고,0,1,0,0,차대차 - 측면직각충돌,안전운전불이행,건조,맑음,교차로 - 교차로안,승합,남,43세,상해없음,자전거,여,33세,중상
2014100900100388,2014년 10월 9일 16시,목요일,충청북도 제천시 고암동,중상사고,0,1,0,0,차대사람 - 기타,안전운전불이행,건조,맑음,기타 - 기타,승용,여,36세,상해없음,보행자,남,1세,중상
2014100900100428,2014년 10월 9일 17시,목요일,충청북도 증평군 증평읍,경상사고,0,0,1,0,차대차 - 추돌 - 진행중,안전운전불이행,건조,맑음,단일로 - 기타,승용,남,40세,상해없음,승용,남,26세,경상
2014100900100468,2014년 10월 9일 18시,목요일,충청북도 충주시 연수동,경상사고,0,0,1,0,차대차 - 추돌 - 진행중,교차로운행방법위반,건조,맑음,교차로 - 교차로안,승용,여,54세,상해없음,승용,여,29세,경상
2014100900100469,2014년 10월 9일 18시,목요일,충청북도 제천시 하소동,중상사고,0,1,0,0,차대차 - 측면직각충돌,신호위반,건조,맑음,단일로 - 기타,승용,여,49세,상해없음,자전거,남,66세,중상
2014100900100470,2014년 10월 9일 18시,목요일,충청북도 진천군 광혜원면,경상사고,0,0,1,0,차대차 - 측면직각충돌,교차로운행방법위반,건조,맑음,교차로 - 교차로부근,승용,남,60세,상해없음,원동기,남,17세,경상
2014100900100471,2014년 10월 9일 18시,목요일,충청북도 청주시 흥덕구 옥산면,사망사고,1,0,0,0,차대차 - 추돌 - 진행중,안전운전불이행,건조,맑음,단일로 - 기타,승용,남,44세,상해없음,농기계,남,71세,사망
2014100900100472,2014년 10월 9일 18시,목요일,충청북도 청주시 흥덕구 가경동,경상사고,0,0,1,0,차대차 - 측면직각충돌,안전운전불이행,건조,맑음,단일로 - 기타,승용,남,54세,상해없음,이륜,남,21세,경상
2014100900100515,2014년 10월 9일 19시,목요일,충청북도 단양군 단성면,중상사고,0,1,0,0,차량단독 - 기타,안전운전불이행,건조,맑음,단일로 - 기타,자전거,남,41세,중상,,,,