사고번호,사고일시,요일,시군구,사고내용,사망자수,중상자수,경상자수,부상신고자수,사고유형,법규위반,노면상태,기상상태,도로형태,가해운전자 차종,가해운전자 성별,가해운전자 연령,가해운전자 상해정도,피해운전자 차종,피해운전자 성별,피해운전자 연령,피해운전자 상해정도
2014100900100545,2014년 10월 9일 20시,목요일,충청북도 제천시 모산동,중상사고,0,1,0,0,차대사람 - 기타,안전운전불이행,건조,맑음,교차로 - 교차로부근,승용,남,25세,상해없음,보행자,남,24세,중상
2014100900100546,2014년 10월 9일 20시,목요일,충청북도 제천시 왕암동,중상사고,0,1,0,0,차대차 - 기타,안전거리미확보,건조,맑음,단일로 - 기타,승용,여,27세,상해없음,이륜,남,66세,중상
2014100900100547,2014년 10월 9일 20시,목요일,충청북도 음성군 음성읍,경상사고,0,0,2,0,차대차 - 기타,교차로운행방법위반,건조,맑음,교차로 - 교차로안,승용,남,54세,경상,승용,여,27세,경상
2014100900100548,2014년 10월 9일 20시,목요일,충청북도 청주시 서원구 분평동,경상사고,0,0,1,0,차대차 - 정면충돌,중앙선침범,건조,맑음,교차로 - 교차로부근,승용,남,48세,상해없음,승용,여,40세,경상
2014100900100573,2014년 10월 9일 21시,목요일,충청북도 단양군 매포읍,경상사고,0,0,1,0,차대차 - 측면직각충돌,안전운전불이행,건조,맑음,단일로 - 기타,화물,남,47세,상해없음,승용,남,32세,경상
2014100900100608,2014년 10월 9일 22시,목요일,충청북도 청주시 서원구 사창동,중상사고,0,2,1,0,차대차 - 추돌 - 주정차중,안전운전불이행,건조,맑음,교차로 - 교차로부근,건설기계,남,39세,상해없음,승용,남,44세,중상
2014101000100016,2014년 10월 10일 01시,금요일,충청북도 충주시 연수동,부상신고사고,0,0,0,1,차대사람 - 기타,안전운전불이행,건조,맑음,단일로 - 기타,기타불명,기타불명,기타불명,기타불명,보행자,남,24세,부상신고
2014101000100038,2014년 10월 10일 03시,금요일,충청북도 제천시 왕암동,중상사고,0,1,0,0,차대차 - 기타,안전운전불이행,건조,맑음,교차로 - 교차로부근,승합,남,55세,상해없음,승용,남,54세,중상
2014101000100039,2014년 10월 10일 03시,금요일,충청북도 청주시 흥덕구 복대동,경상사고,0,0,1,0,차대차 - 측면직각충돌,안전운전불이행,건조,맑음,단일로 - 기타,승용,남,26세,상해없음,승용,남,58세,경상
2014101000100062,2014년 10월 10일 05시,금요일,충청북도 청주시 서원구 장암동,경상사고,0,0,1,0,차대차 - 추돌 - 진행중,안전운전불이행,건조,맑음,교차로 - 교차로부근,화물,남,21세,상해없음,승용,남,35세,경상
2014101000100095,2014년 10월 10일 07시,금요일,충청북도 청주시 서원구 사창동,경상사고,0,0,2,0,차대차 - 기타,안전운전불이행,건조,맑음,단일로 - 기타,승용,여,57세,경상,승합,남,44세,경상
2014101000100096,2014년 10월 10일 07시,금요일,충청북도 음성군 금왕읍,경상사고,0,0,1,0,차대사람 - 횡단중,안전운전불이행,건조,맑음,교차로 - 교차로안,승용,남,49세,상해없음,보행자,여,15세,경상
2014101000100150,2014년 10월 10일 08시,금요일,충청북도 제천시 신백동,경상사고,0,0,2,0,차대차 - 기타,직진우회전진행방해,건조,맑음,교차로 - 교차로안,승용,남,46세,상해없음,승용,남,55세,경상
2014101000100226,2014년 10월 10일 10시,금요일,충청북도 보은군 보은읍,경상사고,0,0,1,0,차대차 - 측면직각충돌,교차로운행방법위반,건조,맑음,교차로 - 교차로안,승용,남,56세,상해없음,이륜,여,54세,경상
2014101000100227,2014년 10월 10일 10시,금요일,충청북도 진천군 이월면,중상사고,0,1,1,0,차대차 - 추돌 - 주정차중,안전운전불이행,건조,맑음,단일로 - 기타,화물,남,75세,상해없음,화물,남,44세,경상
2014101000100228,2014년 10월 10일 10시,금요일,충청북도 청주시 흥덕구 복대동,중상사고,0,1,0,0,차대차 - 측면직각충돌,교차로운행방법위반,건조,맑음,교차로 - 교차로안,승용,남,27세,상해없음,이륜,남,15세,중상
2014101000100269,2014년 10월 10일 11시,금요일,충청북도 청주시 흥덕구 옥산면,경상사고,0,0,2,0,차대차 - 측면직각충돌,신호위반,건조,맑음,교차로 - 교차로안,승용,남,66세,상해없음,승용,여,37세,경상
2014101000100326,2014년 10월 10일 13시,금요일,충청북도 청주시 청원구 우암동,경상사고,0,0,1,0,차대차 - 측면직각충돌,신호위반,건조,맑음,교차로 - 교차로안,승용,남,57세,상해없음,자전거,남,45세,경상
2014101000100327,2014년 10월 10일 13시,금요일,충청북도 옥천군 군서면,중상사고,0,1,2,0,차대차 - 측면직각충돌,안전운전불이행,건조,맑음,교차로 - 교차로안,승합,남,46세,상해없음,화물,남,49세,중상
2014101000100328,2014년 10월 10일 13시,금요일,충청북도 청주시 흥덕구 복대동,중상사고,0,1,4,0,차대차 - 측면직각충돌,안전운전불이행,건조,맑음,교차로 - 교차로안,승용,남,80세,중상,승용,남,47세,경상
2014101000100355,2014년 10월 10일 14시,금요일,충청북도 제천시 봉양읍,중상사고,0,3,2,0,차대차 - 측면직각충돌,중앙선침범,건조,맑음,단일로 - 기타,승용,남,55세,상해없음,승합,남,40세,경상
2014101000100356,2014년 10월 10일 14시,금요일,충청북도 음성군 금왕읍,경상사고,0,0,1,0,차대차 - 기타,안전운전불이행,건조,맑음,교차로 - 교차로안,화물,남,45세,상해없음,승용,남,51세,경상
2014101000100357,2014년 10월 10일 14시,금요일,충청북도 옥천군 안내면,부상신고사고,0,0,0,1,차대차 - 측면직각충돌,안전운전불이행,건조,맑음,교차로 - 교차로안,이륜,남,74세,부상신고,화물,남,57세,상해없음
2014101000100358,2014년 10월 10일 14시,금요일,충청북도 청주시 서원구 모충동,경상사고,0,0,1,0,차대차 - 측면직각충돌,안전운전불이행,건조,맑음,단일로 - 기타,자전거,남,60세,경상,승용,남,49세,상해없음
2014101000100359,2014년 10월 10일 14시,금요일,충청북도 청주시 상당구 방서동,중상사고,0,1,0,0,차대차 - 측면직각충돌,신호위반,건조,맑음,단일로 - 기타,화물,남,59세,상해없음,이륜,남,54세,중상
2014101000100400,2014년 10월 10일 15시,금요일,충청북도 제천시 남천동,경상사고,0,0,1,0,차대차 - 측면직각충돌,직진우회전진행방해,건조,맑음,교차로 - 교차로안,승용,남,53세,상해없음,승용,남,42세,경상
2014101000100489,2014년 10월 10일 17시,금요일,충청북도 충주시 문화동,중상사고,0,1,0,0,차대사람 - 기타,안전운전불이행,건조,맑음,교차로 - 교차로안,승용,남,73세,상해없음,보행자,여,49세,중상
2014101000100537,2014년 10월 10일 18시,금요일,충청북도 제천시 청전동,중상사고,0,1,1,0,차대사람 - 횡단중,보행자보호의무위반,건조,맑음,단일로 - 횡단보도상,승용,남,46세,상해없음,보행자,여,26세,중상
2014101000100596,2014년 10월 10일 19시,금요일,충청북도 영동군 학산면,중상사고,0,1,0,0,차대차 - 기타,안전운전불이행,건조,맑음,단일로 - 기타,기타불명,기타불명,기타불명,기타불명,원동기,여,54세,중상
2014101000100597,2014년 10월 10일 19시,금요일,충청북도 음성군 금왕읍,경상사고,0,0,6,0,차대차 - 추돌 - 주정차중,안전거리미확보,건조,맑음,단일로 - 기타,화물,남,30세,상해없음,화물,남,33세,경상
2014101000100598,2014년 10월 10일 19시,금요일,충청북도 단양군 단양읍,중상사고,0,1,0,0,차대사람 - 차도통행중,안전운전불이행,건조,맑음,단일로 - 기타,승용,남,62세,상해없음,보행자,여,88세,중상
2014101000100643,2014년 10월 10일 20시,금요일,충청북도 음성군 생극면,경상사고,0,0,2,0,차대차 - 기타,안전운전불이행,건조,맑음,교차로 - 교차로안,승용,남,50세,경상,승용,남,53세,경상
2014101000100644,2014년 10월 10일 20시,금요일,충청북도 청주시 흥덕구 송정동,경상사고,0,0,2,0,차대차 - 추돌 - 주정차중,안전운전불이행,건조,맑음,교차로 - 교차로안,승용,남,30세,상해없음,승용,남,34세,경상
2014101000100670,2014년 10월 10일 21시,금요일,충청북도 진천군 광혜원면,중상사고,0,1,0,0,차대차 - 측면직각충돌,교차로운행방법위반,건조,맑음,교차로 - 교차로안,승용,여,25세,상해없음,이륜,여,57세,중상
2014101000100671,2014년 10월 10일 21시,금요일,충청북도 청주시 상당구 탑동,경상사고,0,0,1,0,차대차 - 정면충돌,안전운전불이행,건조,맑음,교차로 - 교차로부근,승용,여,49세,상해없음,이륜,남,18세,경상
2014101000100705,2014년 10월 10일 22시,금요일,충청북도 청주시 흥덕구 봉명동,경상사고,0,0,1,0,차대차 - 측면직각충돌,불법유턴,건조,맑음,교차로 - 교차로안,승용,남,51세,상해없음,승용,남,30세,상해없음
2014101100100015,2014년 10월 11일 00시,토요일,충청북도 청주시 서원구 사직동,경상사고,0,0,6,0,차대차 - 기타,안전운전불이행,건조,맑음,교차로 - 교차로부근,승용,남,25세,상해없음,승용,여,50세,경상
2014101100100044,2014년 10월 11일 02시,토요일,충청북도 청주시 흥덕구 복대동,중상사고,0,1,2,0,차대차 - 추돌 - 진행중,안전운전불이행,건조,맑음,교차로 - 교차로안,승용,남,40세,상해없음,승용,여,36세,중상
2014101100100098,2014년 10월 11일 06시,토요일,충청북도 청주시 서원구 모충동,경상사고,0,0,3,0,차대차 - 정면충돌,중앙선침범,건조,맑음,단일로 - 기타,승용,남,27세,상해없음,승용,여,39세,기타불명
2014101100100131,2014년 10월 11일 08시,토요일,충청북도 제천시 봉양읍,중상사고,0,1,2,0,차대차 - 기타,안전거리미확보,건조,맑음,교차로 - 교차로부근,승용,남,42세,상해없음,승용,남,54세,경상
2014101100100159,2014년 10월 11일 09시,토요일,충청북도 청주시 상당구 용암동,중상사고,0,1,0,0,차대사람 - 기타,안전운전불이행,건조,맑음,교차로 - 교차로안,승합,남,52세,상해없음,보행자,남,73세,중상
2014101100100188,2014년 10월 11일 10시,토요일,충청북도 충주시 금릉동,부상신고사고,0,0,0,1,차대차 - 기타,안전운전불이행,건조,맑음,교차로 - 교차로부근,이륜,남,76세,부상신고,승용,남,48세,상해없음
2014101100100221,2014년 10월 11일 11시,토요일,충청북도 청주시 청원구 내수읍,중상사고,0,2,0,0,차대차 - 기타,교차로운행방법위반,건조,맑음,교차로 - 교차로안,승합,남,40세,상해없음,농기계,남,71세,중상
2014101100100262,2014년 10월 11일 12시,토요일,충청북도 청주시 서원구 개신동,경상사고,0,0,2,0,차대차 - 측면직각충돌,안전운전불이행,건조,맑음,단일로 - 기타,원동기,남,24세,경상,승용,여,29세,경상
2014101100100291,2014년 10월 11일 13시,토요일,충청북도 단양군 대강면,경상사고,0,0,2,0,차대차 - 기타,안전운전불이행,건조,맑음,교차로 - 교차로안,승용,남,72세,상해없음,승용,남,62세,경상
2014101100100292,2014년 10월 11일 13시,토요일,충청북도 청주시 흥덕구 봉명동,경상사고,0,0,2,0,차대차 - 측면직각충돌,안전운전불이행,건조,맑음,교차로 - 교차로안,승용,여,56세,상해없음,승용,남,52세,경상
2014101100100326,2014년 10월 11일 14시,토요일,충청북도 음성군 대소면,경상사고,0,0,2,0,차대차 - 기타,안전운전불이행,건조,맑음,단일로 - 기타,승용,남,46세,경상,승용,남,45세,경상
2014101100100416,2014년 10월 11일 16시,토요일,충청북도 청주시 청원구 우암동,경상사고,0,0,1,0,차대차 - 기타,안전운전불이행,건조,맑음,교차로 - 교차로부근,승용,남,59세,상해없음,화물,남,44세,경상
2014101100100417,2014년 10월 11일 16시,토요일,충청북도 제천시 의림동,경상사고,0,0,5,0,차대차 - 측면직각충돌,직진우회전진행방해,건조,맑음,교차로 - 교차로안,승용,여,35세,경상,승용,남,48세,경상
2014101100100418,2014년 10월 11일 16시,토요일,충청북도 청주시 흥덕구 복대동,경상사고,0,0,2,0,차대차 - 측면직각충돌,안전운전불이행,건조,맑음,단일로 - 기타,승용,남,55세,상해없음,승합,남,31세,경상
2014101100100420,2014년 10월 11일 16시,토요일,충청북도 청주시 흥덕구 강내면,경상사고,0,0,4,0,차대차 - 추돌 - 진행중,안전운전불이행,건조,맑음,단일로 - 기타,승용,남,22세,상해없음,승용,여,31세,경상
2014101100100459,2014년 10월 11일 17시,토요일,충청북도 제천시 화산동,중상사고,0,2,0,0,차대차 - 기타,기타,건조,맑음,교차로 - 교차로안,화물,여,66세,중상,승용,여,60세,중상
2014101100100506,2014년 10월 11일 18시,토요일,충청북도 청주시 청원구 오창읍,경상사고,0,0,1,0,차대차 - 기타,안전운전불이행,건조,맑음,단일로 - 기타,화물,여,22세,상해없음,이륜,남,54세,경상
2014101100100507,2014년 10월 11일 18시,토요일,충청북도 충주시 금릉동,중상사고,0,1,0,0,차대사람 - 기타,안전운전불이행,건조,맑음,단일로 - 기타,승용,여,34세,상해없음,보행자,남,75세,중상
2014101100100510,2014년 10월 11일 18시,토요일,충청북도 청주시 서원구 남이면,경상사고,0,0,4,0,차대차 - 추돌 - 진행중,안전운전불이행,건조,맑음,단일로 - 기타,승용,남,28세,상해없음,승용,여,70세,경상
2014101100100549,2014년 10월 11일 19시,토요일,충청북도 충주시 연수동,경상사고,0,0,1,0,차대차 - 기타,안전운전불이행,건조,맑음,기타 - 기타,승용,남,51세,상해없음,이륜,남,38세,경상
2014101100100550,2014년 10월 11일 19시,토요일,충청북도 충주시 금릉동,경상사고,0,0,1,0,차대차 - 추돌 - 진행중,안전거리미확보,건조,맑음,교차로 - 교차로부근,승용,남,28세,상해없음,승용,남,53세,경상
2014101100100551,2014년 10월 11일 19시,토요일,충청북도 제천시 청전동,중상사고,0,1,0,0,차대사람 - 기타,안전운전불이행,건조,맑음,기타 - 기타,승용,남,67세,상해없음,보행자,여,60세,중상
2014101100100552,2014년 10월 11일 19시,토요일,충청북도 증평군 증평읍,경상사고,0,0,1,0,차대사람 - 기타,안전운전불이행,건조,맑음,기타 - 기타,승용,여,43세,상해없음,보행자,남,40세,경상
2014101100100624,2014년 10월 11일 21시,토요일,충청북도 청주시 서원구 사직동,경상사고,0,0,2,0,차대차 - 기타,안전운전불이행,건조,맑음,교차로 - 교차로부근,승용,여,50세,상해없음,화물,남,29세,경상
2014101100100625,2014년 10월 11일 21시,토요일,충청북도 충주시 호암동,경상사고,0,0,2,0,차대차 - 기타,신호위반,건조,맑음,교차로 - 교차로부근,승용,남,32세,상해없음,승용,여,50세,경상
2014101100100626,2014년 10월 11일 21시,토요일,충청북도 청주시 상당구 석교동,경상사고,0,0,1,0,차대차 - 추돌 - 진행중,안전운전불이행,건조,맑음,단일로 - 기타,승합,남,53세,상해없음,화물,여,51세,경상
2014101100100652,2014년 10월 11일 22시,토요일,충청북도 청주시 서원구 성화동,경상사고,0,0,1,0,차대차 - 측면직각충돌,안전운전불이행,건조,맑음,교차로 - 교차로안,승용,여,32세,상해없음,승용,남,48세,경상
2014101100100653,2014년 10월 11일 22시,토요일,충청북도 청주시 상당구 용암동,경상사고,0,0,1,0,차대차 - 기타,기타,건조,맑음,단일로 - 기타,승용,남,53세,상해없음,이륜,남,19세,경상
2014101200100013,2014년 10월 12일 00시,일요일,충청북도 청주시 흥덕구 가경동,중상사고,0,1,4,0,차대차 - 측면직각충돌,교차로운행방법위반,건조,맑음,교차로 - 교차로안,승용,남,47세,경상,승용,남,44세,경상
2014101200100094,2014년 10월 12일 06시,일요일,충청북도 충주시 성내동,중상사고,0,1,0,0,차대차 - 기타,신호위반,건조,맑음,교차로 - 교차로안,승용,여,52세,상해없음,승용,남,44세,중상
2014101200100232,2014년 10월 12일 13시,일요일,충청북도 청주시 청원구 우암동,중상사고,0,1,1,0,차대차 - 측면직각충돌,안전운전불이행,건조,맑음,단일로 - 기타,승용,남,56세,상해없음,원동기,남,18세,경상
2014101200100233,2014년 10월 12일 13시,일요일,충청북도 청주시 흥덕구 운천동,경상사고,0,0,1,0,차대차 - 측면직각충돌,교차로운행방법위반,건조,맑음,교차로 - 교차로안,이륜,남,58세,경상,승용,남,36세,상해없음
2014101200100234,2014년 10월 12일 13시,일요일,충청북도 청주시 서원구 수곡동,중상사고,0,1,0,0,차대차 - 측면직각충돌,안전운전불이행,건조,맑음,교차로 - 교차로안,승용,남,33세,상해없음,자전거,남,10세,중상
2014101200100258,2014년 10월 12일 14시,일요일,충청북도 제천시 봉양읍,경상사고,0,0,1,0,차대차 - 기타,중앙선침범,건조,맑음,단일로 - 기타,승용,남,41세,상해없음,이륜,남,35세,경상
2014101200100321,2014년 10월 12일 16시,일요일,충청북도 청주시 상당구 용정동,경상사고,0,0,3,0,차대차 - 측면직각충돌,안전운전불이행,건조,맑음,단일로 - 기타,승용,남,55세,상해없음,승용,남,43세,경상
2014101200100360,2014년 10월 12일 17시,일요일,충청북도 충주시 문화동,경상사고,0,0,1,0,차대차 - 기타,기타,건조,맑음,단일로 - 기타,승용,여,40세,상해없음,승용,여,50세,경상
2014101200100398,2014년 10월 12일 18시,일요일,충청북도 영동군 양강면,사망사고,1,0,0,1,차대차 - 기타,안전운전불이행,건조,흐림,단일로 - 기타,화물,남,26세,부상신고,농기계,남,80세,사망
2014101200100399,2014년 10월 12일 18시,일요일,충청북도 음성군 대소면,중상사고,0,1,0,0,차대사람 - 기타,안전운전불이행,건조,맑음,교차로 - 교차로부근,승용,남,54세,상해없음,보행자,남,61세,중상
2014101200100402,2014년 10월 12일 18시,일요일,충청북도 청주시 서원구 현도면,경상사고,0,0,1,0,차대차 - 추돌 - 진행중,안전운전불이행,건조,맑음,단일로 - 기타,승용,남,23세,경상,승용,남,30세,상해없음
2014101200100457,2014년 10월 12일 19시,일요일,충청북도 제천시 장락동,경상사고,0,0,1,0,차대차 - 기타,안전거리미확보,건조,맑음,단일로 - 기타,승용,남,45세,상해없음,승용,남,27세,경상
2014101200100458,2014년 10월 12일 19시,일요일,충청북도 제천시 청전동,경상사고,0,0,1,0,차대차 - 기타,안전거리미확보,건조,맑음,단일로 - 기타,승용,남,32세,상해없음,원동기,남,21세,경상
2014101200100494,2014년 10월 12일 20시,일요일,충청북도 청주시 청원구 내덕동,경상사고,0,0,4,0,차대차 - 측면직각충돌,안전운전불이행,건조,맑음,단일로 - 기타,승용,남,29세,상해없음,승합,남,53세,상해없음
2014101200100533,2014년 10월 12일 21시,일요일,충청북도 청주시 흥덕구 강서동,경상사고,0,0,1,0,차대차 - 측면직각충돌,안전운전불이행,건조,맑음,교차로 - 교차로부근,승용,남,31세,기타불명,이륜,남,48세,경상
2014101200100572,2014년 10월 12일 22시,일요일,충청북도 충주시 교현동,경상사고,0,0,1,0,차대차 - 추돌 - 진행중,교차로운행방법위반,건조,맑음,교차로 - 교차로부근,승용,남,50세,상해없음,원동기,남,51세,경상
2014101200100573,2014년 10월 12일 22시,일요일,충청북도 진천군 진천읍,경상사고,0,0,1,0,차대차 - 기타,안전운전불이행,건조,맑음,교차로 - 교차로부근,승용,남,49세,기타불명,원동기,남,17세,경상
2014101200100595,2014년 10월 12일 23시,일요일,충청북도 제천시 명동,중상사고,0,1,4,0,차대차 - 측면직각충돌,신호위반,건조,맑음,교차로 - 교차로안,화물,남,67세,상해없음,승용,남,41세,중상
2014101300100046,2014년 10월 13일 03시,월요일,충청북도 청주시 흥덕구 신봉동,경상사고,0,0,2,0,차대차 - 추돌 - 주정차중,안전운전불이행,건조,맑음,단일로 - 기타,승용,남,25세,경상,화물,남,61세,기타불명
2014101300100090,2014년 10월 13일 06시,월요일,충청북도 청주시 청원구 주중동,중상사고,0,1,0,0,차대사람 - 횡단중,안전운전불이행,건조,맑음,단일로 - 기타,승용,남,56세,상해없음,보행자,여,82세,중상
2014101300100091,2014년 10월 13일 06시,월요일,충청북도 청주시 청원구 내덕동,경상사고,0,0,1,0,차대사람 - 기타,신호위반,습기,비,교차로 - 교차로부근,승용,남,71세,상해없음,보행자,여,49세,경상
2014101300100118,2014년 10월 13일 07시,월요일,충청북도 충주시 성남동,경상사고,0,0,1,0,차대사람 - 기타,안전운전불이행,건조,맑음,단일로 - 기타,화물,남,30세,상해없음,보행자,여,45세,경상
2014101300100119,2014년 10월 13일 07시,월요일,충청북도 청주시 흥덕구 가경동,경상사고,0,0,2,0,차대차 - 기타,교차로운행방법위반,건조,맑음,교차로 - 교차로안,승용,남,49세,상해없음,승용,여,44세,경상
2014101300100162,2014년 10월 13일 08시,월요일,충청북도 청주시 상당구 영동,경상사고,0,0,1,0,차대차 - 측면직각충돌,안전운전불이행,건조,맑음,교차로 - 교차로안,자전거,여,46세,경상,승용,여,27세,상해없음
2014101300100163,2014년 10월 13일 08시,월요일,충청북도 청주시 청원구 오창읍,중상사고,0,1,0,0,차대차 - 기타,안전운전불이행,건조,맑음,교차로 - 교차로부근,화물,남,79세,상해없음,화물,남,59세,중상
2014101300100164,2014년 10월 13일 08시,월요일,충청북도 충주시 금릉동,중상사고,0,1,0,0,차대차 - 기타,안전운전불이행,건조,맑음,기타 - 기타,승용,여,44세,상해없음,자전거,남,78세,중상
2014101300100165,2014년 10월 13일 08시,월요일,충청북도 청주시 서원구 분평동,경상사고,0,0,2,0,차대차 - 기타,안전운전불이행,건조,맑음,단일로 - 기타,승용,남,34세,경상,승용,남,26세,경상
2014101300100212,2014년 10월 13일 09시,월요일,충청북도 음성군 금왕읍,경상사고,0,0,3,0,차대차 - 기타,교차로운행방법위반,건조,맑음,교차로 - 교차로안,승용,여,59세,경상,승용,남,51세,경상
2014101300100275,2014년 10월 13일 11시,월요일,충청북도 청주시 흥덕구 정봉동,경상사고,0,0,1,0,차대차 - 기타,안전운전불이행,건조,맑음,교차로 - 교차로안,화물,남,54세,상해없음,화물,남,46세,경상
2014101300100276,2014년 10월 13일 11시,월요일,충청북도 청주시 흥덕구 오송읍,경상사고,0,0,1,0,차량단독 - 공작물충돌,안전운전불이행,건조,맑음,교차로 - 교차로부근,원동기,남,79세,경상,,,,
2014101300100309,2014년 10월 13일 12시,월요일,충청북도 제천시 고암동,경상사고,0,0,1,0,차대차 - 측면직각충돌,안전거리미확보,건조,맑음,단일로 - 기타,승용,남,66세,상해없음,승용,여,45세,경상
2014101300100310,2014년 10월 13일 12시,월요일,충청북도 제천시 명동,중상사고,0,1,0,0,차대차 - 측면직각충돌,안전운전불이행,건조,맑음,단일로 - 기타,승용,남,54세,상해없음,화물,남,36세,중상
2014101300100311,2014년 10월 13일 12시,월요일,충청북도 청주시 서원구 개신동,경상사고,0,0,1,0,차대차 - 기타,안전운전불이행,건조,맑음,교차로 - 교차로안,승용,여,65세,상해없음,승용,여,29세,상해없음
2014101300100359,2014년 10월 13일 13시,월요일,충청북도 충주시 단월동,중상사고,0,1,1,0,차대차 - 기타,기타,건조,맑음,교차로 - 교차로안,승용,남,53세,상해없음,이륜,남,22세,경상
2014101300100360,2014년 10월 13일 13시,월요일,충청북도 청주시 흥덕구 신봉동,경상사고,0,0,2,0,차대차 - 기타,안전운전불이행,건조,맑음,교차로 - 교차로부근,승용,남,66세,상해없음,승용,여,47세,경상
2014101300100389,2014년 10월 13일 14시,월요일,충청북도 충주시 용산동,부상신고사고,0,0,0,1,차대차 - 기타,안전운전불이행,건조,맑음,단일로 - 기타,원동기,남,57세,부상신고,화물,남,43세,상해없음
2014101300100427,2014년 10월 13일 15시,월요일,충청북도 진천군 문백면,중상사고,0,2,0,0,차대차 - 추돌 - 진행중,안전운전불이행,건조,맑음,단일로 - 기타,화물,남,74세,상해없음,승용,여,51세,중상
2014101300100473,2014년 10월 13일 16시,월요일,충청북도 충주시 지현동,중상사고,0,1,1,0,차대차 - 기타,안전운전불이행,건조,맑음,단일로 - 기타,이륜,남,38세,중상,자전거,남,75세,경상
2014101300100506,2014년 10월 13일 17시,월요일,충청북도 음성군 감곡면,중상사고,0,1,0,0,차대사람 - 기타,안전운전불이행,건조,맑음,단일로 - 기타,승용,남,61세,상해없음,보행자,여,50세,중상
2014101300100507,2014년 10월 13일 17시,월요일,충청북도 단양군 매포읍,경상사고,0,0,3,0,차대차 - 기타,직진우회전진행방해,건조,맑음,교차로 - 교차로안,승용,남,39세,경상,승용,여,37세,경상
2014101300100553,2014년 10월 13일 18시,월요일,충청북도 충주시 지현동,중상사고,0,1,0,0,차대차 - 측면직각충돌,중앙선침범,건조,맑음,단일로 - 기타,자전거,남,68세,중상,승용,남,35세,상해없음
2014101300100554,2014년 10월 13일 18시,월요일,충청북도 충주시 대소원면,중상사고,0,1,0,0,차대사람 - 기타,안전운전불이행,기타,맑음,기타 - 기타,승용,기타불명,기타불명,기타불명,보행자,남,59세,중상
2014101300100555,2014년 10월 13일 18시,월요일,충청북도 음성군 생극면,중상사고,0,4,6,0,차대차 - 기타,차로위반,건조,맑음,단일로 - 기타,화물,남,57세,상해없음,승합,남,28세,경상
2014101300100556,2014년 10월 13일 18시,월요일,충청북도 청주시 상당구 금천동,경상사고,0,0,1,0,차대차 - 추돌 - 주정차중,안전운전불이행,건조,맑음,교차로 - 교차로부근,승합,남,24세,상해없음,승용,여,41세,경상
2014101300100597,2014년 10월 13일 19시,월요일,충청북도 충주시 주덕읍,중상사고,0,1,0,0,차대차 - 측면직각충돌,안전거리미확보,건조,맑음,단일로 - 기타,화물,남,44세,상해없음,승용,여,63세,중상
2014101300100598,2014년 10월 13일 19시,월요일,충청북도 제천시 장락동,경상사고,0,0,1,0,차대차 - 기타,안전운전불이행,건조,맑음,교차로 - 교차로안,승용,여,55세,상해없음,승용,남,50세,경상
2014101300100638,2014년 10월 13일 20시,월요일,충청북도 충주시 교현동,경상사고,0,0,4,0,차대차 - 측면직각충돌,직진우회전진행방해,건조,맑음,교차로 - 교차로안,원동기,여,31세,경상,원동기,남,17세,경상
2014101300100639,2014년 10월 13일 20시,월요일,충청북도 청주시 흥덕구 가경동,경상사고,0,0,2,0,차대차 - 기타,안전거리미확보,건조,맑음,단일로 - 기타,승용,남,61세,상해없음,승용,남,57세,경상
2014101300100657,2014년 10월 13일 21시,월요일,충청북도 청주시 상당구 용암동,경상사고,0,0,1,0,차대사람 - 기타,기타,건조,기타,단일로 - 기타,승용,남,64세,상해없음,보행자,남,45세,경상
2014101300100688,2014년 10월 13일 22시,월요일,충청북도 청주시 청원구 오창읍,중상사고,0,2,0,0,차대차 - 기타,신호위반,건조,맑음,교차로 - 교차로안,승용,남,36세,상해없음,승합,남,40세,중상
2014101300100689,2014년 10월 13일 22시,월요일,충청북도 청주시 흥덕구 복대동,중상사고,0,2,0,0,차대차 - 측면직각충돌,교차로운행방법위반,건조,맑음,교차로 - 교차로안,승용,남,22세,중상,승용,남,43세,중상
2014101400100039,2014년 10월 14일 02시,화요일,충청북도 제천시 영천동,중상사고,0,2,0,0,차대차 - 측면직각충돌,신호위반,건조,맑음,교차로 - 교차로안,승용,남,53세,상해없음,승용,남,60세,중상
2014101400100040,2014년 10월 14일 02시,화요일,충청북도 제천시 장락동,부상신고사고,0,0,0,1,차대차 - 추돌 - 주정차중,안전운전불이행,건조,맑음,단일로 - 기타,원동기,남,16세,부상신고,특수,남,46세,상해없음
2014101400100041,2014년 10월 14일 02시,화요일,충청북도 청주시 흥덕구 가경동,경상사고,0,0,2,0,차대차 - 기타,신호위반,건조,맑음,교차로 - 교차로안,승용,남,29세,상해없음,승용,남,30세,경상
2014101400100094,2014년 10월 14일 07시,화요일,충청북도 충주시 단월동,경상사고,0,0,1,0,차대차 - 기타,안전운전불이행,건조,맑음,기타 - 기타,자전거,기타불명,기타불명,기타불명,자전거,남,10세,경상
2014101400100141,2014년 10월 14일 08시,화요일,충청북도 충주시 교현동,중상사고,0,1,0,0,차대차 - 기타,교차로운행방법위반,건조,맑음,교차로 - 교차로부근,원동기,남,75세,중상,승합,남,51세,상해없음