사고번호,사고일시,요일,시군구,사고내용,사망자수,중상자수,경상자수,부상신고자수,사고유형,법규위반,노면상태,기상상태,도로형태,가해운전자 차종,가해운전자 성별,가해운전자 연령,가해운전자 상해정도,피해운전자 차종,피해운전자 성별,피해운전자 연령,피해운전자 상해정도
2014102600100332,2014년 10월 26일 16시,일요일,충청북도 증평군 증평읍,중상사고,0,1,0,0,차대차 - 기타,안전운전불이행,건조,맑음,단일로 - 기타,승용,여,65세,상해없음,자전거,남,63세,중상
2014102600100369,2014년 10월 26일 17시,일요일,충청북도 청주시 흥덕구 복대동,경상사고,0,0,1,0,차대사람 - 기타,안전운전불이행,건조,맑음,단일로 - 기타,화물,남,58세,상해없음,보행자,남,40세,경상
2014102600100411,2014년 10월 26일 18시,일요일,충청북도 청주시 청원구 율량동,경상사고,0,0,1,0,차대차 - 기타,안전운전불이행,건조,맑음,단일로 - 기타,승용,남,29세,상해없음,승합,남,57세,상해없음
2014102600100412,2014년 10월 26일 18시,일요일,충청북도 청주시 서원구 남이면,경상사고,0,0,1,0,차대차 - 추돌 - 주정차중,안전운전불이행,건조,맑음,단일로 - 기타,승용,남,59세,상해없음,승용,여,41세,상해없음
2014102600100553,2014년 10월 26일 22시,일요일,충청북도 괴산군 칠성면,중상사고,0,1,1,0,차대차 - 측면직각충돌,안전운전불이행,건조,맑음,교차로 - 교차로안,승용,남,34세,경상,승용,남,31세,중상
2014102700100011,2014년 10월 27일 00시,월요일,충청북도 청주시 서원구 분평동,중상사고,0,1,0,0,차대차 - 추돌 - 주정차중,안전거리미확보,건조,맑음,단일로 - 기타,승용,남,34세,상해없음,화물,남,57세,중상
2014102700100032,2014년 10월 27일 02시,월요일,충청북도 청주시 서원구 현도면,중상사고,0,1,0,0,차량단독 - 공작물충돌,안전운전불이행,건조,맑음,단일로 - 기타,승용,남,49세,중상,,,,
2014102700100120,2014년 10월 27일 08시,월요일,충청북도 제천시 청전동,경상사고,0,0,1,0,차대차 - 기타,직진우회전진행방해,건조,맑음,교차로 - 교차로안,화물,남,78세,상해없음,승용,여,44세,경상
2014102700100121,2014년 10월 27일 08시,월요일,충청북도 음성군 생극면,경상사고,0,0,2,0,차대차 - 추돌 - 진행중,과속,건조,맑음,교차로 - 교차로안,화물,남,44세,경상,화물,남,67세,경상
2014102700100161,2014년 10월 27일 09시,월요일,충청북도 청주시 상당구 금천동,경상사고,0,0,1,0,차대차 - 추돌 - 진행중,안전거리미확보,건조,맑음,교차로 - 교차로안,승용,남,58세,상해없음,승용,여,27세,경상
2014102700100162,2014년 10월 27일 09시,월요일,충청북도 청주시 상당구 금천동,경상사고,0,0,1,0,차대차 - 기타,안전운전불이행,건조,맑음,교차로 - 교차로안,이륜,남,35세,경상,승용,남,38세,상해없음
2014102700100205,2014년 10월 27일 10시,월요일,충청북도 옥천군 옥천읍,중상사고,0,1,0,0,차대사람 - 기타,안전운전불이행,건조,맑음,교차로 - 교차로안,승합,남,19세,상해없음,보행자,남,76세,중상
2014102700100237,2014년 10월 27일 11시,월요일,충청북도 청주시 청원구 내덕동,경상사고,0,0,1,0,차대차 - 추돌 - 진행중,안전운전불이행,건조,맑음,교차로 - 교차로부근,이륜,남,44세,상해없음,승용,남,41세,경상
2014102700100238,2014년 10월 27일 11시,월요일,충청북도 제천시 신백동,경상사고,0,0,2,0,차대차 - 기타,직진우회전진행방해,건조,맑음,교차로 - 교차로안,승용,여,45세,상해없음,화물,남,50세,경상
2014102700100273,2014년 10월 27일 12시,월요일,충청북도 청주시 청원구 내수읍,중상사고,0,1,0,0,차대차 - 측면직각충돌,안전운전불이행,건조,맑음,단일로 - 기타,화물,남,51세,중상,건설기계,남,51세,상해없음
2014102700100274,2014년 10월 27일 12시,월요일,충청북도 음성군 대소면,중상사고,0,1,0,0,차대차 - 추돌 - 진행중,안전운전불이행,건조,맑음,단일로 - 기타,승합,남,24세,상해없음,승용,남,61세,중상
2014102700100311,2014년 10월 27일 13시,월요일,충청북도 단양군 단양읍,중상사고,0,2,4,0,차대차 - 측면직각충돌,안전운전불이행,건조,맑음,교차로 - 교차로안,승합,남,57세,상해없음,승합,남,62세,상해없음
2014102700100312,2014년 10월 27일 13시,월요일,충청북도 청주시 상당구 금천동,경상사고,0,0,1,0,차대차 - 기타,안전운전불이행,건조,맑음,단일로 - 기타,승용,여,40세,상해없음,승용,여,37세,경상
2014102700100313,2014년 10월 27일 13시,월요일,충청북도 청주시 서원구 남이면,사망사고,1,1,0,0,차대차 - 추돌 - 진행중,안전운전불이행,건조,맑음,단일로 - 기타,화물,남,34세,사망,화물,남,51세,중상
2014102700100314,2014년 10월 27일 13시,월요일,충청북도 청주시 서원구 남이면,경상사고,0,0,1,0,차대차 - 추돌 - 진행중,안전운전불이행,건조,맑음,단일로 - 기타,특수,남,61세,기타불명,특수,남,53세,경상
2014102700100386,2014년 10월 27일 15시,월요일,충청북도 진천군 문백면,경상사고,0,0,2,0,차대차 - 측면직각충돌,교차로운행방법위반,건조,맑음,교차로 - 교차로안,승용,남,40세,상해없음,승용,여,60세,경상
2014102700100521,2014년 10월 27일 18시,월요일,충청북도 충주시 연수동,경상사고,0,0,1,0,차대차 - 추돌 - 진행중,안전거리미확보,건조,맑음,단일로 - 기타,승용,남,48세,상해없음,승용,여,37세,경상
2014102700100522,2014년 10월 27일 18시,월요일,충청북도 제천시 화산동,경상사고,0,0,1,0,차대차 - 기타,기타,건조,맑음,단일로 - 기타,승용,남,57세,상해없음,승용,남,51세,경상
2014102700100523,2014년 10월 27일 18시,월요일,충청북도 청주시 흥덕구 비하동,경상사고,0,0,3,0,차대차 - 측면직각충돌,교차로운행방법위반,건조,맑음,교차로 - 교차로안,승용,여,47세,상해없음,승용,여,38세,경상
2014102700100612,2014년 10월 27일 20시,월요일,충청북도 청주시 흥덕구 비하동,경상사고,0,0,1,0,차대차 - 측면직각충돌,안전거리미확보,건조,맑음,단일로 - 기타,승용,남,34세,상해없음,승합,남,59세,경상
2014102700100686,2014년 10월 27일 23시,월요일,충청북도 괴산군 괴산읍,경상사고,0,0,1,0,차대사람 - 기타,보행자보호의무위반,건조,맑음,단일로 - 기타,승용,남,32세,상해없음,보행자,여,19세,경상
2014102800100009,2014년 10월 28일 00시,화요일,충청북도 청주시 서원구 남이면,경상사고,0,0,1,0,차대차 - 추돌 - 진행중,안전운전불이행,건조,맑음,단일로 - 기타,승용,남,34세,상해없음,화물,남,44세,경상
2014102800100047,2014년 10월 28일 04시,화요일,충청북도 청주시 흥덕구 복대동,경상사고,0,0,1,0,차대차 - 추돌 - 주정차중,안전운전불이행,건조,맑음,교차로 - 교차로부근,승용,남,51세,상해없음,승용,남,35세,경상
2014102800100130,2014년 10월 28일 08시,화요일,충청북도 충주시 봉방동,부상신고사고,0,0,0,1,차대차 - 추돌 - 진행중,교차로운행방법위반,습기,안개,교차로 - 교차로안,화물,남,43세,부상신고,승용,남,29세,상해없음
2014102800100131,2014년 10월 28일 08시,화요일,충청북도 제천시 신백동,경상사고,0,0,1,0,차대차 - 기타,안전운전불이행,건조,맑음,교차로 - 교차로안,승용,여,35세,상해없음,화물,남,42세,경상
2014102800100132,2014년 10월 28일 08시,화요일,충청북도 청주시 흥덕구 봉명동,경상사고,0,0,1,0,차량단독 - 공작물충돌,안전운전불이행,건조,맑음,교차로 - 교차로부근,승용,여,38세,경상,,,,
2014102800100211,2014년 10월 28일 10시,화요일,충청북도 청주시 상당구 문의면,중상사고,0,1,0,0,차대사람 - 기타,기타,건조,맑음,단일로 - 기타,승용,남,58세,상해없음,보행자,여,78세,중상
2014102800100278,2014년 10월 28일 12시,화요일,충청북도 음성군 맹동면,경상사고,0,0,2,0,차대차 - 기타,교차로운행방법위반,건조,맑음,교차로 - 교차로안,승용,남,30세,경상,승용,남,69세,경상
2014102800100279,2014년 10월 28일 12시,화요일,충청북도 청주시 상당구 남문로1가동,경상사고,0,0,2,0,차대차 - 기타,안전운전불이행,건조,맑음,교차로 - 교차로부근,이륜,남,47세,경상,승용,남,45세,상해없음
2014102800100300,2014년 10월 28일 13시,화요일,충청북도 영동군 영동읍,중상사고,0,1,0,0,차대차 - 기타,안전운전불이행,건조,맑음,교차로 - 교차로안,승용,남,29세,상해없음,승용,남,44세,상해없음
2014102800100301,2014년 10월 28일 13시,화요일,충청북도 청주시 흥덕구 송정동,경상사고,0,0,1,0,차대차 - 기타,안전운전불이행,건조,맑음,교차로 - 교차로부근,승용,여,49세,상해없음,승용,여,53세,경상
2014102800100302,2014년 10월 28일 13시,화요일,충청북도 청주시 서원구 산남동,경상사고,0,0,1,0,차대사람 - 기타,안전운전불이행,건조,맑음,단일로 - 기타,승합,남,61세,상해없음,보행자,여,62세,경상
2014102800100370,2014년 10월 28일 15시,화요일,충청북도 음성군 대소면,중상사고,0,1,0,0,차대사람 - 기타,안전운전불이행,건조,맑음,기타 - 기타,건설기계,남,63세,기타불명,보행자,남,32세,중상
2014102800100371,2014년 10월 28일 15시,화요일,충청북도 청주시 흥덕구 오송읍,경상사고,0,0,1,0,차대차 - 정면충돌,신호위반,건조,맑음,교차로 - 교차로안,이륜,남,60세,경상,건설기계,남,41세,상해없음
2014102800100372,2014년 10월 28일 15시,화요일,충청북도 청주시 상당구 용암동,경상사고,0,0,1,0,차대차 - 기타,안전운전불이행,건조,맑음,기타 - 기타,승용,남,52세,상해없음,승용,남,38세,경상
2014102800100407,2014년 10월 28일 16시,화요일,충청북도 제천시 동현동,경상사고,0,0,1,0,차대차 - 추돌 - 주정차중,안전운전불이행,건조,맑음,단일로 - 기타,화물,남,28세,상해없음,승용,여,48세,경상
2014102800100439,2014년 10월 28일 17시,화요일,충청북도 제천시 하소동,중상사고,0,1,1,1,차대차 - 기타,안전운전불이행,건조,맑음,교차로 - 교차로안,승용,여,43세,상해없음,승용,여,57세,상해없음
2014102800100493,2014년 10월 28일 18시,화요일,충청북도 청주시 청원구 내수읍,중상사고,0,1,1,0,차대차 - 기타,안전운전불이행,건조,맑음,교차로 - 교차로부근,승용,남,48세,상해없음,승용,남,42세,경상
2014102800100555,2014년 10월 28일 19시,화요일,충청북도 청주시 청원구 오창읍,경상사고,0,0,1,0,차대차 - 측면직각충돌,안전운전불이행,건조,맑음,단일로 - 기타,화물,여,53세,상해없음,승용,남,27세,경상
2014102800100556,2014년 10월 28일 19시,화요일,충청북도 진천군 진천읍,중상사고,0,1,0,0,차대차 - 추돌 - 진행중,안전운전불이행,건조,맑음,교차로 - 교차로부근,화물,남,52세,상해없음,승용,여,51세,중상
2014102800100594,2014년 10월 28일 20시,화요일,충청북도 충주시 문화동,경상사고,0,0,1,0,차대차 - 기타,안전운전불이행,건조,맑음,교차로 - 교차로부근,승용,여,39세,상해없음,이륜,남,17세,경상
2014102800100595,2014년 10월 28일 20시,화요일,충청북도 충주시 교현동,경상사고,0,0,1,0,차대사람 - 횡단중,보행자보호의무위반,건조,맑음,단일로 - 기타,승용,남,32세,상해없음,보행자,남,9세,경상
2014102800100596,2014년 10월 28일 20시,화요일,충청북도 청주시 상당구 금천동,경상사고,0,0,1,0,차대차 - 측면직각충돌,차로위반,건조,맑음,교차로 - 교차로안,승용,남,54세,상해없음,이륜,남,18세,경상
2014102800100629,2014년 10월 28일 21시,화요일,충청북도 청주시 상당구 용암동,경상사고,0,0,1,0,차대차 - 기타,안전운전불이행,건조,맑음,단일로 - 기타,이륜,남,43세,상해없음,이륜,남,47세,경상
2014102800100697,2014년 10월 28일 23시,화요일,충청북도 청주시 청원구 내덕동,중상사고,0,1,0,0,차대사람 - 기타,안전운전불이행,건조,맑음,교차로 - 교차로안,기타불명,기타불명,기타불명,기타불명,보행자,남,58세,중상
2014102800100698,2014년 10월 28일 23시,화요일,충청북도 청주시 흥덕구 복대동,경상사고,0,0,2,0,차대차 - 기타,안전운전불이행,건조,맑음,단일로 - 기타,승용,남,24세,상해없음,승용,남,50세,경상
2014102800100699,2014년 10월 28일 23시,화요일,충청북도 청주시 상당구 지북동,경상사고,0,0,1,0,차대차 - 기타,안전운전불이행,건조,맑음,교차로 - 교차로부근,승용,여,48세,상해없음,승용,여,48세,경상
2014102900100093,2014년 10월 29일 07시,수요일,충청북도 청주시 흥덕구 강내면,경상사고,0,0,1,0,차대차 - 측면직각충돌,안전운전불이행,건조,맑음,단일로 - 기타,자전거,남,38세,경상,승용,남,49세,상해없음
2014102900100125,2014년 10월 29일 08시,수요일,충청북도 제천시 화산동,중상사고,0,1,0,0,차대사람 - 기타,안전운전불이행,건조,맑음,단일로 - 기타,승용,남,21세,상해없음,보행자,남,57세,중상
2014102900100158,2014년 10월 29일 09시,수요일,충청북도 음성군 삼성면,경상사고,0,0,2,0,차대차 - 기타,교차로운행방법위반,건조,맑음,교차로 - 교차로안,화물,남,42세,경상,화물,남,56세,경상
2014102900100188,2014년 10월 29일 10시,수요일,충청북도 청주시 서원구 사직동,중상사고,0,1,0,0,차대사람 - 횡단중,안전운전불이행,건조,맑음,단일로 - 기타,화물,남,34세,상해없음,보행자,여,65세,중상
2014102900100189,2014년 10월 29일 10시,수요일,충청북도 진천군 덕산면,경상사고,0,0,1,0,차대차 - 측면직각충돌,안전운전불이행,건조,맑음,단일로 - 기타,농기계,남,80세,경상,화물,남,24세,상해없음
2014102900100190,2014년 10월 29일 10시,수요일,충청북도 청주시 흥덕구 신전동,경상사고,0,0,1,0,차대차 - 추돌 - 진행중,안전운전불이행,건조,맑음,단일로 - 기타,화물,남,43세,상해없음,승용,남,48세,경상
2014102900100218,2014년 10월 29일 11시,수요일,충청북도 제천시 동현동,경상사고,0,0,1,0,차대차 - 기타,안전운전불이행,건조,맑음,교차로 - 교차로부근,승용,여,25세,상해없음,원동기,남,77세,경상
2014102900100219,2014년 10월 29일 11시,수요일,충청북도 청주시 흥덕구 봉명동,경상사고,0,0,1,0,차대차 - 측면직각충돌,안전운전불이행,건조,맑음,단일로 - 기타,승용,남,31세,상해없음,승용,여,43세,경상
2014102900100220,2014년 10월 29일 11시,수요일,충청북도 청주시 상당구 북문로1가동,경상사고,0,0,1,0,차대사람 - 차도통행중,안전운전불이행,건조,맑음,단일로 - 기타,승용,여,66세,기타불명,보행자,여,45세,경상
2014102900100252,2014년 10월 29일 12시,수요일,충청북도 청주시 흥덕구 오송읍,중상사고,0,1,0,0,차대차 - 측면직각충돌,과속,건조,맑음,교차로 - 교차로안,승용,남,32세,상해없음,자전거,남,72세,중상
2014102900100275,2014년 10월 29일 13시,수요일,충청북도 청주시 흥덕구 복대동,경상사고,0,0,1,0,차대차 - 추돌 - 진행중,안전운전불이행,건조,맑음,단일로 - 기타,승용,남,57세,상해없음,승용,남,57세,경상
2014102900100302,2014년 10월 29일 14시,수요일,충청북도 옥천군 옥천읍,경상사고,0,0,1,0,차대차 - 기타,안전운전불이행,건조,맑음,교차로 - 교차로부근,승용,남,55세,상해없음,승용,여,40세,경상
2014102900100303,2014년 10월 29일 14시,수요일,충청북도 청주시 서원구 개신동,경상사고,0,0,3,0,차대차 - 측면직각충돌,교차로운행방법위반,건조,맑음,교차로 - 교차로안,승용,남,74세,경상,승용,남,52세,경상
2014102900100329,2014년 10월 29일 15시,수요일,충청북도 단양군 적성면,중상사고,0,1,2,0,차대차 - 추돌 - 진행중,과속,건조,맑음,미분류 - 미분류,승용,남,43세,중상,승용,여,54세,경상
2014102900100364,2014년 10월 29일 16시,수요일,충청북도 청주시 청원구 내덕동,중상사고,0,1,2,0,차대차 - 측면직각충돌,교차로운행방법위반,건조,맑음,교차로 - 교차로안,승용,남,53세,경상,승용,여,38세,중상
2014102900100365,2014년 10월 29일 16시,수요일,충청북도 음성군 음성읍,중상사고,0,1,0,0,차대차 - 측면직각충돌,신호위반,건조,맑음,교차로 - 교차로안,승용,여,46세,상해없음,승용,여,28세,중상
2014102900100396,2014년 10월 29일 17시,수요일,충청북도 충주시 주덕읍,경상사고,0,0,1,0,차대차 - 측면직각충돌,안전운전불이행,건조,맑음,단일로 - 기타,승용,남,45세,상해없음,승용,남,33세,경상
2014102900100452,2014년 10월 29일 18시,수요일,충청북도 괴산군 칠성면,중상사고,0,1,0,1,차대차 - 추돌 - 진행중,안전운전불이행,건조,맑음,단일로 - 기타,승용,여,26세,부상신고,농기계,남,57세,중상
2014102900100516,2014년 10월 29일 19시,수요일,충청북도 증평군 도안면,경상사고,0,0,1,0,차대차 - 추돌 - 주정차중,중앙선침범,건조,맑음,단일로 - 기타,승용,여,43세,상해없음,승용,남,32세,경상
2014102900100517,2014년 10월 29일 19시,수요일,충청북도 청주시 상당구 금천동,경상사고,0,0,1,0,차대차 - 기타,안전운전불이행,건조,맑음,교차로 - 교차로부근,승용,남,48세,상해없음,승용,여,29세,경상
2014102900100545,2014년 10월 29일 20시,수요일,충청북도 제천시 장락동,중상사고,0,1,1,0,차대차 - 기타,안전거리미확보,건조,맑음,단일로 - 기타,승용,남,57세,상해없음,승용,남,46세,경상
2014102900100577,2014년 10월 29일 21시,수요일,충청북도 제천시 고암동,경상사고,0,0,2,0,차대차 - 측면직각충돌,중앙선침범,건조,맑음,단일로 - 기타,승용,남,46세,상해없음,승용,남,50세,경상
2014102900100617,2014년 10월 29일 22시,수요일,충청북도 청주시 흥덕구 오송읍,사망사고,1,0,0,0,차대차 - 추돌 - 진행중,안전운전불이행,건조,맑음,단일로 - 기타,화물,남,45세,상해없음,농기계,남,59세,사망
2014103000100040,2014년 10월 30일 02시,목요일,충청북도 청주시 흥덕구 석곡동,중상사고,0,2,0,0,차대차 - 측면직각충돌,안전운전불이행,건조,맑음,교차로 - 교차로안,승용,남,30세,상해없음,승용,남,47세,중상
2014103000100048,2014년 10월 30일 03시,목요일,충청북도 청주시 서원구 성화동,중상사고,0,1,1,0,차대차 - 측면직각충돌,신호위반,건조,맑음,교차로 - 교차로안,승용,여,28세,경상,승용,여,46세,중상
2014103000100078,2014년 10월 30일 06시,목요일,충청북도 제천시 봉양읍,중상사고,0,1,0,0,차대차 - 기타,신호위반,건조,맑음,교차로 - 교차로안,승용,남,57세,상해없음,승용,여,62세,중상
2014103000100079,2014년 10월 30일 06시,목요일,충청북도 제천시 고암동,경상사고,0,0,1,0,차대차 - 기타,안전운전불이행,건조,맑음,교차로 - 교차로부근,승용,남,59세,상해없음,승합,남,56세,경상
2014103000100080,2014년 10월 30일 06시,목요일,충청북도 음성군 금왕읍,경상사고,0,0,1,0,차대차 - 기타,안전거리미확보,건조,맑음,교차로 - 교차로부근,화물,남,69세,상해없음,승용,남,61세,경상
2014103000100103,2014년 10월 30일 07시,목요일,충청북도 충주시 대소원면,중상사고,0,1,0,0,차대차 - 추돌 - 진행중,신호위반,기타,맑음,교차로 - 교차로안,승용,남,45세,상해없음,승용,남,24세,중상
2014103000100104,2014년 10월 30일 07시,목요일,충청북도 진천군 이월면,경상사고,0,0,1,0,차대차 - 측면직각충돌,교차로운행방법위반,건조,맑음,교차로 - 교차로안,승용,남,42세,상해없음,승용,여,42세,경상
2014103000100139,2014년 10월 30일 08시,목요일,충청북도 충주시 살미면,경상사고,0,0,1,0,차대차 - 기타,안전운전불이행,건조,맑음,교차로 - 교차로부근,승용,남,79세,상해없음,승용,남,56세,경상
2014103000100140,2014년 10월 30일 08시,목요일,충청북도 증평군 증평읍,경상사고,0,0,2,0,차대차 - 기타,교차로운행방법위반,건조,맑음,교차로 - 교차로안,승용,남,20세,상해없음,승용,남,67세,경상
2014103000100141,2014년 10월 30일 08시,목요일,충청북도 청주시 상당구 금천동,중상사고,0,1,0,0,차대사람 - 횡단중,안전운전불이행,기타,기타,교차로 - 교차로안,승용,남,51세,상해없음,보행자,여,80세,중상
2014103000100173,2014년 10월 30일 09시,목요일,충청북도 제천시 남천동,경상사고,0,0,1,0,차대차 - 측면직각충돌,직진우회전진행방해,건조,맑음,교차로 - 교차로안,승용,여,61세,상해없음,승용,남,62세,경상
2014103000100174,2014년 10월 30일 09시,목요일,충청북도 청주시 상당구 남주동,경상사고,0,0,1,0,차대차 - 측면직각충돌,신호위반,건조,맑음,교차로 - 교차로안,승용,여,55세,경상,승용,남,32세,상해없음
2014103000100198,2014년 10월 30일 10시,목요일,충청북도 제천시 신월동,중상사고,0,2,1,1,차대차 - 측면직각충돌,안전운전불이행,건조,맑음,교차로 - 교차로안,승용,남,38세,상해없음,승용,여,32세,중상
2014103000100199,2014년 10월 30일 10시,목요일,충청북도 청주시 서원구 미평동,중상사고,0,1,0,0,차대차 - 측면직각충돌,안전운전불이행,건조,맑음,단일로 - 기타,이륜,남,70세,중상,승용,남,38세,상해없음
2014103000100260,2014년 10월 30일 12시,목요일,충청북도 충주시 충인동,중상사고,0,1,0,0,차대차 - 추돌 - 진행중,교차로운행방법위반,건조,맑음,교차로 - 교차로안,승용,남,72세,상해없음,자전거,남,80세,중상
2014103000100261,2014년 10월 30일 12시,목요일,충청북도 제천시 봉양읍,경상사고,0,0,2,0,차대차 - 측면직각충돌,안전운전불이행,건조,맑음,단일로 - 기타,농기계,남,78세,경상,승합,남,55세,상해없음
2014103000100282,2014년 10월 30일 13시,목요일,충청북도 청주시 흥덕구 오송읍,경상사고,0,0,1,0,차대차 - 추돌 - 주정차중,안전운전불이행,건조,맑음,교차로 - 교차로안,승용,남,60세,상해없음,승용,남,27세,경상
2014103000100314,2014년 10월 30일 14시,목요일,충청북도 진천군 이월면,중상사고,0,1,0,0,차대사람 - 기타,안전운전불이행,건조,맑음,기타 - 기타,승용,남,56세,상해없음,보행자,여,72세,중상
2014103000100370,2014년 10월 30일 16시,목요일,충청북도 충주시 산척면,경상사고,0,0,1,1,차대차 - 추돌 - 진행중,안전운전불이행,건조,맑음,단일로 - 기타,승용,남,59세,부상신고,건설기계,남,50세,경상
2014103000100411,2014년 10월 30일 17시,목요일,충청북도 청주시 청원구 율량동,경상사고,0,0,1,0,차대차 - 측면직각충돌,안전운전불이행,습기,비,교차로 - 교차로안,승합,남,46세,상해없음,승용,남,45세,경상
2014103000100412,2014년 10월 30일 17시,목요일,충청북도 제천시 화산동,중상사고,0,1,0,0,차대사람 - 기타,안전운전불이행,건조,맑음,단일로 - 기타,승용,여,46세,상해없음,보행자,여,68세,중상
2014103000100461,2014년 10월 30일 18시,목요일,충청북도 청주시 청원구 사천동,중상사고,0,1,0,0,차대차 - 기타,중앙선침범,건조,맑음,단일로 - 기타,승합,남,25세,상해없음,이륜,남,29세,중상
2014103000100462,2014년 10월 30일 18시,목요일,충청북도 증평군 증평읍,중상사고,0,1,0,0,차대사람 - 횡단중,안전운전불이행,건조,맑음,교차로 - 교차로안,화물,남,37세,상해없음,보행자,남,39세,중상
2014103000100463,2014년 10월 30일 18시,목요일,충청북도 청주시 서원구 남이면,경상사고,0,0,1,0,차대차 - 측면직각충돌,안전운전불이행,건조,맑음,교차로 - 교차로부근,승용,남,62세,상해없음,이륜,남,62세,경상
2014103000100518,2014년 10월 30일 19시,목요일,충청북도 영동군 영동읍,경상사고,0,0,1,0,차대차 - 기타,직진우회전진행방해,건조,맑음,교차로 - 교차로안,승용,여,58세,상해없음,승용,남,53세,상해없음
2014103000100553,2014년 10월 30일 20시,목요일,충청북도 충주시 성내동,중상사고,0,1,0,0,차대사람 - 기타,기타,건조,맑음,교차로 - 교차로부근,승용,여,49세,상해없음,보행자,여,62세,중상
2014103000100621,2014년 10월 30일 22시,목요일,충청북도 청주시 서원구 산남동,경상사고,0,0,1,0,차대차 - 측면직각충돌,안전운전불이행,건조,맑음,교차로 - 교차로안,이륜,남,19세,경상,승용,남,26세,상해없음
2014103100100029,2014년 10월 31일 01시,금요일,충청북도 청주시 청원구 사천동,경상사고,0,0,1,0,차대차 - 추돌 - 주정차중,안전운전불이행,건조,맑음,단일로 - 기타,승용,남,30세,상해없음,승용,남,48세,경상
2014103100100030,2014년 10월 31일 01시,금요일,충청북도 진천군 진천읍,중상사고,0,1,0,0,차량단독 - 공작물충돌,안전운전불이행,건조,맑음,단일로 - 기타,승용,남,33세,중상,,,,
2014103100100031,2014년 10월 31일 01시,금요일,충청북도 청주시 흥덕구 강내면,경상사고,0,0,1,0,차량단독 - 공작물충돌,안전운전불이행,습기,비,단일로 - 기타,승용,남,21세,상해없음,,,,
2014103100100041,2014년 10월 31일 02시,금요일,충청북도 청주시 서원구 사직동,중상사고,0,1,0,0,차대사람 - 횡단중,안전운전불이행,습기,비,단일로 - 기타,승용,남,51세,상해없음,보행자,여,72세,중상
2014103100100142,2014년 10월 31일 08시,금요일,충청북도 충주시 산척면,중상사고,0,1,0,1,차대차 - 추돌 - 진행중,직진우회전진행방해,습기,비,교차로 - 교차로안,승용,남,34세,부상신고,승용,남,69세,중상
2014103100100199,2014년 10월 31일 10시,금요일,충청북도 청주시 청원구 우암동,중상사고,0,1,1,0,차대차 - 측면직각충돌,안전운전불이행,건조,맑음,단일로 - 기타,승용,남,56세,상해없음,화물,남,52세,경상
2014103100100200,2014년 10월 31일 10시,금요일,충청북도 괴산군 문광면,중상사고,0,1,1,0,차량단독 - 전도전복,안전운전불이행,습기,비,단일로 - 기타,화물,남,52세,경상,,,,
2014103100100252,2014년 10월 31일 12시,금요일,충청북도 충주시 중앙탑면,경상사고,0,0,1,0,차대차 - 측면직각충돌,안전운전불이행,습기,비,단일로 - 기타,화물,남,39세,상해없음,승용,여,59세,경상
2014103100100253,2014년 10월 31일 12시,금요일,충청북도 제천시 청전동,경상사고,0,0,1,0,차대차 - 측면직각충돌,신호위반,습기,비,교차로 - 교차로안,승용,남,52세,상해없음,승용,남,25세,경상
2014103100100254,2014년 10월 31일 12시,금요일,충청북도 증평군 증평읍,중상사고,0,1,0,0,차대차 - 기타,신호위반,건조,맑음,교차로 - 교차로안,화물,남,68세,상해없음,화물,남,33세,중상
2014103100100361,2014년 10월 31일 16시,금요일,충청북도 청주시 흥덕구 복대동,경상사고,0,0,1,0,차대차 - 추돌 - 주정차중,안전운전불이행,건조,맑음,단일로 - 기타,이륜,남,17세,상해없음,승용,남,26세,경상
2014103100100401,2014년 10월 31일 17시,금요일,충청북도 충주시 충인동,중상사고,0,1,0,0,차대사람 - 횡단중,안전운전불이행,습기,비,단일로 - 기타,승용,남,45세,상해없음,보행자,여,59세,중상
2014103100100402,2014년 10월 31일 17시,금요일,충청북도 음성군 맹동면,중상사고,0,1,2,0,차대차 - 측면직각충돌,교차로운행방법위반,습기,비,교차로 - 교차로안,승합,남,53세,중상,화물,남,57세,경상
2014103100100403,2014년 10월 31일 17시,금요일,충청북도 음성군 감곡면,중상사고,0,1,1,0,차대차 - 기타,중앙선침범,건조,맑음,단일로 - 기타,승용,남,54세,상해없음,승용,여,43세,경상
2014103100100404,2014년 10월 31일 17시,금요일,충청북도 청주시 흥덕구 강내면,중상사고,0,1,0,0,차대사람 - 기타,안전운전불이행,건조,맑음,단일로 - 기타,승용,남,73세,상해없음,보행자,여,60세,중상
2014103100100405,2014년 10월 31일 17시,금요일,충청북도 청주시 흥덕구 신봉동,경상사고,0,0,4,0,차대차 - 측면직각충돌,안전거리미확보,건조,맑음,단일로 - 기타,승용,남,50세,상해없음,승용,남,70세,경상
2014103100100406,2014년 10월 31일 17시,금요일,충청북도 청주시 서원구 분평동,중상사고,0,1,1,0,차대차 - 기타,안전운전불이행,건조,맑음,교차로 - 교차로부근,승용,여,41세,상해없음,승합,남,36세,상해없음
2014103100100407,2014년 10월 31일 17시,금요일,충청북도 청주시 상당구 용암동,경상사고,0,0,1,0,차대차 - 기타,신호위반,습기,비,교차로 - 교차로안,승용,여,48세,상해없음,승용,남,24세,경상