사고번호,사고일시,요일,시군구,사고내용,사망자수,중상자수,경상자수,부상신고자수,사고유형,법규위반,노면상태,기상상태,도로형태,가해운전자 차종,가해운전자 성별,가해운전자 연령,가해운전자 상해정도,피해운전자 차종,피해운전자 성별,피해운전자 연령,피해운전자 상해정도
2014110400100486,2014년 11월 4일 17시,화요일,충청북도 청주시 청원구 우암동,경상사고,0,0,1,0,차대차 - 기타,안전운전불이행,건조,맑음,교차로 - 교차로부근,자전거,남,45세,경상,승용,여,41세,상해없음
2014110400100487,2014년 11월 4일 17시,화요일,충청북도 충주시 호암동,경상사고,0,0,1,0,차대사람 - 기타,안전운전불이행,건조,맑음,기타 - 기타,승용,남,47세,기타불명,보행자,여,17세,경상
2014110400100535,2014년 11월 4일 18시,화요일,충청북도 청주시 상당구 수동,중상사고,0,1,0,0,차대차 - 기타,안전운전불이행,건조,맑음,교차로 - 교차로안,승용,여,61세,상해없음,자전거,남,18세,중상
2014110400100536,2014년 11월 4일 18시,화요일,충청북도 제천시 화산동,중상사고,0,2,0,0,차대차 - 기타,안전운전불이행,건조,맑음,단일로 - 기타,화물,남,56세,상해없음,승용,남,61세,중상
2014110400100537,2014년 11월 4일 18시,화요일,충청북도 제천시 고암동,중상사고,0,1,6,0,차대차 - 기타,안전운전불이행,건조,맑음,단일로 - 기타,화물,남,40세,상해없음,승합,남,44세,중상
2014110400100538,2014년 11월 4일 18시,화요일,충청북도 음성군 원남면,경상사고,0,0,1,0,차대차 - 기타,안전운전불이행,건조,맑음,교차로 - 교차로안,승합,남,72세,상해없음,승용,여,47세,경상
2014110400100539,2014년 11월 4일 18시,화요일,충청북도 옥천군 옥천읍,경상사고,0,0,1,0,차량단독 - 공작물충돌,안전운전불이행,건조,맑음,단일로 - 기타,승용,남,57세,상해없음,,,,
2014110400100540,2014년 11월 4일 18시,화요일,충청북도 청주시 흥덕구 강내면,경상사고,0,0,1,0,차대차 - 측면직각충돌,안전운전불이행,건조,맑음,교차로 - 교차로안,승용,남,50세,상해없음,원동기,남,54세,경상
2014110400100621,2014년 11월 4일 20시,화요일,충청북도 청주시 흥덕구 운천동,중상사고,0,1,0,0,차대차 - 추돌 - 주정차중,안전운전불이행,건조,맑음,교차로 - 교차로부근,승용,여,40세,상해없음,승용,여,33세,중상
2014110400100657,2014년 11월 4일 21시,화요일,충청북도 충주시 엄정면,중상사고,0,1,0,0,차대차 - 추돌 - 진행중,중앙선침범,건조,맑음,단일로 - 기타,화물,남,59세,상해없음,승용,남,66세,중상
2014110500100015,2014년 11월 5일 00시,수요일,충청북도 음성군 대소면,경상사고,0,0,1,0,차량단독 - 기타,안전운전불이행,건조,맑음,단일로 - 기타,승용,남,33세,경상,,,,
2014110500100092,2014년 11월 5일 06시,수요일,충청북도 충주시 주덕읍,경상사고,0,0,1,0,차대차 - 측면직각충돌,신호위반,습기,안개,교차로 - 교차로안,승용,여,44세,상해없음,원동기,남,51세,경상
2014110500100165,2014년 11월 5일 08시,수요일,충청북도 청주시 청원구 사천동,경상사고,0,0,1,0,차대사람 - 횡단중,기타,건조,맑음,교차로 - 교차로안,승용,남,40세,상해없음,보행자,여,13세,경상
2014110500100166,2014년 11월 5일 08시,수요일,충청북도 제천시 백운면,경상사고,0,0,1,1,차대차 - 기타,안전운전불이행,기타,안개,단일로 - 기타,건설기계,남,27세,상해없음,화물,남,51세,경상
2014110500100220,2014년 11월 5일 09시,수요일,충청북도 영동군 학산면,중상사고,0,1,1,0,차대차 - 추돌 - 주정차중,안전운전불이행,건조,맑음,단일로 - 기타,화물,남,50세,경상,승용,남,64세,중상
2014110500100221,2014년 11월 5일 09시,수요일,충청북도 영동군 매곡면,중상사고,0,1,1,0,차대차 - 기타,직진우회전진행방해,건조,맑음,교차로 - 교차로안,화물,남,60세,경상,승용,여,43세,중상
2014110500100222,2014년 11월 5일 09시,수요일,충청북도 옥천군 옥천읍,경상사고,0,0,4,0,차대차 - 추돌 - 주정차중,안전운전불이행,습기,안개,교차로 - 교차로부근,화물,남,57세,상해없음,화물,남,63세,경상
2014110500100223,2014년 11월 5일 09시,수요일,충청북도 옥천군 옥천읍,사망사고,1,2,5,0,차대차 - 기타,안전운전불이행,건조,맑음,단일로 - 기타,화물,남,65세,경상,승용,남,47세,경상
2014110500100258,2014년 11월 5일 10시,수요일,충청북도 제천시 화산동,중상사고,0,1,0,0,차대사람 - 보도통행중,기타,건조,맑음,단일로 - 기타,원동기,남,22세,상해없음,보행자,여,76세,중상
2014110500100259,2014년 11월 5일 10시,수요일,충청북도 진천군 이월면,중상사고,0,1,0,0,차대차 - 정면충돌,신호위반,건조,맑음,교차로 - 교차로안,화물,남,43세,상해없음,이륜,남,54세,중상
2014110500100326,2014년 11월 5일 12시,수요일,충청북도 옥천군 옥천읍,중상사고,0,1,1,0,차대차 - 측면직각충돌,교차로운행방법위반,건조,맑음,교차로 - 교차로부근,화물,남,32세,상해없음,원동기,남,74세,중상
2014110500100355,2014년 11월 5일 13시,수요일,충청북도 괴산군 괴산읍,부상신고사고,0,0,0,1,차대차 - 추돌 - 진행중,안전거리미확보,건조,맑음,단일로 - 기타,이륜,남,71세,부상신고,승용,남,71세,상해없음
2014110500100356,2014년 11월 5일 13시,수요일,충청북도 보은군 보은읍,경상사고,0,0,2,0,차대차 - 측면직각충돌,교차로운행방법위반,건조,맑음,교차로 - 교차로안,원동기,남,46세,상해없음,원동기,여,30세,경상
2014110500100450,2014년 11월 5일 16시,수요일,충청북도 청주시 흥덕구 송정동,중상사고,0,1,0,0,차대차 - 기타,안전거리미확보,건조,맑음,교차로 - 교차로부근,승용,여,46세,상해없음,원동기,남,48세,중상
2014110500100483,2014년 11월 5일 17시,수요일,충청북도 청주시 청원구 우암동,경상사고,0,0,1,0,차대차 - 기타,안전운전불이행,건조,맑음,교차로 - 교차로부근,자전거,남,71세,경상,승용,여,35세,상해없음
2014110500100484,2014년 11월 5일 17시,수요일,충청북도 청주시 상당구 남일면,경상사고,0,0,2,0,차량단독 - 기타,안전운전불이행,건조,맑음,교차로 - 교차로부근,승합,남,44세,상해없음,,,,
2014110500100485,2014년 11월 5일 17시,수요일,충청북도 청주시 서원구 분평동,경상사고,0,0,2,0,차대차 - 기타,안전운전불이행,건조,맑음,단일로 - 기타,승용,여,48세,상해없음,승용,여,33세,경상
2014110500100533,2014년 11월 5일 18시,수요일,충청북도 제천시 하소동,중상사고,0,1,0,0,차대사람 - 기타,안전운전불이행,건조,맑음,단일로 - 기타,승용,남,63세,상해없음,보행자,남,59세,중상
2014110500100534,2014년 11월 5일 18시,수요일,충청북도 음성군 음성읍,경상사고,0,0,1,0,차대차 - 기타,교차로운행방법위반,건조,맑음,교차로 - 교차로안,화물,남,60세,상해없음,승용,여,41세,경상
2014110500100535,2014년 11월 5일 18시,수요일,충청북도 진천군 덕산면,중상사고,0,1,0,0,차대차 - 측면직각충돌,교차로운행방법위반,건조,맑음,교차로 - 교차로안,화물,남,46세,상해없음,원동기,남,31세,중상
2014110500100536,2014년 11월 5일 18시,수요일,충청북도 청주시 흥덕구 복대동,경상사고,0,0,1,0,차대차 - 측면직각충돌,교차로운행방법위반,건조,맑음,교차로 - 교차로안,승용,여,39세,상해없음,원동기,남,42세,경상
2014110500100537,2014년 11월 5일 18시,수요일,충청북도 청주시 흥덕구 복대동,중상사고,0,1,0,0,차대차 - 기타,안전운전불이행,건조,맑음,교차로 - 교차로안,원동기,남,19세,상해없음,자전거,남,15세,중상
2014110500100538,2014년 11월 5일 18시,수요일,충청북도 청주시 서원구 수곡동,경상사고,0,0,1,0,차대사람 - 횡단중,안전운전불이행,건조,맑음,단일로 - 기타,승용,기타불명,기타불명,기타불명,보행자,남,14세,경상
2014110500100541,2014년 11월 5일 18시,수요일,충청북도 청주시 흥덕구 옥산면,경상사고,0,0,3,0,차대차 - 측면직각충돌,안전거리미확보,건조,맑음,단일로 - 기타,승용,남,28세,상해없음,승용,남,27세,경상
2014110500100593,2014년 11월 5일 19시,수요일,충청북도 음성군 삼성면,경상사고,0,0,1,0,차대차 - 기타,교차로운행방법위반,건조,맑음,교차로 - 교차로안,승용,남,44세,상해없음,승용,남,34세,경상
2014110500100594,2014년 11월 5일 19시,수요일,충청북도 청주시 흥덕구 강내면,중상사고,0,1,0,0,차대차 - 측면직각충돌,안전거리미확보,건조,맑음,단일로 - 기타,승용,남,32세,상해없음,원동기,남,49세,중상
2014110500100639,2014년 11월 5일 20시,수요일,충청북도 청주시 청원구 오창읍,중상사고,0,2,1,0,차대차 - 측면직각충돌,교차로운행방법위반,건조,맑음,교차로 - 교차로안,승용,남,20세,경상,승용,남,37세,중상
2014110500100640,2014년 11월 5일 20시,수요일,충청북도 청주시 흥덕구 복대동,중상사고,0,1,0,0,차대차 - 기타,안전운전불이행,건조,맑음,단일로 - 기타,승용,남,25세,상해없음,원동기,남,46세,중상
2014110500100677,2014년 11월 5일 21시,수요일,충청북도 충주시 소태면,중상사고,0,2,0,0,차대차 - 기타,안전운전불이행,건조,맑음,단일로 - 기타,원동기,남,46세,중상,농기계,남,55세,상해없음
2014110500100678,2014년 11월 5일 21시,수요일,충청북도 음성군 금왕읍,중상사고,0,1,0,0,차대차 - 기타,교차로운행방법위반,건조,맑음,교차로 - 교차로안,화물,남,59세,상해없음,승용,여,28세,중상
2014110500100711,2014년 11월 5일 22시,수요일,충청북도 청주시 서원구 사창동,중상사고,0,1,1,0,차대차 - 정면충돌,신호위반,건조,맑음,교차로 - 교차로안,승용,남,50세,상해없음,승용,남,61세,중상
2014110500100712,2014년 11월 5일 22시,수요일,충청북도 진천군 광혜원면,경상사고,0,0,1,0,차대사람 - 차도통행중,안전운전불이행,건조,맑음,단일로 - 기타,승용,남,48세,상해없음,보행자,남,57세,경상
2014110600100007,2014년 11월 6일 00시,목요일,충청북도 괴산군 장연면,경상사고,0,0,2,0,차대차 - 추돌 - 진행중,안전거리미확보,건조,맑음,단일로 - 기타,화물,남,42세,경상,화물,남,54세,경상
2014110600100031,2014년 11월 6일 03시,목요일,충청북도 청주시 흥덕구 강서동,경상사고,0,0,1,0,차대차 - 기타,안전운전불이행,건조,맑음,교차로 - 교차로안,승용,남,40세,상해없음,승합,남,32세,경상
2014110600100090,2014년 11월 6일 07시,목요일,충청북도 충주시 소태면,부상신고사고,0,0,0,1,차량단독 - 기타,안전운전불이행,건조,맑음,기타 - 기타,승용,남,44세,부상신고,,,,
2014110600100091,2014년 11월 6일 07시,목요일,충청북도 청주시 상당구 금천동,경상사고,0,0,2,0,차대차 - 기타,교차로운행방법위반,건조,맑음,교차로 - 교차로안,승용,여,40세,상해없음,승용,남,56세,경상
2014110600100221,2014년 11월 6일 11시,목요일,충청북도 제천시 고암동,중상사고,0,1,0,0,차대차 - 정면충돌,신호위반,건조,맑음,교차로 - 교차로안,승합,남,36세,상해없음,화물,남,55세,중상
2014110600100222,2014년 11월 6일 11시,목요일,충청북도 청주시 서원구 현도면,경상사고,0,0,1,0,차대차 - 측면직각충돌,중앙선침범,건조,맑음,단일로 - 기타,승용,여,47세,상해없음,화물,남,45세,경상
2014110600100278,2014년 11월 6일 13시,목요일,충청북도 청주시 상당구 문의면,경상사고,0,0,7,0,차대차 - 정면충돌,중앙선침범,건조,맑음,단일로 - 기타,승용,남,77세,경상,승용,남,57세,경상
2014110600100279,2014년 11월 6일 13시,목요일,충청북도 청주시 상당구 산성동,중상사고,0,1,0,0,차대사람 - 기타,안전운전불이행,건조,맑음,기타 - 기타,승합,남,60세,상해없음,보행자,여,50세,중상
2014110600100338,2014년 11월 6일 15시,목요일,충청북도 제천시 청전동,경상사고,0,0,1,0,차대차 - 기타,안전운전불이행,건조,맑음,교차로 - 교차로부근,승용,여,38세,상해없음,승용,여,50세,경상
2014110600100339,2014년 11월 6일 15시,목요일,충청북도 제천시 왕암동,경상사고,0,0,3,0,차대차 - 기타,안전운전불이행,건조,맑음,교차로 - 교차로안,승용,여,34세,상해없음,승용,남,50세,경상
2014110600100401,2014년 11월 6일 17시,목요일,충청북도 충주시 용산동,중상사고,0,1,0,0,차대차 - 측면직각충돌,교차로운행방법위반,건조,맑음,교차로 - 교차로안,승용,남,57세,상해없음,자전거,남,66세,중상
2014110600100460,2014년 11월 6일 18시,목요일,충청북도 충주시 호암동,경상사고,0,0,1,0,차대차 - 측면직각충돌,안전거리미확보,건조,맑음,단일로 - 기타,승용,여,48세,상해없음,승용,남,33세,경상
2014110600100461,2014년 11월 6일 18시,목요일,충청북도 충주시 문화동,중상사고,0,1,0,0,차대사람 - 기타,신호위반,건조,맑음,교차로 - 교차로부근,자전거,남,21세,상해없음,보행자,여,52세,중상
2014110600100462,2014년 11월 6일 18시,목요일,충청북도 제천시 서부동,경상사고,0,0,1,0,차대차 - 기타,안전운전불이행,건조,맑음,단일로 - 횡단보도상,승용,남,56세,상해없음,자전거,남,10세,경상
2014110600100463,2014년 11월 6일 18시,목요일,충청북도 제천시 서부동,경상사고,0,0,1,0,차대차 - 측면직각충돌,안전운전불이행,건조,맑음,교차로 - 교차로안,화물,남,55세,상해없음,승용,남,29세,경상
2014110600100464,2014년 11월 6일 18시,목요일,충청북도 음성군 금왕읍,경상사고,0,0,2,0,차대차 - 기타,안전운전불이행,건조,맑음,단일로 - 기타,승용,여,37세,상해없음,승용,남,70세,경상
2014110600100550,2014년 11월 6일 20시,목요일,충청북도 음성군 감곡면,경상사고,0,0,1,0,차대차 - 기타,안전운전불이행,건조,맑음,교차로 - 교차로안,승용,남,42세,경상,화물,남,54세,상해없음
2014110600100580,2014년 11월 6일 21시,목요일,충청북도 증평군 증평읍,경상사고,0,0,1,0,차대차 - 측면직각충돌,안전운전불이행,건조,맑음,교차로 - 교차로안,이륜,남,18세,경상,승용,남,44세,상해없음
2014110600100581,2014년 11월 6일 21시,목요일,충청북도 음성군 금왕읍,중상사고,0,1,1,0,차대사람 - 기타,보행자보호의무위반,건조,맑음,단일로 - 횡단보도상,원동기,남,17세,경상,보행자,남,40세,중상
2014110600100582,2014년 11월 6일 21시,목요일,충청북도 옥천군 청산면,부상신고사고,0,0,0,1,차량단독 - 기타,안전운전불이행,건조,맑음,단일로 - 기타,승용,남,72세,부상신고,,,,
2014110600100583,2014년 11월 6일 21시,목요일,충청북도 청주시 흥덕구 복대동,경상사고,0,0,1,0,차대차 - 측면직각충돌,안전운전불이행,건조,맑음,교차로 - 교차로안,승용,남,27세,상해없음,자전거,남,54세,경상
2014110600100584,2014년 11월 6일 21시,목요일,충청북도 청주시 흥덕구 정봉동,중상사고,0,2,1,0,차대차 - 측면직각충돌,교차로운행방법위반,건조,맑음,교차로 - 교차로안,승용,남,29세,경상,승용,남,27세,중상
2014110700100050,2014년 11월 7일 02시,금요일,충청북도 청주시 흥덕구 복대동,경상사고,0,0,1,0,차대사람 - 기타,안전운전불이행,건조,맑음,단일로 - 기타,승용,여,49세,상해없음,보행자,남,30세,경상
2014110700100061,2014년 11월 7일 03시,금요일,충청북도 청주시 서원구 개신동,경상사고,0,0,3,0,차대차 - 추돌 - 진행중,안전운전불이행,건조,맑음,교차로 - 교차로부근,승용,남,58세,상해없음,승용,남,32세,경상
2014110700100065,2014년 11월 7일 03시,금요일,충청북도 청주시 흥덕구 석소동,중상사고,0,1,1,0,차대차 - 추돌 - 진행중,안전운전불이행,건조,흐림,단일로 - 기타,화물,남,48세,중상,화물,남,59세,경상
2014110700100094,2014년 11월 7일 05시,금요일,충청북도 청주시 흥덕구 비하동,중상사고,0,1,3,0,차대차 - 추돌 - 주정차중,안전운전불이행,건조,맑음,단일로 - 기타,화물,남,34세,상해없음,화물,남,53세,중상
2014110700100128,2014년 11월 7일 07시,금요일,충청북도 청주시 청원구 사천동,중상사고,0,1,1,0,차대사람 - 횡단중,안전운전불이행,건조,흐림,교차로 - 교차로부근,승용,여,59세,상해없음,보행자,여,35세,중상
2014110700100129,2014년 11월 7일 07시,금요일,충청북도 청주시 상당구 용담동,경상사고,0,0,1,0,차대차 - 기타,안전운전불이행,건조,맑음,단일로 - 기타,승용,여,41세,상해없음,승용,남,67세,경상
2014110700100130,2014년 11월 7일 07시,금요일,충청북도 청주시 상당구 금천동,경상사고,0,0,1,0,차대사람 - 기타,안전운전불이행,건조,맑음,단일로 - 기타,승용,남,45세,상해없음,보행자,여,22세,경상
2014110700100206,2014년 11월 7일 09시,금요일,충청북도 청주시 상당구 방서동,중상사고,0,1,0,0,차대사람 - 기타,보행자보호의무위반,건조,맑음,교차로 - 교차로안,승용,여,42세,상해없음,보행자,남,46세,중상
2014110700100258,2014년 11월 7일 11시,금요일,충청북도 청주시 흥덕구 가경동,경상사고,0,0,3,0,차대차 - 측면직각충돌,안전운전불이행,건조,맑음,단일로 - 기타,승용,남,56세,경상,승용,남,29세,경상
2014110700100316,2014년 11월 7일 13시,금요일,충청북도 옥천군 군서면,중상사고,0,1,2,0,차대차 - 측면직각충돌,안전거리미확보,건조,맑음,교차로 - 교차로안,승용,남,75세,중상,화물,남,42세,경상
2014110700100354,2014년 11월 7일 14시,금요일,충청북도 청주시 청원구 내덕동,경상사고,0,0,2,0,차대차 - 기타,안전운전불이행,건조,맑음,교차로 - 교차로부근,승용,남,26세,경상,승합,남,56세,경상
2014110700100355,2014년 11월 7일 14시,금요일,충청북도 청주시 서원구 모충동,경상사고,0,0,1,0,차대사람 - 기타,안전운전불이행,건조,맑음,기타 - 기타,화물,남,59세,상해없음,보행자,남,27세,경상
2014110700100384,2014년 11월 7일 15시,금요일,충청북도 청주시 서원구 사창동,중상사고,0,1,0,0,차대차 - 추돌 - 주정차중,안전운전불이행,건조,맑음,기타 - 기타,화물,남,60세,상해없음,승용,남,72세,상해없음
2014110700100385,2014년 11월 7일 15시,금요일,충청북도 충주시 금릉동,중상사고,0,1,1,0,차대차 - 기타,안전운전불이행,건조,맑음,단일로 - 기타,화물,남,68세,상해없음,승용,여,60세,경상
2014110700100386,2014년 11월 7일 15시,금요일,충청북도 충주시 산척면,중상사고,0,1,0,0,차대차 - 기타,중앙선침범,건조,맑음,단일로 - 기타,건설기계,남,54세,상해없음,승용,남,28세,중상
2014110700100387,2014년 11월 7일 15시,금요일,충청북도 제천시 중앙로2가,경상사고,0,0,1,0,차대차 - 측면직각충돌,직진우회전진행방해,건조,맑음,교차로 - 교차로안,승용,여,45세,상해없음,승용,남,39세,경상
2014110700100388,2014년 11월 7일 15시,금요일,충청북도 진천군 이월면,중상사고,0,1,1,0,차대차 - 기타,교차로운행방법위반,건조,맑음,교차로 - 교차로안,화물,남,44세,상해없음,승용,여,30세,중상
2014110700100416,2014년 11월 7일 16시,금요일,충청북도 청주시 흥덕구 복대동,경상사고,0,0,1,0,차대차 - 추돌 - 주정차중,안전운전불이행,건조,맑음,단일로 - 기타,승용,남,25세,상해없음,화물,남,28세,경상
2014110700100457,2014년 11월 7일 17시,금요일,충청북도 청주시 흥덕구 복대동,경상사고,0,0,1,0,차대차 - 측면직각충돌,신호위반,건조,맑음,단일로 - 횡단보도상,이륜,남,78세,상해없음,자전거,남,9세,경상
2014110700100458,2014년 11월 7일 17시,금요일,충청북도 청주시 상당구 명암동,경상사고,0,0,1,0,차대사람 - 기타,안전운전불이행,건조,맑음,단일로 - 기타,자전거,기타불명,기타불명,기타불명,보행자,여,13세,경상
2014110700100518,2014년 11월 7일 18시,금요일,충청북도 충주시 문화동,중상사고,0,1,0,0,차대사람 - 횡단중,안전운전불이행,건조,맑음,교차로 - 교차로부근,승용,여,45세,상해없음,보행자,남,69세,중상
2014110700100519,2014년 11월 7일 18시,금요일,충청북도 청주시 흥덕구 가경동,경상사고,0,0,2,0,차대차 - 기타,차로위반,건조,맑음,교차로 - 교차로부근,기타불명,기타불명,기타불명,기타불명,승합,남,53세,상해없음
2014110700100586,2014년 11월 7일 19시,금요일,충청북도 제천시 청전동,경상사고,0,0,2,0,차대차 - 기타,안전운전불이행,건조,맑음,교차로 - 교차로부근,승용,남,25세,경상,승용,여,46세,경상
2014110700100587,2014년 11월 7일 19시,금요일,충청북도 청주시 상당구 미원면,중상사고,0,1,0,0,차대차 - 추돌 - 진행중,안전운전불이행,건조,맑음,단일로 - 기타,화물,남,60세,상해없음,농기계,남,69세,중상
2014110700100633,2014년 11월 7일 20시,금요일,충청북도 청주시 청원구 사천동,경상사고,0,0,1,0,차대차 - 측면직각충돌,교차로운행방법위반,건조,맑음,교차로 - 교차로안,승용,남,39세,상해없음,이륜,남,20세,경상
2014110700100634,2014년 11월 7일 20시,금요일,충청북도 충주시 지현동,중상사고,0,1,0,0,차대차 - 기타,신호위반,건조,맑음,교차로 - 교차로안,자전거,남,17세,중상,화물,여,67세,상해없음
2014110700100635,2014년 11월 7일 20시,금요일,충청북도 제천시 화산동,경상사고,0,0,2,0,차대차 - 기타,안전운전불이행,건조,맑음,단일로 - 기타,승용,여,49세,상해없음,승용,남,52세,경상
2014110700100636,2014년 11월 7일 20시,금요일,충청북도 옥천군 청산면,경상사고,0,0,1,0,차량단독 - 기타,안전운전불이행,건조,맑음,단일로 - 기타,원동기,남,50세,경상,,,,
2014110700100637,2014년 11월 7일 20시,금요일,충청북도 청주시 흥덕구 복대동,경상사고,0,0,1,0,차대차 - 측면직각충돌,안전운전불이행,건조,맑음,단일로 - 기타,승용,남,62세,상해없음,승용,남,34세,경상
2014110700100677,2014년 11월 7일 21시,금요일,충청북도 청주시 서원구 산남동,경상사고,0,0,1,0,차대차 - 기타,안전운전불이행,건조,기타,단일로 - 기타,이륜,남,26세,상해없음,자전거,남,6세,경상
2014110700100710,2014년 11월 7일 22시,금요일,충청북도 청주시 흥덕구 강내면,경상사고,0,0,2,0,차대차 - 추돌 - 주정차중,안전운전불이행,건조,맑음,교차로 - 교차로부근,승용,남,42세,상해없음,승용,남,30세,경상
2014110700100711,2014년 11월 7일 22시,금요일,충청북도 청주시 흥덕구 가경동,중상사고,0,1,1,0,차대차 - 기타,안전운전불이행,건조,맑음,교차로 - 교차로부근,승용,여,33세,상해없음,승용,여,43세,경상
2014110700100736,2014년 11월 7일 23시,금요일,충청북도 청주시 흥덕구 가경동,중상사고,0,1,1,0,차대차 - 기타,안전운전불이행,건조,맑음,교차로 - 교차로안,승용,여,48세,상해없음,승용,남,27세,중상
2014110700100737,2014년 11월 7일 23시,금요일,충청북도 청주시 흥덕구 복대동,중상사고,0,1,0,0,차대차 - 추돌 - 진행중,안전운전불이행,건조,맑음,교차로 - 교차로부근,승용,남,31세,상해없음,승용,여,53세,중상
2014110800100053,2014년 11월 8일 02시,토요일,충청북도 충주시 중앙탑면,중상사고,0,2,0,0,차량단독 - 도로외이탈 - 기타,안전운전불이행,건조,흐림,단일로 - 기타,승용,남,19세,중상,,,,
2014110800100102,2014년 11월 8일 05시,토요일,충청북도 충주시 연수동,경상사고,0,0,1,0,차대차 - 측면직각충돌,교차로운행방법위반,건조,맑음,교차로 - 교차로부근,승용,남,62세,상해없음,화물,남,34세,경상
2014110800100103,2014년 11월 8일 05시,토요일,충청북도 충주시 단월동,중상사고,0,1,0,0,차대차 - 추돌 - 진행중,안전운전불이행,건조,맑음,단일로 - 기타,승용,남,63세,상해없음,원동기,남,54세,중상
2014110800100115,2014년 11월 8일 06시,토요일,충청북도 진천군 덕산면,경상사고,0,0,1,0,차대차 - 정면충돌,중앙선침범,건조,맑음,단일로 - 기타,승용,남,43세,상해없음,승용,남,43세,경상
2014110800100145,2014년 11월 8일 08시,토요일,충청북도 청주시 흥덕구 강서동,경상사고,0,0,2,0,차대차 - 추돌 - 주정차중,안전운전불이행,건조,맑음,교차로 - 교차로부근,화물,남,49세,상해없음,승용,남,67세,경상
2014110800100171,2014년 11월 8일 09시,토요일,충청북도 청주시 서원구 사창동,경상사고,0,0,2,0,차대차 - 측면직각충돌,안전운전불이행,건조,흐림,교차로 - 교차로부근,원동기,남,42세,경상,승용,여,45세,경상
2014110800100172,2014년 11월 8일 09시,토요일,충청북도 청주시 상당구 용암동,경상사고,0,0,2,0,차대차 - 기타,안전운전불이행,건조,맑음,교차로 - 교차로부근,승합,남,73세,상해없음,승용,남,49세,경상
2014110800100198,2014년 11월 8일 10시,토요일,충청북도 제천시 영천동,경상사고,0,0,3,0,차대차 - 기타,신호위반,건조,맑음,교차로 - 교차로안,승용,남,52세,상해없음,승용,남,39세,경상
2014110800100242,2014년 11월 8일 12시,토요일,충청북도 제천시 청전동,경상사고,0,0,1,0,차대차 - 기타,안전운전불이행,건조,맑음,교차로 - 교차로부근,승용,남,58세,상해없음,승용,여,37세,경상
2014110800100243,2014년 11월 8일 12시,토요일,충청북도 청주시 상당구 산성동,경상사고,0,0,1,0,차대사람 - 기타,안전운전불이행,건조,맑음,기타 - 기타,승용,여,60세,상해없음,보행자,여,24세,경상
2014110800100305,2014년 11월 8일 14시,토요일,충청북도 충주시 목행동,중상사고,0,1,1,0,차대차 - 측면직각충돌,안전운전불이행,건조,맑음,단일로 - 기타,원동기,남,79세,경상,승합,남,50세,상해없음
2014110800100306,2014년 11월 8일 14시,토요일,충청북도 청주시 흥덕구 상신동,중상사고,0,1,0,0,차대차 - 측면직각충돌,교차로운행방법위반,건조,맑음,교차로 - 교차로안,건설기계,남,45세,상해없음,승용,남,18세,중상
2014110800100307,2014년 11월 8일 14시,토요일,충청북도 청주시 흥덕구 오송읍,경상사고,0,0,1,0,차대차 - 측면직각충돌,안전운전불이행,건조,맑음,단일로 - 기타,승용,남,22세,상해없음,승용,남,27세,경상
2014110800100339,2014년 11월 8일 15시,토요일,충청북도 청주시 청원구 주성동,중상사고,0,2,0,0,차대사람 - 기타,신호위반,건조,맑음,교차로 - 교차로안,이륜,남,21세,중상,보행자,여,9세,중상
2014110800100367,2014년 11월 8일 16시,토요일,충청북도 청주시 청원구 내덕동,경상사고,0,0,1,0,차대차 - 측면직각충돌,안전운전불이행,건조,맑음,교차로 - 교차로부근,승용,남,60세,상해없음,승용,여,48세,경상
2014110800100368,2014년 11월 8일 16시,토요일,충청북도 제천시 한수면,중상사고,0,1,0,0,차대차 - 측면직각충돌,안전운전불이행,건조,맑음,단일로 - 기타,원동기,남,57세,중상,승용,남,48세,기타불명
2014110800100404,2014년 11월 8일 17시,토요일,충청북도 청주시 흥덕구 가경동,경상사고,0,0,1,0,차대사람 - 길가장자리구역통행중,안전운전불이행,건조,맑음,교차로 - 교차로부근,승용,남,33세,기타불명,보행자,여,31세,경상
2014110800100405,2014년 11월 8일 17시,토요일,충청북도 청주시 흥덕구 운천동,중상사고,0,1,0,0,차대차 - 측면직각충돌,안전운전불이행,건조,맑음,단일로 - 기타,승용,남,66세,상해없음,자전거,남,61세,중상
2014110800100461,2014년 11월 8일 18시,토요일,충청북도 청주시 서원구 성화동,경상사고,0,0,1,0,차대사람 - 기타,안전운전불이행,건조,맑음,교차로 - 교차로안,승용,남,39세,상해없음,보행자,남,46세,경상
2014110800100462,2014년 11월 8일 18시,토요일,충청북도 청주시 흥덕구 운천동,경상사고,0,0,1,0,차대차 - 추돌 - 주정차중,안전운전불이행,건조,맑음,교차로 - 교차로부근,화물,남,39세,상해없음,승용,여,59세,경상
2014110800100510,2014년 11월 8일 19시,토요일,충청북도 제천시 명동,경상사고,0,0,1,0,차대차 - 측면직각충돌,안전운전불이행,건조,맑음,교차로 - 교차로안,화물,남,43세,상해없음,승용,남,49세,경상
2014110800100545,2014년 11월 8일 20시,토요일,충청북도 충주시 칠금동,경상사고,0,0,1,0,차대차 - 측면직각충돌,신호위반,건조,맑음,교차로 - 교차로안,승용,여,41세,상해없음,승용,남,52세,경상
2014110800100583,2014년 11월 8일 21시,토요일,충청북도 제천시 모산동,경상사고,0,0,1,0,차대사람 - 기타,안전운전불이행,건조,맑음,기타 - 기타,이륜,남,19세,상해없음,보행자,여,20세,경상