사고번호,사고일시,요일,시군구,사고내용,사망자수,중상자수,경상자수,부상신고자수,사고유형,법규위반,노면상태,기상상태,도로형태,가해운전자 차종,가해운전자 성별,가해운전자 연령,가해운전자 상해정도,피해운전자 차종,피해운전자 성별,피해운전자 연령,피해운전자 상해정도
2014110800100584,2014년 11월 8일 21시,토요일,충청북도 증평군 증평읍,경상사고,0,0,1,0,차대차 - 기타,중앙선침범,건조,맑음,단일로 - 기타,승용,남,62세,상해없음,화물,여,57세,경상
2014110800100609,2014년 11월 8일 22시,토요일,충청북도 청주시 청원구 오창읍,중상사고,0,2,0,0,차대차 - 기타,중앙선침범,건조,맑음,교차로 - 교차로부근,승용,남,24세,상해없음,승용,남,49세,중상
2014110800100610,2014년 11월 8일 22시,토요일,충청북도 음성군 대소면,경상사고,0,0,1,0,차대차 - 기타,안전운전불이행,건조,맑음,교차로 - 교차로부근,승용,남,51세,상해없음,화물,남,40세,경상
2014110800100611,2014년 11월 8일 22시,토요일,충청북도 옥천군 옥천읍,경상사고,0,0,1,0,차대사람 - 길가장자리구역통행중,안전운전불이행,건조,맑음,단일로 - 기타,승용,남,53세,상해없음,보행자,남,40세,경상
2014110800100612,2014년 11월 8일 22시,토요일,충청북도 청주시 흥덕구 봉명동,경상사고,0,0,1,0,차대차 - 측면직각충돌,차로위반,건조,맑음,단일로 - 기타,승용,남,27세,상해없음,승용,남,29세,경상
2014110800100639,2014년 11월 8일 23시,토요일,충청북도 청주시 흥덕구 강서동,중상사고,0,2,1,0,차대차 - 정면충돌,중앙선침범,건조,맑음,단일로 - 기타,승용,남,24세,중상,승용,남,20세,경상
2014110900100017,2014년 11월 9일 00시,일요일,충청북도 청주시 흥덕구 옥산면,부상신고사고,0,0,0,1,차량단독 - 전도전복,안전운전불이행,건조,맑음,단일로 - 기타,승용,남,33세,부상신고,,,,
2014110900100018,2014년 11월 9일 00시,일요일,충청북도 청주시 흥덕구 봉명동,경상사고,0,0,1,0,차대차 - 측면직각충돌,중앙선침범,건조,맑음,단일로 - 기타,승용,남,41세,상해없음,승용,여,36세,경상
2014110900100019,2014년 11월 9일 00시,일요일,충청북도 청주시 상당구 금천동,경상사고,0,0,1,0,차대차 - 기타,중앙선침범,건조,맑음,단일로 - 기타,승용,남,43세,상해없음,이륜,남,16세,경상
2014110900100037,2014년 11월 9일 01시,일요일,충청북도 청주시 청원구 사천동,경상사고,0,0,1,0,차대차 - 기타,안전운전불이행,건조,맑음,단일로 - 기타,승용,남,24세,상해없음,승용,남,24세,상해없음
2014110900100038,2014년 11월 9일 01시,일요일,충청북도 청주시 흥덕구 가경동,경상사고,0,0,2,0,차대차 - 기타,안전운전불이행,건조,맑음,교차로 - 교차로부근,승용,남,25세,상해없음,승용,남,29세,상해없음
2014110900100058,2014년 11월 9일 02시,일요일,충청북도 청주시 청원구 율량동,경상사고,0,0,1,0,차대차 - 기타,안전운전불이행,건조,맑음,교차로 - 교차로안,승용,여,42세,상해없음,승용,남,26세,경상
2014110900100104,2014년 11월 9일 07시,일요일,충청북도 충주시 동량면,중상사고,0,1,3,0,차대차 - 추돌 - 진행중,안전운전불이행,건조,맑음,단일로 - 교량,승용,남,44세,상해없음,승용,남,59세,상해없음
2014110900100131,2014년 11월 9일 09시,일요일,충청북도 단양군 단양읍,경상사고,0,0,1,0,차대사람 - 기타,안전운전불이행,건조,맑음,교차로 - 교차로안,승용,여,35세,상해없음,보행자,남,45세,경상
2014110900100132,2014년 11월 9일 09시,일요일,충청북도 청주시 상당구 용담동,경상사고,0,0,1,0,차대차 - 추돌 - 진행중,안전운전불이행,건조,맑음,교차로 - 교차로부근,화물,남,42세,상해없음,승용,여,42세,경상
2014110900100191,2014년 11월 9일 12시,일요일,충청북도 청주시 청원구 오창읍,경상사고,0,0,1,0,차대차 - 기타,차로위반,건조,맑음,교차로 - 교차로부근,자전거,남,13세,경상,승용,여,53세,상해없음
2014110900100192,2014년 11월 9일 12시,일요일,충청북도 청주시 상당구 남일면,경상사고,0,0,1,0,차대차 - 추돌 - 진행중,안전거리미확보,건조,맑음,단일로 - 기타,승용,여,49세,상해없음,승용,남,29세,상해없음
2014110900100223,2014년 11월 9일 13시,일요일,충청북도 음성군 금왕읍,중상사고,0,1,1,0,차대차 - 기타,신호위반,건조,맑음,교차로 - 교차로안,승용,여,40세,상해없음,승용,남,72세,경상
2014110900100224,2014년 11월 9일 13시,일요일,충청북도 진천군 백곡면,경상사고,0,0,4,0,차대차 - 정면충돌,중앙선침범,건조,맑음,단일로 - 기타,승용,남,78세,상해없음,승용,남,22세,경상
2014110900100258,2014년 11월 9일 14시,일요일,충청북도 제천시 청전동,중상사고,0,1,2,0,차대차 - 기타,기타,건조,맑음,교차로 - 교차로안,승용,남,59세,경상,승용,남,33세,중상
2014110900100287,2014년 11월 9일 15시,일요일,충청북도 청주시 서원구 사직동,경상사고,0,0,2,0,차대차 - 기타,안전운전불이행,건조,맑음,교차로 - 교차로부근,승용,남,52세,상해없음,승용,여,48세,경상
2014110900100288,2014년 11월 9일 15시,일요일,충청북도 충주시 호암동,중상사고,0,1,0,0,차대차 - 기타,안전거리미확보,건조,맑음,교차로 - 교차로안,승용,남,28세,상해없음,원동기,남,56세,중상
2014110900100289,2014년 11월 9일 15시,일요일,충청북도 제천시 청전동,중상사고,0,2,2,0,차대차 - 측면직각충돌,직진우회전진행방해,건조,맑음,교차로 - 교차로안,승용,남,55세,상해없음,승용,여,48세,중상
2014110900100290,2014년 11월 9일 15시,일요일,충청북도 증평군 증평읍,중상사고,0,1,5,0,차대차 - 추돌 - 주정차중,안전운전불이행,건조,맑음,교차로 - 교차로부근,승합,남,48세,상해없음,승용,남,47세,중상
2014110900100291,2014년 11월 9일 15시,일요일,충청북도 청주시 서원구 모충동,중상사고,0,1,0,0,차대차 - 측면직각충돌,안전운전불이행,건조,맑음,단일로 - 횡단보도상,이륜,남,25세,상해없음,자전거,남,68세,중상
2014110900100326,2014년 11월 9일 16시,일요일,충청북도 제천시 금성면,경상사고,0,0,4,0,차대차 - 기타,중앙선침범,건조,맑음,단일로 - 기타,건설기계,남,60세,상해없음,승용,여,38세,경상
2014110900100327,2014년 11월 9일 16시,일요일,충청북도 청주시 흥덕구 복대동,경상사고,0,0,5,0,차대차 - 기타,안전운전불이행,건조,맑음,교차로 - 교차로부근,승용,남,67세,상해없음,승용,여,25세,경상
2014110900100395,2014년 11월 9일 18시,일요일,충청북도 제천시 봉양읍,경상사고,0,0,2,0,차대차 - 추돌 - 주정차중,안전운전불이행,건조,맑음,교차로 - 교차로부근,승용,남,51세,상해없음,승용,남,47세,경상
2014110900100396,2014년 11월 9일 18시,일요일,충청북도 보은군 보은읍,중상사고,0,2,7,0,차대차 - 측면직각충돌,안전거리미확보,건조,맑음,교차로 - 교차로안,화물,여,55세,상해없음,승합,남,47세,상해없음
2014110900100397,2014년 11월 9일 18시,일요일,충청북도 청주시 상당구 용암동,경상사고,0,0,2,0,차대차 - 측면직각충돌,신호위반,건조,맑음,교차로 - 교차로안,승용,남,47세,상해없음,승용,남,34세,경상
2014110900100445,2014년 11월 9일 19시,일요일,충청북도 청주시 청원구 오창읍,경상사고,0,0,2,0,차대차 - 기타,안전운전불이행,건조,맑음,교차로 - 교차로부근,승용,남,61세,상해없음,승용,남,49세,경상
2014110900100446,2014년 11월 9일 19시,일요일,충청북도 청주시 서원구 사직동,경상사고,0,0,2,0,차대차 - 기타,안전운전불이행,건조,맑음,교차로 - 교차로안,승용,남,28세,상해없음,승용,남,30세,경상
2014110900100447,2014년 11월 9일 19시,일요일,충청북도 청주시 흥덕구 가경동,경상사고,0,0,1,0,차대사람 - 횡단중,신호위반,건조,맑음,교차로 - 교차로부근,승용,남,31세,상해없음,보행자,여,18세,경상
2014110900100482,2014년 11월 9일 20시,일요일,충청북도 충주시 대소원면,중상사고,0,1,2,1,차대차 - 기타,신호위반,건조,맑음,교차로 - 교차로안,화물,남,43세,부상신고,화물,남,43세,중상
2014111000100027,2014년 11월 10일 04시,월요일,충청북도 청주시 흥덕구 오송읍,중상사고,0,2,0,0,차대차 - 측면직각충돌,안전운전불이행,기타,안개,단일로 - 기타,이륜,남,61세,중상,화물,남,48세,기타불명
2014111000100072,2014년 11월 10일 07시,월요일,충청북도 청주시 서원구 산남동,경상사고,0,0,1,0,차대사람 - 기타,안전운전불이행,건조,맑음,단일로 - 횡단보도상,승용,남,27세,상해없음,보행자,여,16세,경상
2014111000100114,2014년 11월 10일 08시,월요일,충청북도 청주시 서원구 남이면,중상사고,0,1,0,0,차대차 - 기타,중앙선침범,습기,흐림,단일로 - 기타,화물,남,57세,상해없음,승용,여,40세,중상
2014111000100148,2014년 11월 10일 09시,월요일,충청북도 청주시 흥덕구 봉명동,경상사고,0,0,2,0,차대차 - 측면직각충돌,안전거리미확보,건조,맑음,교차로 - 교차로부근,승용,남,43세,상해없음,승용,남,37세,경상
2014111000100149,2014년 11월 10일 09시,월요일,충청북도 청주시 흥덕구 가경동,경상사고,0,0,2,0,차대차 - 기타,안전운전불이행,건조,맑음,단일로 - 기타,승합,남,45세,상해없음,승합,여,40세,경상
2014111000100186,2014년 11월 10일 10시,월요일,충청북도 제천시 중앙로1가,경상사고,0,0,1,0,차대사람 - 기타,안전운전불이행,건조,맑음,단일로 - 기타,승용,남,72세,상해없음,보행자,남,59세,경상
2014111000100248,2014년 11월 10일 12시,월요일,충청북도 청주시 흥덕구 복대동,중상사고,0,1,0,0,차대사람 - 횡단중,보행자보호의무위반,건조,맑음,단일로 - 기타,승용,여,65세,상해없음,보행자,여,74세,중상
2014111000100249,2014년 11월 10일 12시,월요일,충청북도 청주시 서원구 미평동,경상사고,0,0,2,0,차대차 - 추돌 - 진행중,안전운전불이행,건조,맑음,단일로 - 기타,화물,남,55세,상해없음,승용,남,72세,경상
2014111000100278,2014년 11월 10일 13시,월요일,충청북도 괴산군 칠성면,중상사고,0,1,0,0,차대차 - 추돌 - 주정차중,신호위반,건조,맑음,교차로 - 교차로안,승합,남,42세,상해없음,승용,남,27세,중상
2014111000100347,2014년 11월 10일 15시,월요일,충청북도 청주시 서원구 사창동,경상사고,0,0,1,0,차대차 - 기타,신호위반,건조,맑음,교차로 - 교차로안,승용,기타불명,기타불명,기타불명,자전거,여,62세,경상
2014111000100348,2014년 11월 10일 15시,월요일,충청북도 음성군 원남면,사망사고,1,1,1,0,차대차 - 기타,안전운전불이행,건조,맑음,교차로 - 교차로부근,화물,남,71세,중상,화물,여,65세,경상
2014111000100387,2014년 11월 10일 16시,월요일,충청북도 청주시 서원구 사직동,중상사고,0,2,3,0,차대차 - 정면충돌,안전운전불이행,건조,맑음,교차로 - 교차로부근,승용,남,44세,상해없음,승용,남,54세,경상
2014111000100388,2014년 11월 10일 16시,월요일,충청북도 충주시 엄정면,중상사고,0,1,2,0,차대차 - 기타,안전운전불이행,건조,맑음,교차로 - 교차로부근,승용,여,56세,상해없음,승용,남,41세,경상
2014111000100389,2014년 11월 10일 16시,월요일,충청북도 제천시 남천동,중상사고,0,1,0,0,차대차 - 기타,중앙선침범,건조,맑음,교차로 - 교차로부근,승용,남,45세,상해없음,원동기,남,80세,중상
2014111000100390,2014년 11월 10일 16시,월요일,충청북도 진천군 광혜원면,경상사고,0,0,1,0,차대차 - 측면직각충돌,교차로운행방법위반,건조,맑음,교차로 - 교차로안,화물,남,36세,상해없음,승합,남,45세,경상
2014111000100391,2014년 11월 10일 16시,월요일,충청북도 청주시 상당구 남일면,경상사고,0,0,1,0,차대차 - 측면직각충돌,안전운전불이행,건조,맑음,단일로 - 기타,화물,남,53세,상해없음,승합,여,49세,경상
2014111000100433,2014년 11월 10일 17시,월요일,충청북도 청주시 청원구 율량동,경상사고,0,0,2,0,차대차 - 추돌 - 주정차중,안전운전불이행,건조,맑음,교차로 - 교차로부근,승용,남,48세,상해없음,승용,남,55세,경상
2014111000100434,2014년 11월 10일 17시,월요일,충청북도 충주시 지현동,경상사고,0,0,1,0,차대사람 - 기타,안전운전불이행,건조,맑음,교차로 - 교차로안,승용,여,41세,상해없음,보행자,남,8세,경상
2014111000100435,2014년 11월 10일 17시,월요일,충청북도 제천시 명동,경상사고,0,0,2,0,차대차 - 측면직각충돌,신호위반,건조,맑음,교차로 - 교차로안,승용,여,55세,상해없음,승용,여,71세,경상
2014111000100482,2014년 11월 10일 18시,월요일,충청북도 청주시 청원구 오창읍,경상사고,0,0,2,0,차대차 - 추돌 - 주정차중,안전운전불이행,건조,맑음,교차로 - 교차로부근,승용,남,28세,경상,승용,여,27세,경상
2014111000100483,2014년 11월 10일 18시,월요일,충청북도 충주시 교현동,경상사고,0,0,1,1,차대사람 - 횡단중,안전운전불이행,건조,맑음,단일로 - 기타,이륜,남,54세,부상신고,보행자,여,13세,경상
2014111000100484,2014년 11월 10일 18시,월요일,충청북도 제천시 신월동,경상사고,0,0,1,0,차대차 - 기타,안전운전불이행,건조,맑음,교차로 - 교차로안,승용,남,46세,상해없음,승용,남,34세,경상
2014111000100485,2014년 11월 10일 18시,월요일,충청북도 보은군 내북면,중상사고,0,1,0,0,차대차 - 추돌 - 진행중,안전운전불이행,건조,맑음,단일로 - 기타,화물,남,62세,상해없음,농기계,남,37세,중상
2014111000100486,2014년 11월 10일 18시,월요일,충청북도 청주시 흥덕구 옥산면,중상사고,0,1,0,0,차대차 - 기타,교차로운행방법위반,건조,맑음,교차로 - 교차로안,승용,남,53세,상해없음,원동기,남,47세,중상
2014111000100487,2014년 11월 10일 18시,월요일,충청북도 청주시 상당구 지북동,중상사고,0,1,1,0,차대차 - 측면직각충돌,안전운전불이행,건조,맑음,단일로 - 기타,화물,남,51세,상해없음,승용,여,59세,중상
2014111000100543,2014년 11월 10일 19시,월요일,충청북도 청주시 흥덕구 봉명동,경상사고,0,0,1,0,차대차 - 기타,안전거리미확보,건조,맑음,단일로 - 기타,원동기,남,18세,경상,승용,여,43세,상해없음
2014111000100584,2014년 11월 10일 20시,월요일,충청북도 제천시 중앙로2가,경상사고,0,0,1,0,차대차 - 기타,안전운전불이행,건조,맑음,교차로 - 교차로안,승용,남,52세,상해없음,승용,남,22세,상해없음
2014111000100585,2014년 11월 10일 20시,월요일,충청북도 청주시 흥덕구 가경동,경상사고,0,0,1,0,차대사람 - 기타,안전운전불이행,건조,맑음,교차로 - 교차로안,승용,남,58세,상해없음,보행자,여,14세,경상
2014111000100668,2014년 11월 10일 23시,월요일,충청북도 음성군 감곡면,사망사고,1,2,1,0,차대차 - 추돌 - 진행중,안전운전불이행,건조,맑음,단일로 - 기타,화물,남,42세,중상,화물,남,53세,경상
2014111100100010,2014년 11월 11일 00시,화요일,충청북도 청주시 청원구 우암동,중상사고,0,1,0,0,차대사람 - 횡단중,신호위반,건조,맑음,교차로 - 교차로안,승용,남,39세,상해없음,보행자,남,60세,중상
2014111100100011,2014년 11월 11일 00시,화요일,충청북도 청주시 흥덕구 신봉동,사망사고,1,0,1,0,차량단독 - 공작물충돌,안전운전불이행,건조,맑음,단일로 - 기타,승용,남,33세,경상,,,,
2014111100100025,2014년 11월 11일 01시,화요일,충청북도 충주시 연수동,부상신고사고,0,0,0,1,차량단독 - 공작물충돌,안전운전불이행,건조,맑음,교차로 - 교차로부근,승용,남,35세,부상신고,,,,
2014111100100026,2014년 11월 11일 01시,화요일,충청북도 청주시 흥덕구 복대동,중상사고,0,1,0,0,차대사람 - 기타,안전운전불이행,건조,맑음,단일로 - 기타,승용,남,32세,상해없음,보행자,남,43세,중상
2014111100100042,2014년 11월 11일 03시,화요일,충청북도 음성군 음성읍,경상사고,0,0,1,0,차량단독 - 전도전복,안전운전불이행,건조,흐림,단일로 - 기타,승용,남,41세,경상,,,,
2014111100100132,2014년 11월 11일 08시,화요일,충청북도 음성군 삼성면,중상사고,0,3,0,0,차대차 - 기타,교차로운행방법위반,건조,맑음,교차로 - 교차로안,승용,남,46세,중상,승용,남,32세,중상
2014111100100133,2014년 11월 11일 08시,화요일,충청북도 옥천군 옥천읍,부상신고사고,0,0,0,1,차대차 - 기타,안전운전불이행,건조,맑음,교차로 - 교차로안,승용,여,35세,상해없음,자전거,남,18세,부상신고
2014111100100180,2014년 11월 11일 09시,화요일,충청북도 청주시 흥덕구 복대동,경상사고,0,0,1,0,차대차 - 기타,안전운전불이행,건조,맑음,기타 - 기타,이륜,남,29세,경상,기타불명,기타불명,기타불명,기타불명
2014111100100308,2014년 11월 11일 14시,화요일,충청북도 제천시 의림동,경상사고,0,0,1,0,차대차 - 기타,기타,건조,맑음,교차로 - 교차로안,승용,남,65세,상해없음,이륜,남,81세,경상
2014111100100309,2014년 11월 11일 14시,화요일,충청북도 청주시 상당구 낭성면,중상사고,0,1,2,0,차대차 - 기타,교차로운행방법위반,건조,맑음,교차로 - 교차로안,승용,남,77세,경상,승용,여,42세,경상
2014111100100368,2014년 11월 11일 16시,화요일,충청북도 청주시 청원구 오창읍,중상사고,0,1,1,0,차대차 - 측면직각충돌,신호위반,건조,맑음,교차로 - 교차로안,이륜,남,79세,경상,승용,여,47세,중상
2014111100100369,2014년 11월 11일 16시,화요일,충청북도 보은군 보은읍,중상사고,0,1,1,0,차대차 - 추돌 - 진행중,안전운전불이행,건조,맑음,교차로 - 교차로부근,원동기,남,65세,중상,승용,남,46세,경상
2014111100100370,2014년 11월 11일 16시,화요일,충청북도 진천군 진천읍,중상사고,0,2,0,0,차대차 - 측면직각충돌,교차로운행방법위반,건조,흐림,교차로 - 교차로안,승용,여,46세,상해없음,승용,여,42세,중상
2014111100100407,2014년 11월 11일 17시,화요일,충청북도 음성군 감곡면,중상사고,0,1,0,0,차대차 - 기타,안전운전불이행,건조,맑음,교차로 - 교차로부근,화물,남,58세,상해없음,승합,남,43세,중상
2014111100100453,2014년 11월 11일 18시,화요일,충청북도 증평군 증평읍,경상사고,0,0,1,0,차대사람 - 기타,안전운전불이행,건조,맑음,교차로 - 교차로부근,승용,남,24세,상해없음,보행자,여,4세,경상
2014111100100454,2014년 11월 11일 18시,화요일,충청북도 옥천군 옥천읍,경상사고,0,0,1,0,차대차 - 추돌 - 진행중,안전거리미확보,건조,맑음,교차로 - 교차로부근,화물,남,54세,상해없음,승용,여,54세,경상
2014111100100455,2014년 11월 11일 18시,화요일,충청북도 청주시 흥덕구 지동동,경상사고,0,0,1,0,차대차 - 측면직각충돌,안전거리미확보,건조,맑음,단일로 - 기타,화물,남,36세,상해없음,승용,여,52세,경상
2014111100100552,2014년 11월 11일 20시,화요일,충청북도 청주시 청원구 우암동,경상사고,0,0,2,0,차대차 - 추돌 - 주정차중,안전운전불이행,건조,맑음,단일로 - 기타,승용,남,56세,상해없음,승용,남,59세,경상
2014111100100553,2014년 11월 11일 20시,화요일,충청북도 청주시 청원구 주성동,경상사고,0,0,1,0,차대차 - 측면직각충돌,신호위반,건조,맑음,교차로 - 교차로안,승용,남,52세,상해없음,승용,남,49세,경상
2014111100100554,2014년 11월 11일 20시,화요일,충청북도 옥천군 군서면,중상사고,0,1,0,0,차량단독 - 공작물충돌,안전운전불이행,건조,맑음,교차로 - 교차로안,화물,남,53세,중상,,,,
2014111100100581,2014년 11월 11일 21시,화요일,충청북도 청주시 서원구 수곡동,중상사고,0,1,0,0,차대차 - 추돌 - 주정차중,안전운전불이행,건조,맑음,교차로 - 교차로부근,승용,남,47세,상해없음,승용,여,40세,중상
2014111100100582,2014년 11월 11일 21시,화요일,충청북도 괴산군 장연면,경상사고,0,0,1,0,차량단독 - 기타,안전운전불이행,건조,맑음,단일로 - 기타,승합,남,48세,상해없음,,,,
2014111100100603,2014년 11월 11일 22시,화요일,충청북도 제천시 중앙로2가,경상사고,0,0,1,0,차대차 - 기타,안전운전불이행,건조,맑음,단일로 - 기타,승용,남,67세,상해없음,승용,남,59세,경상
2014111100100651,2014년 11월 11일 23시,화요일,충청북도 청주시 흥덕구 봉명동,경상사고,0,0,2,0,차대차 - 추돌 - 진행중,안전운전불이행,건조,맑음,단일로 - 기타,화물,남,56세,상해없음,승용,남,38세,경상
2014111200100018,2014년 11월 12일 00시,수요일,충청북도 청주시 흥덕구 강서동,경상사고,0,0,2,0,차대차 - 측면직각충돌,신호위반,건조,맑음,교차로 - 교차로안,승용,여,40세,경상,승용,남,55세,경상
2014111200100183,2014년 11월 12일 08시,수요일,충청북도 청주시 청원구 율량동,경상사고,0,0,1,0,차대차 - 정면충돌,교차로운행방법위반,건조,맑음,교차로 - 교차로안,자전거,남,17세,경상,승용,남,49세,상해없음
2014111200100184,2014년 11월 12일 08시,수요일,충청북도 청주시 서원구 성화동,경상사고,0,0,1,0,차대차 - 기타,안전운전불이행,건조,맑음,교차로 - 교차로안,승합,남,54세,상해없음,승용,여,31세,상해없음
2014111200100220,2014년 11월 12일 09시,수요일,충청북도 제천시 청전동,경상사고,0,0,1,0,차대사람 - 기타,안전운전불이행,건조,맑음,단일로 - 기타,기타불명,기타불명,기타불명,기타불명,보행자,여,21세,경상
2014111200100221,2014년 11월 12일 09시,수요일,충청북도 진천군 덕산면,중상사고,0,2,4,0,차대차 - 측면직각충돌,교차로운행방법위반,건조,맑음,교차로 - 교차로안,승합,남,39세,상해없음,화물,남,66세,중상
2014111200100247,2014년 11월 12일 10시,수요일,충청북도 제천시 명동,중상사고,0,2,1,0,차대차 - 추돌 - 진행중,신호위반,건조,맑음,교차로 - 교차로안,건설기계,남,50세,상해없음,화물,남,64세,경상
2014111200100274,2014년 11월 12일 11시,수요일,충청북도 제천시 백운면,경상사고,0,0,1,0,차대차 - 기타,안전운전불이행,건조,맑음,단일로 - 기타,특수,남,56세,상해없음,화물,남,63세,경상
2014111200100275,2014년 11월 12일 11시,수요일,충청북도 제천시 하소동,부상신고사고,0,0,0,1,차대차 - 기타,중앙선침범,건조,맑음,단일로 - 기타,자전거,남,49세,부상신고,화물,남,44세,상해없음
2014111200100276,2014년 11월 12일 11시,수요일,충청북도 청주시 상당구 남주동,경상사고,0,0,1,0,차대차 - 측면직각충돌,교차로운행방법위반,건조,맑음,교차로 - 교차로안,승용,여,56세,상해없음,원동기,남,71세,경상
2014111200100337,2014년 11월 12일 13시,수요일,충청북도 청주시 청원구 율량동,경상사고,0,0,1,0,차대차 - 측면직각충돌,안전운전불이행,건조,맑음,교차로 - 교차로부근,승용,여,24세,상해없음,승용,여,33세,경상
2014111200100338,2014년 11월 12일 13시,수요일,충청북도 제천시 의림동,경상사고,0,0,1,0,차대사람 - 기타,안전운전불이행,건조,맑음,교차로 - 교차로부근,기타불명,기타불명,기타불명,기타불명,보행자,남,54세,경상
2014111200100364,2014년 11월 12일 14시,수요일,충청북도 제천시 동현동,경상사고,0,0,1,0,차대차 - 측면직각충돌,신호위반,건조,맑음,단일로 - 기타,승용,여,46세,상해없음,원동기,남,71세,경상
2014111200100365,2014년 11월 12일 14시,수요일,충청북도 청주시 흥덕구 복대동,경상사고,0,0,2,0,차대차 - 추돌 - 진행중,안전운전불이행,습기,흐림,단일로 - 기타,승용,여,52세,상해없음,승용,남,40세,경상
2014111200100393,2014년 11월 12일 15시,수요일,충청북도 제천시 강제동,중상사고,0,1,0,0,차대차 - 기타,안전운전불이행,건조,맑음,교차로 - 교차로부근,승합,남,74세,상해없음,승용,남,44세,중상
2014111200100394,2014년 11월 12일 15시,수요일,충청북도 청주시 상당구 용정동,경상사고,0,0,1,0,차대차 - 측면직각충돌,안전운전불이행,습기,비,단일로 - 기타,승용,여,54세,상해없음,승용,남,19세,경상
2014111200100438,2014년 11월 12일 16시,수요일,충청북도 충주시 주덕읍,중상사고,0,1,2,1,차대차 - 기타,안전운전불이행,습기,비,단일로 - 기타,승용,남,35세,부상신고,승용,여,58세,경상
2014111200100439,2014년 11월 12일 16시,수요일,충청북도 제천시 의림동,경상사고,0,0,1,0,차대차 - 기타,안전운전불이행,건조,맑음,교차로 - 교차로부근,승용,남,53세,기타불명,승용,여,30세,경상
2014111200100440,2014년 11월 12일 16시,수요일,충청북도 옥천군 옥천읍,경상사고,0,0,1,0,차대차 - 측면직각충돌,안전거리미확보,습기,비,단일로 - 기타,승합,남,65세,상해없음,승용,남,59세,경상
2014111200100476,2014년 11월 12일 17시,수요일,충청북도 음성군 대소면,경상사고,0,0,3,0,차대차 - 기타,중앙선침범,습기,맑음,단일로 - 기타,승용,남,49세,경상,승용,여,48세,경상
2014111200100521,2014년 11월 12일 18시,수요일,충청북도 청주시 청원구 사천동,경상사고,0,0,1,0,차대차 - 기타,안전거리미확보,습기,비,교차로 - 교차로부근,승용,남,58세,상해없음,승합,남,45세,경상
2014111200100522,2014년 11월 12일 18시,수요일,충청북도 충주시 달천동,중상사고,0,8,1,0,차대차 - 추돌 - 진행중,안전운전불이행,건조,맑음,단일로 - 기타,승용,남,59세,상해없음,승합,남,66세,중상
2014111200100523,2014년 11월 12일 18시,수요일,충청북도 증평군 증평읍,부상신고사고,0,0,0,1,차대차 - 기타,신호위반,습기,비,교차로 - 교차로부근,원동기,남,16세,부상신고,승용,남,46세,상해없음
2014111200100524,2014년 11월 12일 18시,수요일,충청북도 단양군 단양읍,중상사고,0,1,0,0,차대사람 - 기타,안전운전불이행,건조,맑음,단일로 - 횡단보도상,승용,여,34세,상해없음,보행자,남,48세,중상
2014111200100525,2014년 11월 12일 18시,수요일,충청북도 청주시 흥덕구 봉명동,부상신고사고,0,0,0,1,차대차 - 기타,중앙선침범,습기,비,단일로 - 기타,이륜,남,23세,부상신고,승용,여,34세,상해없음
2014111200100526,2014년 11월 12일 18시,수요일,충청북도 청주시 상당구 금천동,경상사고,0,0,1,0,차대차 - 추돌 - 주정차중,안전운전불이행,습기,비,단일로 - 기타,승용,여,42세,상해없음,원동기,남,31세,경상
2014111200100600,2014년 11월 12일 19시,수요일,충청북도 청주시 청원구 내수읍,중상사고,0,1,1,0,차대사람 - 기타,안전운전불이행,습기,비,교차로 - 교차로안,승용,남,41세,상해없음,보행자,남,16세,중상
2014111200100601,2014년 11월 12일 19시,수요일,충청북도 청주시 흥덕구 복대동,경상사고,0,0,1,0,차대차 - 정면충돌,중앙선침범,건조,맑음,단일로 - 기타,화물,남,35세,상해없음,화물,여,52세,경상
2014111200100649,2014년 11월 12일 20시,수요일,충청북도 청주시 서원구 모충동,경상사고,0,0,3,0,차대차 - 측면직각충돌,교차로운행방법위반,건조,맑음,교차로 - 교차로안,승용,남,28세,경상,승용,남,63세,경상
2014111200100722,2014년 11월 12일 22시,수요일,충청북도 충주시 문화동,중상사고,0,2,2,0,차대차 - 추돌 - 진행중,신호위반,건조,맑음,교차로 - 교차로안,승용,남,54세,중상,승용,남,31세,경상
2014111200100723,2014년 11월 12일 22시,수요일,충청북도 제천시 화산동,경상사고,0,0,1,0,차대사람 - 기타,안전운전불이행,건조,맑음,교차로 - 교차로부근,승용,여,50세,상해없음,보행자,남,42세,경상
2014111200100724,2014년 11월 12일 22시,수요일,충청북도 청주시 흥덕구 가경동,부상신고사고,0,0,0,1,차대차 - 측면직각충돌,안전운전불이행,건조,맑음,기타 - 기타,승용,남,34세,상해없음,이륜,남,19세,부상신고
2014111300100036,2014년 11월 13일 02시,목요일,충청북도 청주시 상당구 문화동,중상사고,0,1,0,0,차대차 - 측면직각충돌,신호위반,건조,맑음,교차로 - 교차로안,승용,남,53세,상해없음,승용,남,23세,상해없음
2014111300100084,2014년 11월 13일 07시,목요일,충청북도 음성군 금왕읍,중상사고,0,2,1,0,차대차 - 기타,중앙선침범,결빙,흐림,단일로 - 기타,승용,여,64세,중상,승용,남,44세,경상