사고번호,사고일시,요일,시군구,사고내용,사망자수,중상자수,경상자수,부상신고자수,사고유형,법규위반,노면상태,기상상태,도로형태,가해운전자 차종,가해운전자 성별,가해운전자 연령,가해운전자 상해정도,피해운전자 차종,피해운전자 성별,피해운전자 연령,피해운전자 상해정도
2014111600100392,2014년 11월 16일 18시,일요일,충청북도 청주시 상당구 용암동,경상사고,0,0,1,0,차대차 - 기타,안전운전불이행,건조,기타,기타 - 기타,승용,여,41세,상해없음,승용,여,37세,경상
2014111600100430,2014년 11월 16일 19시,일요일,충청북도 청주시 흥덕구 강내면,중상사고,0,1,0,0,차대차 - 추돌 - 진행중,안전운전불이행,건조,맑음,단일로 - 기타,이륜,남,23세,중상,농기계,남,63세,상해없음
2014111600100434,2014년 11월 16일 19시,일요일,충청북도 청주시 흥덕구 옥산면,경상사고,0,0,2,0,차대차 - 측면직각충돌,차로위반,건조,맑음,단일로 - 기타,승용,남,48세,경상,승용,남,26세,경상
2014111600100469,2014년 11월 16일 20시,일요일,충청북도 충주시 교현동,경상사고,0,0,1,0,차대차 - 기타,직진우회전진행방해,건조,맑음,교차로 - 교차로안,승용,남,31세,상해없음,승용,남,28세,상해없음
2014111600100470,2014년 11월 16일 20시,일요일,충청북도 청주시 서원구 분평동,경상사고,0,0,2,0,차대차 - 기타,안전운전불이행,건조,맑음,단일로 - 기타,승용,남,46세,상해없음,승용,남,46세,경상
2014111600100491,2014년 11월 16일 21시,일요일,충청북도 청주시 청원구 율량동,중상사고,0,2,0,0,차대차 - 기타,신호위반,건조,맑음,교차로 - 교차로안,승용,남,44세,상해없음,승용,남,31세,중상
2014111600100519,2014년 11월 16일 22시,일요일,충청북도 충주시 단월동,중상사고,0,1,0,0,차대사람 - 기타,안전운전불이행,건조,맑음,교차로 - 교차로부근,화물,남,40세,상해없음,보행자,남,19세,중상
2014111600100549,2014년 11월 16일 23시,일요일,충청북도 충주시 대소원면,중상사고,0,1,0,0,차대차 - 기타,신호위반,건조,맑음,교차로 - 교차로안,승용,남,37세,상해없음,승용,남,66세,중상
2014111600100550,2014년 11월 16일 23시,일요일,충청북도 충주시 성서동,경상사고,0,0,1,0,차대차 - 기타,안전운전불이행,건조,맑음,단일로 - 기타,승용,남,26세,상해없음,원동기,남,17세,경상
2014111700100009,2014년 11월 17일 00시,월요일,충청북도 청주시 흥덕구 복대동,사망사고,1,0,0,0,차대차 - 측면직각충돌,안전운전불이행,건조,맑음,단일로 - 기타,이륜,남,18세,사망,승용,남,61세,상해없음
2014111700100010,2014년 11월 17일 00시,월요일,충청북도 청주시 상당구 용암동,경상사고,0,0,1,0,차대사람 - 기타,안전운전불이행,건조,맑음,단일로 - 기타,화물,여,40세,상해없음,보행자,남,22세,경상
2014111700100128,2014년 11월 17일 08시,월요일,충청북도 제천시 신월동,중상사고,0,1,2,0,차대차 - 기타,안전운전불이행,건조,맑음,교차로 - 교차로안,승용,여,42세,상해없음,승용,남,38세,중상
2014111700100129,2014년 11월 17일 08시,월요일,충청북도 단양군 어상천면,중상사고,0,1,1,0,차대차 - 기타,중앙선침범,습기,안개,단일로 - 기타,승용,남,27세,경상,건설기계,남,39세,중상
2014111700100130,2014년 11월 17일 08시,월요일,충청북도 진천군 광혜원면,경상사고,0,0,1,0,차대차 - 측면직각충돌,신호위반,건조,맑음,교차로 - 교차로안,승용,여,38세,상해없음,승용,남,23세,경상
2014111700100131,2014년 11월 17일 08시,월요일,충청북도 청주시 상당구 명암동,중상사고,0,1,1,0,차대차 - 측면직각충돌,안전운전불이행,건조,맑음,단일로 - 기타,승용,여,58세,상해없음,승용,남,48세,중상
2014111700100169,2014년 11월 17일 09시,월요일,충청북도 진천군 진천읍,경상사고,0,0,1,0,차대차 - 추돌 - 주정차중,안전운전불이행,건조,맑음,교차로 - 교차로부근,승용,남,52세,상해없음,승용,여,26세,경상
2014111700100170,2014년 11월 17일 09시,월요일,충청북도 청주시 상당구 석교동,경상사고,0,0,1,0,차대사람 - 기타,안전운전불이행,건조,맑음,단일로 - 기타,이륜,남,53세,상해없음,보행자,남,80세,경상
2014111700100209,2014년 11월 17일 10시,월요일,충청북도 청주시 흥덕구 복대동,경상사고,0,0,1,0,차대차 - 측면직각충돌,안전운전불이행,건조,맑음,교차로 - 교차로부근,기타불명,기타불명,기타불명,기타불명,자전거,여,71세,경상
2014111700100237,2014년 11월 17일 11시,월요일,충청북도 청주시 청원구 내수읍,중상사고,0,1,0,0,차량단독 - 기타,안전운전불이행,건조,맑음,단일로 - 기타,승합,남,49세,상해없음,,,,
2014111700100269,2014년 11월 17일 12시,월요일,충청북도 진천군 덕산면,중상사고,0,2,0,0,차대차 - 측면직각충돌,중앙선침범,건조,맑음,단일로 - 기타,화물,남,73세,기타불명,화물,남,48세,중상
2014111700100324,2014년 11월 17일 14시,월요일,충청북도 진천군 진천읍,중상사고,0,1,0,0,차대사람 - 횡단중,안전운전불이행,건조,맑음,단일로 - 기타,승용,남,41세,상해없음,보행자,남,7세,중상
2014111700100325,2014년 11월 17일 14시,월요일,충청북도 청주시 흥덕구 운천동,중상사고,0,1,0,0,차대사람 - 기타,보행자보호의무위반,건조,맑음,단일로 - 횡단보도상,승용,여,41세,상해없음,보행자,남,7세,중상
2014111700100363,2014년 11월 17일 15시,월요일,충청북도 청주시 청원구 율량동,경상사고,0,0,1,0,차대차 - 기타,신호위반,건조,맑음,교차로 - 교차로안,승용,남,34세,상해없음,승용,남,53세,경상
2014111700100422,2014년 11월 17일 17시,월요일,충청북도 청주시 서원구 성화동,부상신고사고,0,0,0,1,차대차 - 기타,안전운전불이행,건조,맑음,단일로 - 기타,이륜,남,57세,부상신고,승용,남,32세,상해없음
2014111700100423,2014년 11월 17일 17시,월요일,충청북도 청주시 서원구 분평동,경상사고,0,0,4,0,차대차 - 측면직각충돌,교차로운행방법위반,건조,맑음,교차로 - 교차로안,승용,여,46세,경상,승용,남,44세,경상
2014111700100533,2014년 11월 17일 19시,월요일,충청북도 청주시 흥덕구 가경동,경상사고,0,0,1,0,차대차 - 측면직각충돌,중앙선침범,건조,맑음,단일로 - 기타,승용,남,65세,상해없음,이륜,남,36세,경상
2014111700100572,2014년 11월 17일 20시,월요일,충청북도 충주시 호암동,중상사고,0,1,0,0,차대사람 - 기타,안전운전불이행,건조,맑음,기타 - 기타,승용,여,32세,상해없음,보행자,남,47세,중상
2014111700100573,2014년 11월 17일 20시,월요일,충청북도 음성군 금왕읍,중상사고,0,1,0,0,차대차 - 기타,중앙선침범,건조,맑음,단일로 - 기타,기타불명,기타불명,기타불명,기타불명,승용,여,28세,중상
2014111700100606,2014년 11월 17일 21시,월요일,충청북도 제천시 명동,경상사고,0,0,1,0,차대차 - 측면직각충돌,중앙선침범,건조,맑음,교차로 - 교차로부근,승용,남,38세,상해없음,승용,남,40세,경상
2014111700100607,2014년 11월 17일 21시,월요일,충청북도 청주시 흥덕구 복대동,경상사고,0,0,1,0,차대차 - 추돌 - 주정차중,안전운전불이행,건조,맑음,단일로 - 기타,승용,여,60세,상해없음,승용,남,57세,경상
2014111700100645,2014년 11월 17일 22시,월요일,충청북도 제천시 신백동,중상사고,0,1,0,0,차대차 - 정면충돌,중앙선침범,건조,맑음,단일로 - 기타,승용,남,49세,상해없음,승용,여,42세,중상
2014111700100646,2014년 11월 17일 22시,월요일,충청북도 음성군 금왕읍,경상사고,0,0,1,0,차대차 - 기타,안전운전불이행,건조,맑음,교차로 - 교차로부근,승용,남,50세,상해없음,승용,남,39세,경상
2014111700100647,2014년 11월 17일 22시,월요일,충청북도 청주시 상당구 용암동,중상사고,0,1,0,0,차대사람 - 횡단중,안전운전불이행,건조,맑음,단일로 - 기타,이륜,남,26세,상해없음,보행자,남,16세,중상
2014111800100049,2014년 11월 18일 04시,화요일,충청북도 청주시 흥덕구 석곡동,경상사고,0,0,1,0,차량단독 - 공작물충돌,안전운전불이행,건조,맑음,단일로 - 기타,화물,남,71세,경상,,,,
2014111800100073,2014년 11월 18일 06시,화요일,충청북도 청주시 흥덕구 복대동,경상사고,0,0,4,0,차대차 - 측면직각충돌,안전운전불이행,건조,맑음,단일로 - 기타,승용,여,31세,상해없음,승용,남,20세,경상
2014111800100091,2014년 11월 18일 07시,화요일,충청북도 충주시 용산동,중상사고,0,1,0,0,차대차 - 기타,안전운전불이행,습기,안개,단일로 - 기타,승용,남,53세,상해없음,자전거,남,16세,중상
2014111800100126,2014년 11월 18일 08시,화요일,충청북도 충주시 교현동,경상사고,0,0,1,0,차대차 - 기타,안전운전불이행,건조,맑음,기타 - 기타,승용,여,40세,상해없음,자전거,여,60세,경상
2014111800100127,2014년 11월 18일 08시,화요일,충청북도 충주시 지현동,경상사고,0,0,1,0,차대사람 - 횡단중,안전운전불이행,건조,맑음,교차로 - 교차로부근,화물,남,57세,상해없음,보행자,남,18세,경상
2014111800100175,2014년 11월 18일 09시,화요일,충청북도 청주시 청원구 우암동,중상사고,0,1,0,0,차대차 - 기타,안전운전불이행,건조,맑음,단일로 - 기타,승용,남,50세,상해없음,자전거,여,67세,중상
2014111800100196,2014년 11월 18일 10시,화요일,충청북도 보은군 마로면,중상사고,0,1,0,0,차대차 - 기타,기타,건조,맑음,교차로 - 교차로안,승용,남,74세,상해없음,원동기,남,77세,중상
2014111800100197,2014년 11월 18일 10시,화요일,충청북도 음성군 감곡면,중상사고,0,1,0,0,차량단독 - 기타,안전운전불이행,건조,맑음,단일로 - 기타,승용,남,76세,상해없음,,,,
2014111800100251,2014년 11월 18일 12시,화요일,충청북도 청주시 서원구 수곡동,중상사고,0,1,2,0,차대차 - 기타,과속,건조,맑음,단일로 - 기타,승용,남,32세,경상,승용,남,38세,경상
2014111800100346,2014년 11월 18일 15시,화요일,충청북도 청주시 흥덕구 복대동,경상사고,0,0,2,0,차대차 - 추돌 - 진행중,안전거리미확보,건조,맑음,단일로 - 기타,화물,남,48세,상해없음,화물,남,35세,경상
2014111800100414,2014년 11월 18일 17시,화요일,충청북도 충주시 교현동,중상사고,0,1,0,0,차대차 - 추돌 - 진행중,교차로운행방법위반,건조,맑음,교차로 - 교차로안,승용,남,50세,상해없음,자전거,여,65세,중상
2014111800100415,2014년 11월 18일 17시,화요일,충청북도 충주시 용산동,경상사고,0,0,1,0,차대사람 - 기타,안전운전불이행,건조,맑음,단일로 - 기타,승용,여,42세,상해없음,보행자,남,16세,경상
2014111800100416,2014년 11월 18일 17시,화요일,충청북도 청주시 서원구 개신동,중상사고,0,1,1,0,차대차 - 기타,안전운전불이행,건조,맑음,교차로 - 교차로안,승용,남,34세,상해없음,이륜,남,21세,경상
2014111800100475,2014년 11월 18일 18시,화요일,충청북도 청주시 서원구 현도면,경상사고,0,0,3,0,차대차 - 추돌 - 주정차중,안전거리미확보,건조,맑음,교차로 - 교차로부근,화물,남,53세,상해없음,승용,남,50세,상해없음
2014111800100525,2014년 11월 18일 19시,화요일,충청북도 청주시 서원구 성화동,중상사고,0,1,0,0,차대사람 - 기타,안전운전불이행,건조,맑음,단일로 - 기타,승용,여,35세,상해없음,보행자,남,9세,중상
2014111800100526,2014년 11월 18일 19시,화요일,충청북도 청주시 흥덕구 봉명동,중상사고,0,1,0,0,차대차 - 기타,안전운전불이행,건조,맑음,단일로 - 기타,승용,남,31세,상해없음,자전거,남,37세,중상
2014111800100527,2014년 11월 18일 19시,화요일,충청북도 청주시 상당구 남문로1가동,경상사고,0,0,1,0,차대차 - 추돌 - 진행중,안전운전불이행,건조,맑음,단일로 - 기타,승용,여,57세,상해없음,이륜,남,47세,경상
2014111800100568,2014년 11월 18일 20시,화요일,충청북도 청주시 청원구 오창읍,경상사고,0,0,2,0,차대차 - 측면직각충돌,교차로운행방법위반,건조,맑음,교차로 - 교차로안,승용,여,40세,경상,승용,남,46세,경상
2014111900100008,2014년 11월 19일 00시,수요일,충청북도 청주시 흥덕구 복대동,중상사고,0,1,3,0,차대차 - 정면충돌,신호위반,건조,맑음,교차로 - 교차로안,승용,여,18세,경상,승용,남,54세,경상
2014111900100050,2014년 11월 19일 03시,수요일,충청북도 청주시 흥덕구 복대동,경상사고,0,0,1,0,차대사람 - 기타,안전운전불이행,건조,맑음,단일로 - 기타,승용,남,41세,상해없음,보행자,여,20세,경상
2014111900100078,2014년 11월 19일 06시,수요일,충청북도 제천시 송학면,경상사고,0,0,1,0,차대차 - 측면직각충돌,중앙선침범,건조,맑음,단일로 - 기타,승용,남,64세,상해없음,화물,남,64세,경상
2014111900100079,2014년 11월 19일 06시,수요일,충청북도 옥천군 옥천읍,중상사고,0,1,0,0,차대사람 - 기타,안전운전불이행,습기,안개,단일로 - 교량,승용,여,51세,상해없음,보행자,여,73세,중상
2014111900100152,2014년 11월 19일 08시,수요일,충청북도 제천시 의림동,중상사고,0,1,0,0,차대차 - 기타,중앙선침범,건조,맑음,단일로 - 기타,화물,남,72세,상해없음,승용,여,40세,중상
2014111900100153,2014년 11월 19일 08시,수요일,충청북도 보은군 보은읍,경상사고,0,0,1,0,차대차 - 측면직각충돌,기타,건조,맑음,교차로 - 교차로안,승용,남,56세,상해없음,승합,남,61세,경상
2014111900100154,2014년 11월 19일 08시,수요일,충청북도 청주시 흥덕구 복대동,경상사고,0,0,1,0,차대차 - 측면직각충돌,안전운전불이행,건조,맑음,교차로 - 교차로안,자전거,남,10세,경상,승용,남,48세,상해없음
2014111900100193,2014년 11월 19일 09시,수요일,충청북도 청주시 상당구 금천동,중상사고,0,1,0,0,차대차 - 추돌 - 주정차중,안전운전불이행,건조,맑음,교차로 - 교차로안,자전거,남,79세,중상,화물,여,60세,기타불명
2014111900100229,2014년 11월 19일 10시,수요일,충청북도 음성군 금왕읍,경상사고,0,0,1,0,차대차 - 추돌 - 진행중,안전운전불이행,건조,맑음,교차로 - 교차로부근,특수,남,55세,상해없음,승용,남,51세,경상
2014111900100252,2014년 11월 19일 11시,수요일,충청북도 청주시 청원구 내수읍,경상사고,0,0,2,0,차대차 - 기타,신호위반,건조,맑음,교차로 - 교차로안,화물,남,49세,경상,승용,여,55세,상해없음
2014111900100339,2014년 11월 19일 14시,수요일,충청북도 청주시 상당구 명암동,경상사고,0,0,2,0,차대차 - 측면직각충돌,신호위반,건조,맑음,교차로 - 교차로안,승용,여,57세,상해없음,승용,남,32세,경상
2014111900100369,2014년 11월 19일 15시,수요일,충청북도 제천시 봉양읍,중상사고,0,1,1,0,차대차 - 기타,안전운전불이행,건조,맑음,교차로 - 교차로안,화물,남,75세,상해없음,승용,남,52세,경상
2014111900100409,2014년 11월 19일 16시,수요일,충청북도 청주시 흥덕구 송절동,중상사고,0,1,0,0,차대차 - 추돌 - 주정차중,안전운전불이행,건조,맑음,교차로 - 교차로부근,특수,남,58세,상해없음,승용,여,34세,중상
2014111900100410,2014년 11월 19일 16시,수요일,충청북도 청주시 서원구 성화동,부상신고사고,0,0,0,1,차대사람 - 횡단중,신호위반,건조,맑음,단일로 - 기타,기타불명,기타불명,기타불명,기타불명,보행자,남,10세,부상신고
2014111900100440,2014년 11월 19일 17시,수요일,충청북도 청주시 청원구 내덕동,경상사고,0,0,1,0,차량단독 - 기타,안전운전불이행,건조,맑음,기타 - 기타,기타불명,기타불명,기타불명,기타불명,,,,
2014111900100441,2014년 11월 19일 17시,수요일,충청북도 제천시 중앙로1가,경상사고,0,0,1,0,차대사람 - 기타,안전운전불이행,건조,맑음,단일로 - 기타,화물,여,58세,상해없음,보행자,여,41세,경상
2014111900100442,2014년 11월 19일 17시,수요일,충청북도 청주시 상당구 금천동,경상사고,0,0,1,0,차대차 - 측면직각충돌,안전운전불이행,건조,맑음,교차로 - 교차로부근,승용,남,51세,기타불명,승용,여,40세,경상
2014111900100500,2014년 11월 19일 18시,수요일,충청북도 청주시 청원구 내덕동,중상사고,0,1,0,0,차대사람 - 횡단중,안전운전불이행,건조,맑음,단일로 - 기타,승용,남,73세,상해없음,보행자,여,47세,중상
2014111900100501,2014년 11월 19일 18시,수요일,충청북도 단양군 단양읍,중상사고,0,2,1,0,차대차 - 기타,안전운전불이행,건조,맑음,교차로 - 교차로안,승용,여,33세,중상,승용,여,35세,경상
2014111900100502,2014년 11월 19일 18시,수요일,충청북도 청주시 상당구 금천동,경상사고,0,0,3,0,차대차 - 기타,안전운전불이행,건조,맑음,단일로 - 기타,승합,남,57세,상해없음,승용,여,50세,경상
2014111900100558,2014년 11월 19일 19시,수요일,충청북도 충주시 교현동,경상사고,0,0,1,0,차대차 - 기타,신호위반,건조,맑음,교차로 - 교차로안,자전거,남,50세,경상,승용,남,57세,상해없음
2014111900100597,2014년 11월 19일 20시,수요일,충청북도 음성군 금왕읍,중상사고,0,1,0,0,차량단독 - 기타,안전운전불이행,건조,맑음,단일로 - 기타,화물,남,43세,중상,,,,
2014111900100628,2014년 11월 19일 21시,수요일,충청북도 청주시 청원구 오창읍,경상사고,0,0,1,0,차대차 - 기타,안전운전불이행,건조,맑음,단일로 - 기타,이륜,남,21세,경상,승용,남,29세,상해없음
2014111900100629,2014년 11월 19일 21시,수요일,충청북도 제천시 장락동,중상사고,0,1,0,0,차대사람 - 기타,안전운전불이행,건조,맑음,단일로 - 기타,기타불명,기타불명,기타불명,기타불명,보행자,남,15세,중상
2014111900100699,2014년 11월 19일 23시,수요일,충청북도 충주시 대소원면,중상사고,0,2,0,0,차대차 - 기타,안전운전불이행,건조,맑음,교차로 - 교차로부근,승용,여,42세,상해없음,승용,남,48세,중상
2014112000100048,2014년 11월 20일 05시,목요일,충청북도 청주시 서원구 모충동,경상사고,0,0,2,0,차대차 - 기타,안전운전불이행,건조,맑음,교차로 - 교차로안,승합,남,30세,상해없음,승용,남,41세,경상
2014112000100060,2014년 11월 20일 06시,목요일,충청북도 옥천군 옥천읍,중상사고,0,1,0,0,차대사람 - 기타,안전운전불이행,건조,맑음,교차로 - 교차로부근,승용,남,74세,상해없음,보행자,남,20세,중상
2014112000100061,2014년 11월 20일 06시,목요일,충청북도 청주시 흥덕구 봉명동,경상사고,0,0,1,0,차대사람 - 차도통행중,안전운전불이행,건조,맑음,교차로 - 교차로안,승용,남,24세,상해없음,보행자,남,58세,경상
2014112000100198,2014년 11월 20일 10시,목요일,충청북도 충주시 호암동,중상사고,0,1,0,0,차대사람 - 기타,안전운전불이행,건조,맑음,단일로 - 기타,승용,남,39세,상해없음,보행자,여,54세,중상
2014112000100199,2014년 11월 20일 10시,목요일,충청북도 제천시 장락동,경상사고,0,0,2,0,차대차 - 기타,안전운전불이행,건조,맑음,교차로 - 교차로안,승합,남,35세,상해없음,승용,남,33세,경상
2014112000100200,2014년 11월 20일 10시,목요일,충청북도 제천시 교동,경상사고,0,0,1,0,차대차 - 측면직각충돌,안전운전불이행,건조,맑음,단일로 - 기타,화물,남,53세,상해없음,승용,남,41세,경상
2014112000100201,2014년 11월 20일 10시,목요일,충청북도 청주시 흥덕구 문암동,중상사고,0,1,0,0,차대차 - 기타,안전운전불이행,건조,맑음,교차로 - 교차로안,화물,여,58세,상해없음,승용,남,52세,중상
2014112000100202,2014년 11월 20일 10시,목요일,충청북도 청주시 상당구 용암동,경상사고,0,0,2,0,차대차 - 측면직각충돌,안전운전불이행,건조,맑음,교차로 - 교차로부근,승용,남,56세,상해없음,승용,남,33세,경상
2014112000100240,2014년 11월 20일 11시,목요일,충청북도 증평군 증평읍,중상사고,0,2,3,0,차대차 - 추돌 - 주정차중,안전운전불이행,건조,맑음,교차로 - 교차로부근,화물,남,47세,상해없음,승용,남,52세,경상
2014112000100241,2014년 11월 20일 11시,목요일,충청북도 청주시 서원구 개신동,경상사고,0,0,2,0,차대차 - 측면직각충돌,신호위반,건조,맑음,교차로 - 교차로안,화물,남,43세,상해없음,화물,남,45세,경상
2014112000100272,2014년 11월 20일 12시,목요일,충청북도 청주시 상당구 남문로2가동,경상사고,0,0,1,0,차대사람 - 기타,안전운전불이행,건조,맑음,기타 - 기타,자전거,기타불명,기타불명,기타불명,보행자,여,58세,경상
2014112000100309,2014년 11월 20일 13시,목요일,충청북도 제천시 송학면,중상사고,0,1,0,0,차대차 - 기타,안전거리미확보,건조,맑음,단일로 - 기타,승용,남,64세,상해없음,승용,남,44세,중상
2014112000100310,2014년 11월 20일 13시,목요일,충청북도 청주시 서원구 개신동,경상사고,0,0,2,0,차대차 - 기타,안전운전불이행,건조,맑음,교차로 - 교차로부근,승용,남,55세,상해없음,승용,남,66세,경상
2014112000100385,2014년 11월 20일 15시,목요일,충청북도 옥천군 옥천읍,경상사고,0,0,1,0,차대차 - 추돌 - 주정차중,안전운전불이행,건조,맑음,교차로 - 교차로안,승용,남,57세,상해없음,승용,남,34세,상해없음
2014112000100433,2014년 11월 20일 16시,목요일,충청북도 청주시 서원구 분평동,경상사고,0,0,2,0,차대차 - 측면직각충돌,안전운전불이행,건조,맑음,단일로 - 기타,승합,남,51세,상해없음,승합,남,32세,경상
2014112000100476,2014년 11월 20일 17시,목요일,충청북도 청주시 청원구 북이면,경상사고,0,0,1,0,차대차 - 기타,안전운전불이행,건조,맑음,단일로 - 기타,승용,여,35세,상해없음,승용,남,23세,경상
2014112000100477,2014년 11월 20일 17시,목요일,충청북도 청주시 청원구 사천동,중상사고,0,1,0,0,차대차 - 추돌 - 주정차중,안전운전불이행,건조,맑음,단일로 - 기타,승용,여,46세,상해없음,승용,남,48세,중상
2014112000100478,2014년 11월 20일 17시,목요일,충청북도 진천군 진천읍,중상사고,0,1,0,0,차대차 - 측면직각충돌,교차로운행방법위반,건조,맑음,교차로 - 교차로안,승용,남,57세,상해없음,원동기,남,67세,중상
2014112000100479,2014년 11월 20일 17시,목요일,충청북도 청주시 상당구 용암동,중상사고,0,1,0,0,차대사람 - 횡단중,안전운전불이행,건조,맑음,단일로 - 횡단보도상,승용,여,46세,상해없음,보행자,남,7세,중상
2014112000100480,2014년 11월 20일 17시,목요일,충청북도 괴산군 연풍면,사망사고,1,0,4,0,차대차 - 추돌 - 진행중,안전운전불이행,건조,맑음,단일로 - 기타,승용,여,45세,경상,승용,남,24세,경상
2014112000100537,2014년 11월 20일 18시,목요일,충청북도 제천시 장락동,중상사고,0,2,0,0,차대차 - 기타,안전거리미확보,건조,맑음,교차로 - 교차로안,승용,남,53세,상해없음,승용,여,45세,중상
2014112000100538,2014년 11월 20일 18시,목요일,충청북도 청주시 서원구 개신동,경상사고,0,0,1,0,차대차 - 추돌 - 주정차중,안전운전불이행,건조,맑음,단일로 - 기타,승용,여,56세,상해없음,승용,여,49세,경상
2014112000100598,2014년 11월 20일 19시,목요일,충청북도 청주시 청원구 사천동,경상사고,0,0,3,0,차대차 - 기타,안전운전불이행,건조,맑음,단일로 - 기타,승용,여,46세,경상,승용,남,66세,경상
2014112000100599,2014년 11월 20일 19시,목요일,충청북도 음성군 대소면,경상사고,0,0,1,0,차대차 - 기타,안전운전불이행,건조,맑음,교차로 - 교차로부근,승용,남,31세,상해없음,승용,남,22세,경상
2014112000100637,2014년 11월 20일 20시,목요일,충청북도 제천시 영천동,경상사고,0,0,2,0,차대차 - 측면직각충돌,안전운전불이행,건조,맑음,교차로 - 교차로안,화물,남,57세,상해없음,승용,남,49세,경상
2014112000100638,2014년 11월 20일 20시,목요일,충청북도 청주시 서원구 성화동,경상사고,0,0,1,0,차대차 - 측면직각충돌,안전운전불이행,건조,맑음,단일로 - 기타,승용,남,33세,상해없음,이륜,남,39세,경상
2014112000100639,2014년 11월 20일 20시,목요일,충청북도 청주시 상당구 남주동,경상사고,0,0,2,0,차대차 - 측면직각충돌,직진우회전진행방해,건조,맑음,교차로 - 교차로안,승용,남,21세,경상,승합,남,37세,상해없음
2014112000100676,2014년 11월 20일 21시,목요일,충청북도 음성군 감곡면,경상사고,0,0,1,0,차대사람 - 기타,안전운전불이행,건조,맑음,교차로 - 교차로부근,승용,남,30세,상해없음,보행자,남,24세,경상
2014112000100706,2014년 11월 20일 22시,목요일,충청북도 음성군 음성읍,사망사고,1,0,0,0,차대사람 - 기타,안전운전불이행,건조,맑음,단일로 - 기타,승용,여,44세,상해없음,보행자,남,54세,사망
2014112000100736,2014년 11월 20일 23시,목요일,충청북도 충주시 성서동,경상사고,0,0,1,0,차대차 - 기타,안전운전불이행,건조,맑음,단일로 - 기타,승용,남,45세,상해없음,화물,남,41세,경상
2014112000100737,2014년 11월 20일 23시,목요일,충청북도 청주시 흥덕구 봉명동,경상사고,0,0,2,0,차대차 - 측면직각충돌,안전거리미확보,건조,맑음,단일로 - 기타,승용,남,63세,상해없음,승용,남,42세,상해없음
2014112100100010,2014년 11월 21일 00시,금요일,충청북도 청주시 청원구 오창읍,경상사고,0,0,2,0,차대차 - 추돌 - 주정차중,안전운전불이행,건조,맑음,교차로 - 교차로부근,승용,남,39세,상해없음,승용,남,45세,경상
2014112100100027,2014년 11월 21일 01시,금요일,충청북도 진천군 진천읍,경상사고,0,0,1,0,차대차 - 기타,안전운전불이행,건조,맑음,단일로 - 기타,승용,남,29세,상해없음,승용,남,46세,경상
2014112100100073,2014년 11월 21일 06시,금요일,충청북도 청주시 청원구 내수읍,중상사고,0,1,0,0,차대차 - 기타,안전운전불이행,건조,맑음,단일로 - 기타,화물,남,48세,상해없음,화물,남,48세,중상
2014112100100074,2014년 11월 21일 06시,금요일,충청북도 청주시 청원구 내수읍,부상신고사고,0,0,0,1,차대차 - 측면직각충돌,교차로운행방법위반,건조,맑음,교차로 - 교차로안,승용,여,46세,상해없음,자전거,남,57세,부상신고
2014112100100095,2014년 11월 21일 07시,금요일,충청북도 음성군 금왕읍,경상사고,0,0,1,0,차대차 - 측면직각충돌,교차로운행방법위반,습기,흐림,교차로 - 교차로안,승용,남,35세,경상,승용,남,45세,상해없음
2014112100100123,2014년 11월 21일 08시,금요일,충청북도 진천군 진천읍,경상사고,0,0,2,0,차대차 - 측면직각충돌,교차로운행방법위반,건조,맑음,교차로 - 교차로안,승용,남,39세,상해없음,승용,남,37세,경상
2014112100100157,2014년 11월 21일 09시,금요일,충청북도 청주시 서원구 사직동,경상사고,0,0,1,0,차대차 - 측면직각충돌,신호위반,건조,맑음,교차로 - 교차로안,승용,여,52세,상해없음,승용,여,55세,경상
2014112100100185,2014년 11월 21일 10시,금요일,충청북도 영동군 영동읍,중상사고,0,1,0,0,차대사람 - 횡단중,안전운전불이행,건조,맑음,교차로 - 교차로부근,승용,여,54세,상해없음,보행자,여,72세,중상
2014112100100186,2014년 11월 21일 10시,금요일,충청북도 옥천군 군북면,중상사고,0,1,0,0,차대차 - 기타,교차로운행방법위반,건조,맑음,교차로 - 교차로안,화물,남,51세,상해없음,이륜,남,72세,중상
2014112100100187,2014년 11월 21일 10시,금요일,충청북도 청주시 상당구 석교동,경상사고,0,0,1,0,차대차 - 측면직각충돌,차로위반,건조,맑음,단일로 - 기타,승용,남,35세,상해없음,승용,남,51세,경상
2014112100100219,2014년 11월 21일 11시,금요일,충청북도 청주시 서원구 사창동,중상사고,0,1,0,0,차대차 - 측면직각충돌,안전운전불이행,건조,맑음,단일로 - 기타,승용,남,52세,상해없음,승용,남,58세,기타불명
2014112100100309,2014년 11월 21일 15시,금요일,충청북도 청주시 흥덕구 복대동,중상사고,0,1,0,0,차대차 - 측면직각충돌,신호위반,건조,맑음,교차로 - 교차로안,승용,남,58세,상해없음,화물,남,76세,중상
2014112100100343,2014년 11월 21일 16시,금요일,충청북도 청주시 흥덕구 가경동,경상사고,0,0,1,0,차대사람 - 기타,안전운전불이행,건조,맑음,단일로 - 기타,승용,여,47세,기타불명,보행자,여,13세,경상