사고번호,사고일시,요일,시군구,사고내용,사망자수,중상자수,경상자수,부상신고자수,사고유형,법규위반,노면상태,기상상태,도로형태,가해운전자 차종,가해운전자 성별,가해운전자 연령,가해운전자 상해정도,피해운전자 차종,피해운전자 성별,피해운전자 연령,피해운전자 상해정도
2014112600100097,2014년 11월 26일 07시,수요일,충청북도 청주시 흥덕구 가경동,경상사고,0,0,2,0,차대차 - 측면직각충돌,기타,건조,흐림,단일로 - 기타,승합,남,54세,상해없음,화물,남,63세,상해없음
2014112600100098,2014년 11월 26일 07시,수요일,충청북도 청주시 흥덕구 향정동,경상사고,0,0,1,0,차량단독 - 기타,안전운전불이행,건조,맑음,단일로 - 기타,기타불명,기타불명,기타불명,기타불명,,,,
2014112600100121,2014년 11월 26일 08시,수요일,충청북도 청주시 상당구 수동,경상사고,0,0,1,0,차대차 - 기타,안전운전불이행,건조,맑음,교차로 - 교차로부근,자전거,남,40세,경상,승용,여,26세,상해없음
2014112600100122,2014년 11월 26일 08시,수요일,충청북도 제천시 명동,부상신고사고,0,0,0,1,차대차 - 기타,안전운전불이행,건조,맑음,교차로 - 교차로안,승용,남,71세,부상신고,승용,여,41세,상해없음
2014112600100123,2014년 11월 26일 08시,수요일,충청북도 청주시 상당구 영운동,중상사고,0,1,1,0,차대차 - 측면직각충돌,교차로운행방법위반,건조,맑음,교차로 - 교차로안,승합,남,55세,경상,승용,여,48세,중상
2014112600100156,2014년 11월 26일 09시,수요일,충청북도 청주시 청원구 내수읍,경상사고,0,0,1,0,차대차 - 기타,안전운전불이행,건조,맑음,교차로 - 교차로부근,승용,남,51세,상해없음,화물,남,43세,경상
2014112600100215,2014년 11월 26일 11시,수요일,충청북도 제천시 장락동,경상사고,0,0,1,0,차대차 - 기타,안전거리미확보,건조,맑음,단일로 - 기타,승용,남,45세,상해없음,화물,남,28세,경상
2014112600100241,2014년 11월 26일 12시,수요일,충청북도 충주시 주덕읍,중상사고,0,2,1,0,차대차 - 기타,안전거리미확보,건조,맑음,단일로 - 기타,승용,남,54세,상해없음,승용,여,36세,경상
2014112600100242,2014년 11월 26일 12시,수요일,충청북도 음성군 금왕읍,경상사고,0,0,2,0,차대차 - 기타,중앙선침범,건조,맑음,단일로 - 기타,승용,남,45세,상해없음,승용,여,24세,경상
2014112600100266,2014년 11월 26일 13시,수요일,충청북도 충주시 칠금동,중상사고,0,1,0,0,차대차 - 기타,신호위반,건조,맑음,단일로 - 기타,승용,남,69세,상해없음,자전거,여,63세,중상
2014112600100328,2014년 11월 26일 15시,수요일,충청북도 청주시 청원구 오창읍,중상사고,0,1,0,0,차대차 - 기타,안전운전불이행,건조,맑음,교차로 - 교차로부근,건설기계,남,61세,상해없음,건설기계,남,55세,중상
2014112600100354,2014년 11월 26일 16시,수요일,,경상사고,0,0,1,0,차량단독 - 기타,안전운전불이행,건조,맑음,단일로 - 기타,건설기계,남,38세,경상,,,,
2014112600100355,2014년 11월 26일 16시,수요일,충청북도 충주시 신니면,중상사고,0,1,0,0,차량단독 - 전도전복,안전운전불이행,건조,맑음,단일로 - 기타,이륜,남,77세,중상,,,,
2014112600100356,2014년 11월 26일 16시,수요일,충청북도 제천시 의림동,경상사고,0,0,2,0,차대차 - 측면직각충돌,기타,건조,맑음,교차로 - 교차로안,승용,여,30세,경상,승용,남,46세,경상
2014112600100357,2014년 11월 26일 16시,수요일,충청북도 영동군 양강면,부상신고사고,0,0,0,1,차량단독 - 전도전복,안전운전불이행,습기,흐림,단일로 - 기타,원동기,남,74세,부상신고,,,,
2014112600100358,2014년 11월 26일 16시,수요일,충청북도 음성군 생극면,중상사고,0,1,0,0,차대차 - 기타,중앙선침범,건조,맑음,단일로 - 기타,화물,남,62세,상해없음,원동기,남,84세,중상
2014112600100404,2014년 11월 26일 17시,수요일,충청북도 영동군 황간면,경상사고,0,0,4,0,차대차 - 측면직각충돌,신호위반,건조,맑음,교차로 - 교차로안,승용,남,58세,경상,승용,남,59세,경상
2014112600100405,2014년 11월 26일 17시,수요일,충청북도 청주시 흥덕구 봉명동,경상사고,0,0,1,1,차대차 - 측면직각충돌,안전거리미확보,건조,맑음,단일로 - 기타,승용,남,46세,부상신고,승용,남,28세,경상
2014112600100511,2014년 11월 26일 19시,수요일,충청북도 단양군 단양읍,중상사고,0,1,0,0,차대사람 - 차도통행중,안전운전불이행,건조,맑음,단일로 - 기타,화물,남,69세,상해없음,보행자,남,46세,중상
2014112600100512,2014년 11월 26일 19시,수요일,충청북도 청주시 흥덕구 봉명동,경상사고,0,0,2,0,차대차 - 추돌 - 진행중,안전운전불이행,건조,맑음,교차로 - 교차로부근,승용,남,59세,상해없음,승용,여,43세,경상
2014112600100590,2014년 11월 26일 21시,수요일,충청북도 진천군 진천읍,중상사고,0,1,1,0,차대차 - 정면충돌,중앙선침범,건조,맑음,단일로 - 기타,화물,남,39세,상해없음,승합,남,58세,중상
2014112600100591,2014년 11월 26일 21시,수요일,충청북도 청주시 흥덕구 가경동,중상사고,0,1,0,0,차대차 - 기타,중앙선침범,건조,맑음,단일로 - 기타,승용,여,27세,상해없음,이륜,남,44세,중상
2014112600100630,2014년 11월 26일 22시,수요일,충청북도 옥천군 청산면,중상사고,0,1,0,0,차량단독 - 전도전복,안전운전불이행,건조,맑음,단일로 - 기타,승용,남,56세,중상,,,,
2014112600100631,2014년 11월 26일 22시,수요일,충청북도 청주시 상당구 월오동,중상사고,0,1,0,0,차량단독 - 공작물충돌,안전운전불이행,건조,맑음,단일로 - 기타,승합,남,36세,중상,,,,
2014112600100665,2014년 11월 26일 23시,수요일,충청북도 청주시 서원구 모충동,경상사고,0,0,2,0,차대차 - 추돌 - 주정차중,안전운전불이행,건조,맑음,교차로 - 교차로부근,승용,남,48세,상해없음,승용,남,39세,경상
2014112700100009,2014년 11월 27일 00시,목요일,충청북도 청주시 청원구 오창읍,중상사고,0,1,1,0,차대차 - 정면충돌,신호위반,건조,맑음,교차로 - 교차로안,승용,남,24세,경상,승용,남,57세,중상
2014112700100010,2014년 11월 27일 00시,목요일,충청북도 충주시 연수동,경상사고,0,0,1,0,차대사람 - 기타,안전운전불이행,기타,맑음,교차로 - 교차로안,승용,남,32세,상해없음,보행자,남,39세,경상
2014112700100047,2014년 11월 27일 02시,목요일,충청북도 충주시 연수동,경상사고,0,0,2,1,차대차 - 추돌 - 진행중,신호위반,건조,맑음,교차로 - 교차로안,승용,남,47세,부상신고,승용,남,66세,경상
2014112700100075,2014년 11월 27일 06시,목요일,충청북도 제천시 고암동,중상사고,0,1,0,0,차대차 - 측면직각충돌,신호위반,건조,맑음,교차로 - 교차로안,승용,남,53세,기타불명,승용,여,50세,중상
2014112700100076,2014년 11월 27일 06시,목요일,충청북도 청주시 흥덕구 강내면,사망사고,1,0,0,0,차대차 - 기타,안전거리미확보,건조,맑음,단일로 - 기타,화물,남,42세,상해없음,승용,남,25세,사망
2014112700100100,2014년 11월 27일 07시,목요일,충청북도 청주시 흥덕구 봉명동,경상사고,0,0,3,0,차대차 - 기타,교차로운행방법위반,건조,맑음,교차로 - 교차로안,승용,남,63세,경상,승용,여,34세,경상
2014112700100127,2014년 11월 27일 08시,목요일,충청북도 청주시 청원구 오창읍,중상사고,0,2,0,0,차대차 - 측면직각충돌,교차로운행방법위반,건조,맑음,교차로 - 교차로안,승용,여,45세,상해없음,승용,남,38세,중상
2014112700100128,2014년 11월 27일 08시,목요일,충청북도 청주시 흥덕구 가경동,경상사고,0,0,1,0,차대차 - 추돌 - 주정차중,안전운전불이행,건조,맑음,교차로 - 교차로부근,자전거,남,13세,경상,승용,여,48세,상해없음
2014112700100201,2014년 11월 27일 10시,목요일,충청북도 충주시 금릉동,중상사고,0,1,1,0,차대차 - 기타,신호위반,건조,맑음,교차로 - 교차로안,승용,여,63세,경상,승용,여,61세,중상
2014112700100202,2014년 11월 27일 10시,목요일,충청북도 충주시 소태면,부상신고사고,0,0,0,1,차대차 - 기타,중앙선침범,건조,맑음,교차로 - 교차로안,승용,남,74세,부상신고,건설기계,남,55세,상해없음
2014112700100203,2014년 11월 27일 10시,목요일,충청북도 음성군 음성읍,중상사고,0,1,0,0,차대사람 - 기타,안전운전불이행,건조,맑음,기타 - 기타,화물,남,54세,상해없음,보행자,여,39세,중상
2014112700100204,2014년 11월 27일 10시,목요일,충청북도 옥천군 옥천읍,중상사고,0,1,0,0,차대사람 - 보도통행중,보행자보호의무위반,건조,맑음,단일로 - 횡단보도상,화물,남,62세,상해없음,보행자,남,72세,중상
2014112700100232,2014년 11월 27일 11시,목요일,충청북도 제천시 중앙로1가,경상사고,0,0,1,0,차대차 - 측면직각충돌,안전운전불이행,건조,맑음,교차로 - 교차로안,승용,남,65세,상해없음,승합,남,30세,경상
2014112700100233,2014년 11월 27일 11시,목요일,충청북도 청주시 상당구 용담동,중상사고,0,1,0,0,차대차 - 기타,안전운전불이행,건조,맑음,교차로 - 교차로부근,승용,남,55세,상해없음,승용,여,51세,중상
2014112700100283,2014년 11월 27일 13시,목요일,충청북도 제천시 화산동,중상사고,0,2,2,0,차대차 - 기타,직진우회전진행방해,건조,맑음,교차로 - 교차로안,승용,남,34세,상해없음,승용,남,45세,중상
2014112700100344,2014년 11월 27일 15시,목요일,충청북도 청주시 청원구 우암동,경상사고,0,0,1,0,차대차 - 기타,중앙선침범,건조,맑음,교차로 - 교차로부근,원동기,남,56세,경상,기타불명,기타불명,기타불명,기타불명
2014112700100345,2014년 11월 27일 15시,목요일,충청북도 청주시 상당구 용암동,경상사고,0,0,3,0,차대차 - 기타,중앙선침범,건조,맑음,단일로 - 기타,승용,여,44세,상해없음,승용,남,42세,경상
2014112700100371,2014년 11월 27일 16시,목요일,충청북도 청주시 상당구 낭성면,경상사고,0,0,2,0,차대차 - 추돌 - 주정차중,안전운전불이행,건조,맑음,단일로 - 기타,승용,남,67세,경상,승용,남,43세,경상
2014112700100468,2014년 11월 27일 18시,목요일,충청북도 제천시 신월동,경상사고,0,0,1,0,차대차 - 기타,안전운전불이행,건조,맑음,단일로 - 기타,승용,여,66세,상해없음,승용,남,57세,경상
2014112700100469,2014년 11월 27일 18시,목요일,충청북도 청주시 흥덕구 강서동,경상사고,0,0,1,0,차대차 - 기타,차로위반,건조,맑음,단일로 - 기타,승용,여,30세,상해없음,승용,여,23세,경상
2014112700100470,2014년 11월 27일 18시,목요일,충청북도 청주시 흥덕구 오송읍,경상사고,0,0,1,0,차대사람 - 횡단중,보행자보호의무위반,건조,맑음,단일로 - 기타,화물,남,72세,상해없음,보행자,여,21세,경상
2014112700100510,2014년 11월 27일 19시,목요일,충청북도 충주시 봉방동,중상사고,0,1,0,0,차대사람 - 기타,안전운전불이행,건조,맑음,단일로 - 기타,승용,남,53세,상해없음,보행자,남,58세,중상
2014112700100541,2014년 11월 27일 20시,목요일,충청북도 음성군 음성읍,경상사고,0,0,1,0,차대차 - 기타,교차로운행방법위반,건조,맑음,교차로 - 교차로안,승용,여,20세,상해없음,원동기,남,16세,경상
2014112700100582,2014년 11월 27일 21시,목요일,충청북도 증평군 증평읍,경상사고,0,0,2,0,차대차 - 측면직각충돌,신호위반,건조,맑음,교차로 - 교차로안,승용,남,48세,상해없음,승용,남,29세,경상
2014112700100583,2014년 11월 27일 21시,목요일,충청북도 청주시 흥덕구 봉명동,경상사고,0,0,1,0,차대차 - 기타,직진우회전진행방해,건조,맑음,교차로 - 교차로안,승용,남,28세,상해없음,승용,남,23세,경상
2014112700100584,2014년 11월 27일 21시,목요일,충청북도 청주시 흥덕구 봉명동,경상사고,0,0,1,0,차대차 - 기타,안전운전불이행,건조,맑음,단일로 - 기타,승용,남,37세,상해없음,이륜,남,19세,경상
2014112700100609,2014년 11월 27일 22시,목요일,충청북도 청주시 청원구 오창읍,경상사고,0,0,2,0,차대차 - 측면직각충돌,교차로운행방법위반,건조,맑음,교차로 - 교차로안,승용,남,36세,경상,승용,남,42세,경상
2014112700100610,2014년 11월 27일 22시,목요일,충청북도 청주시 서원구 사창동,경상사고,0,0,2,0,차대차 - 기타,신호위반,건조,맑음,교차로 - 교차로안,원동기,남,22세,경상,승용,남,49세,경상
2014112700100611,2014년 11월 27일 22시,목요일,충청북도 영동군 심천면,사망사고,1,0,1,0,차량단독 - 공작물충돌,안전운전불이행,건조,맑음,단일로 - 기타,화물,남,68세,사망,,,,
2014112700100612,2014년 11월 27일 22시,목요일,충청북도 청주시 흥덕구 송정동,경상사고,0,0,1,0,차대차 - 기타,신호위반,건조,맑음,교차로 - 교차로안,승용,남,32세,상해없음,승용,남,39세,경상
2014112700100644,2014년 11월 27일 23시,목요일,충청북도 충주시 교현동,경상사고,0,0,2,0,차대차 - 기타,안전운전불이행,건조,맑음,단일로 - 기타,승용,여,26세,상해없음,승용,남,39세,경상
2014112800100014,2014년 11월 28일 00시,금요일,충청북도 청주시 청원구 율량동,중상사고,0,1,0,0,차대차 - 기타,교차로운행방법위반,건조,맑음,교차로 - 교차로부근,승용,남,59세,상해없음,원동기,남,57세,중상
2014112800100050,2014년 11월 28일 02시,금요일,충청북도 청주시 서원구 산남동,경상사고,0,0,2,0,차대차 - 측면직각충돌,신호위반,건조,맑음,교차로 - 교차로안,승용,남,26세,경상,승용,남,50세,경상
2014112800100123,2014년 11월 28일 07시,금요일,충청북도 청주시 상당구 명암동,경상사고,0,0,1,0,차대차 - 추돌 - 진행중,안전거리미확보,건조,맑음,단일로 - 기타,승용,여,45세,상해없음,승용,여,53세,경상
2014112800100265,2014년 11월 28일 11시,금요일,충청북도 충주시 봉방동,중상사고,0,1,1,0,차대사람 - 횡단중,안전운전불이행,습기,비,단일로 - 횡단보도상,승용,남,44세,상해없음,보행자,남,47세,중상
2014112800100266,2014년 11월 28일 11시,금요일,충청북도 음성군 맹동면,중상사고,0,1,0,0,차대차 - 기타,중앙선침범,건조,맑음,단일로 - 기타,승용,남,40세,상해없음,화물,남,31세,중상
2014112800100298,2014년 11월 28일 12시,금요일,충청북도 진천군 광혜원면,경상사고,0,0,1,0,차대사람 - 기타,안전운전불이행,건조,맑음,단일로 - 기타,승용,남,55세,상해없음,보행자,여,81세,경상
2014112800100299,2014년 11월 28일 12시,금요일,충청북도 청주시 흥덕구 오송읍,경상사고,0,0,2,1,차대차 - 추돌 - 주정차중,안전운전불이행,건조,맑음,단일로 - 기타,화물,남,30세,상해없음,승용,여,28세,경상
2014112800100328,2014년 11월 28일 13시,금요일,충청북도 음성군 감곡면,중상사고,0,1,1,0,차대차 - 기타,신호위반,습기,비,교차로 - 교차로안,특수,남,23세,경상,특수,남,31세,중상
2014112800100429,2014년 11월 28일 16시,금요일,충청북도 충주시 교현동,중상사고,0,1,0,0,차대차 - 기타,안전운전불이행,습기,비,단일로 - 기타,승용,남,31세,상해없음,승용,남,40세,중상
2014112800100430,2014년 11월 28일 16시,금요일,충청북도 충주시 앙성면,중상사고,0,1,0,0,차량단독 - 기타,안전운전불이행,습기,비,단일로 - 기타,화물,남,53세,중상,,,,
2014112800100479,2014년 11월 28일 17시,금요일,충청북도 음성군 삼성면,경상사고,0,0,2,0,차대차 - 기타,안전운전불이행,습기,비,교차로 - 교차로안,화물,남,58세,상해없음,승용,여,26세,경상
2014112800100480,2014년 11월 28일 17시,금요일,충청북도 청주시 서원구 모충동,경상사고,0,0,2,0,차대차 - 기타,안전운전불이행,습기,흐림,교차로 - 교차로부근,승용,남,73세,상해없음,화물,남,54세,경상
2014112800100534,2014년 11월 28일 18시,금요일,충청북도 청주시 서원구 사직동,경상사고,0,0,1,0,차대사람 - 기타,안전운전불이행,습기,흐림,기타 - 기타,승용,남,62세,상해없음,보행자,여,62세,경상
2014112800100535,2014년 11월 28일 18시,금요일,충청북도 충주시 앙성면,부상신고사고,0,0,0,1,차량단독 - 공작물충돌,안전운전불이행,습기,비,단일로 - 기타,화물,남,26세,부상신고,,,,
2014112800100619,2014년 11월 28일 19시,금요일,충청북도 청주시 청원구 주성동,경상사고,0,0,2,0,차대차 - 기타,안전운전불이행,건조,흐림,단일로 - 기타,승용,남,57세,상해없음,승용,남,32세,경상
2014112800100620,2014년 11월 28일 19시,금요일,충청북도 청주시 청원구 내덕동,중상사고,0,1,0,0,차대차 - 측면직각충돌,안전운전불이행,건조,맑음,교차로 - 교차로부근,화물,남,41세,기타불명,자전거,남,16세,중상
2014112800100673,2014년 11월 28일 20시,금요일,충청북도 충주시 앙성면,사망사고,1,0,3,0,차대차 - 기타,안전거리미확보,습기,비,단일로 - 기타,화물,남,65세,사망,승용,남,27세,경상
2014112800100674,2014년 11월 28일 20시,금요일,충청북도 청주시 상당구 용암동,경상사고,0,0,1,0,차대차 - 추돌 - 주정차중,안전운전불이행,건조,맑음,단일로 - 기타,승용,남,54세,상해없음,승용,여,38세,경상
2014112900100035,2014년 11월 29일 01시,토요일,충청북도 청주시 상당구 명암동,경상사고,0,0,1,0,차대사람 - 기타,안전운전불이행,건조,맑음,단일로 - 기타,승용,여,38세,상해없음,보행자,남,28세,경상
2014112900100074,2014년 11월 29일 03시,토요일,충청북도 청주시 청원구 오창읍,경상사고,0,0,1,0,차대차 - 측면직각충돌,안전운전불이행,건조,맑음,단일로 - 기타,화물,남,54세,상해없음,화물,남,42세,경상
2014112900100086,2014년 11월 29일 04시,토요일,충청북도 제천시 고암동,중상사고,0,1,0,0,차대사람 - 기타,안전운전불이행,습기,흐림,단일로 - 기타,원동기,남,50세,상해없음,보행자,남,19세,중상
2014112900100121,2014년 11월 29일 06시,토요일,충청북도 충주시 단월동,중상사고,0,1,0,0,차대차 - 추돌 - 진행중,신호위반,건조,맑음,교차로 - 교차로안,원동기,남,58세,중상,승용,남,66세,상해없음
2014112900100156,2014년 11월 29일 08시,토요일,충청북도 음성군 대소면,중상사고,0,1,2,0,차대차 - 기타,교차로운행방법위반,건조,맑음,교차로 - 교차로안,승용,여,30세,경상,화물,남,50세,경상
2014112900100234,2014년 11월 29일 11시,토요일,충청북도 영동군 용산면,중상사고,0,1,0,0,차대차 - 측면직각충돌,신호위반,건조,맑음,교차로 - 교차로안,화물,남,72세,상해없음,승용,여,43세,중상
2014112900100235,2014년 11월 29일 11시,토요일,충청북도 청주시 흥덕구 오송읍,중상사고,0,1,0,0,차대사람 - 횡단중,안전운전불이행,건조,맑음,단일로 - 횡단보도상,승용,남,76세,상해없음,보행자,여,77세,중상
2014112900100302,2014년 11월 29일 13시,토요일,충청북도 청주시 상당구 남문로1가동,중상사고,0,2,1,0,차대차 - 추돌 - 주정차중,안전거리미확보,건조,맑음,교차로 - 교차로부근,승용,남,61세,상해없음,화물,여,62세,경상
2014112900100348,2014년 11월 29일 14시,토요일,충청북도 청주시 서원구 분평동,경상사고,0,0,1,0,차대사람 - 횡단중,보행자보호의무위반,건조,맑음,단일로 - 기타,승용,남,59세,상해없음,보행자,여,40세,경상
2014112900100385,2014년 11월 29일 15시,토요일,충청북도 청주시 흥덕구 석소동,경상사고,0,0,3,0,차대차 - 측면직각충돌,안전거리미확보,건조,맑음,단일로 - 기타,승용,여,50세,상해없음,승용,남,33세,경상
2014112900100386,2014년 11월 29일 15시,토요일,충청북도 청주시 청원구 오창읍,경상사고,0,0,3,0,차대차 - 추돌 - 진행중,안전거리미확보,건조,맑음,단일로 - 기타,승용,남,74세,상해없음,승용,남,71세,경상
2014112900100438,2014년 11월 29일 16시,토요일,충청북도 단양군 영춘면,중상사고,0,1,0,0,차대사람 - 기타,안전운전불이행,건조,맑음,단일로 - 기타,승용,남,58세,상해없음,보행자,여,56세,중상
2014112900100439,2014년 11월 29일 16시,토요일,충청북도 청주시 서원구 분평동,경상사고,0,0,1,0,차대차 - 측면직각충돌,안전운전불이행,건조,맑음,교차로 - 교차로부근,승용,남,61세,상해없음,승합,남,30세,경상
2014112900100480,2014년 11월 29일 17시,토요일,충청북도 청주시 청원구 오창읍,경상사고,0,0,3,0,차대차 - 기타,교차로운행방법위반,건조,맑음,교차로 - 교차로안,승용,남,63세,상해없음,승용,남,43세,경상
2014112900100527,2014년 11월 29일 18시,토요일,충청북도 증평군 증평읍,중상사고,0,1,1,0,차대차 - 측면직각충돌,안전운전불이행,건조,맑음,교차로 - 교차로안,승용,여,47세,경상,승용,남,31세,중상
2014112900100528,2014년 11월 29일 18시,토요일,충청북도 괴산군 장연면,경상사고,0,0,3,0,차대차 - 추돌 - 주정차중,안전거리미확보,건조,맑음,단일로 - 터널,승용,남,47세,상해없음,승용,여,47세,상해없음
2014112900100572,2014년 11월 29일 19시,토요일,충청북도 청주시 흥덕구 복대동,경상사고,0,0,1,0,차대차 - 측면직각충돌,안전운전불이행,건조,맑음,단일로 - 기타,승용,남,52세,상해없음,이륜,남,29세,경상
2014112900100573,2014년 11월 29일 19시,토요일,충청북도 청주시 상당구 용암동,경상사고,0,0,1,0,차량단독 - 공작물충돌,안전운전불이행,건조,맑음,단일로 - 기타,원동기,남,19세,경상,,,,
2014112900100574,2014년 11월 29일 19시,토요일,충청북도 진천군 문백면,중상사고,0,1,1,0,차대차 - 기타,안전운전불이행,건조,맑음,단일로 - 기타,승용,남,35세,상해없음,승용,남,37세,중상
2014112900100600,2014년 11월 29일 20시,토요일,충청북도 청주시 흥덕구 오송읍,중상사고,0,2,0,0,차대차 - 추돌 - 주정차중,안전운전불이행,건조,맑음,단일로 - 기타,승용,남,38세,상해없음,승용,여,23세,중상
2014112900100665,2014년 11월 29일 22시,토요일,충청북도 청주시 청원구 주성동,경상사고,0,0,3,0,차대차 - 추돌 - 주정차중,안전운전불이행,건조,맑음,교차로 - 교차로부근,승용,남,34세,상해없음,승용,남,38세,경상
2014112900100666,2014년 11월 29일 22시,토요일,충청북도 충주시 연수동,부상신고사고,0,0,0,1,차량단독 - 기타,안전운전불이행,건조,맑음,단일로 - 기타,원동기,남,20세,부상신고,,,,
2014112900100667,2014년 11월 29일 22시,토요일,충청북도 제천시 청전동,경상사고,0,0,1,1,차대차 - 기타,안전운전불이행,건조,맑음,단일로 - 기타,이륜,남,20세,상해없음,승용,남,55세,부상신고
2014112900100668,2014년 11월 29일 22시,토요일,충청북도 옥천군 옥천읍,사망사고,1,0,0,0,차량단독 - 기타,안전운전불이행,건조,맑음,단일로 - 기타,승용,남,21세,상해없음,,,,
2014113000100052,2014년 11월 30일 02시,일요일,충청북도 충주시 달천동,중상사고,0,2,2,0,차대차 - 추돌 - 주정차중,안전운전불이행,건조,맑음,단일로 - 기타,승용,여,32세,경상,화물,여,54세,상해없음
2014113000100065,2014년 11월 30일 03시,일요일,충청북도 청주시 청원구 북이면,경상사고,0,0,1,0,차량단독 - 도로외이탈 - 추락,안전운전불이행,건조,맑음,단일로 - 기타,승용,남,35세,경상,,,,
2014113000100105,2014년 11월 30일 06시,일요일,충청북도 청주시 흥덕구 복대동,경상사고,0,0,1,0,차대사람 - 횡단중,안전운전불이행,건조,맑음,단일로 - 기타,승용,남,46세,상해없음,보행자,여,26세,경상
2014113000100119,2014년 11월 30일 07시,일요일,충청북도 청주시 흥덕구 복대동,중상사고,0,2,0,0,차대사람 - 횡단중,안전운전불이행,습기,비,단일로 - 기타,승용,남,24세,상해없음,보행자,여,27세,중상
2014113000100151,2014년 11월 30일 09시,일요일,충청북도 청주시 흥덕구 강서동,경상사고,0,0,1,0,차량단독 - 공작물충돌,안전운전불이행,습기,비,단일로 - 기타,승용,남,67세,상해없음,,,,
2014113000100170,2014년 11월 30일 10시,일요일,충청북도 청주시 청원구 사천동,중상사고,0,2,0,0,차대차 - 기타,신호위반,습기,흐림,교차로 - 교차로부근,승합,남,49세,상해없음,승용,남,60세,중상
2014113000100171,2014년 11월 30일 10시,일요일,충청북도 제천시 고암동,경상사고,0,0,1,0,차대사람 - 기타,안전운전불이행,습기,비,단일로 - 기타,승용,남,70세,상해없음,보행자,여,35세,경상
2014113000100172,2014년 11월 30일 10시,일요일,충청북도 청주시 흥덕구 봉명동,경상사고,0,0,3,0,차대차 - 측면직각충돌,교차로운행방법위반,건조,맑음,단일로 - 기타,승용,남,33세,경상,승용,남,59세,경상
2014113000100243,2014년 11월 30일 13시,일요일,충청북도 단양군 단양읍,사망사고,1,0,0,0,차량단독 - 도로외이탈 - 기타,안전운전불이행,습기,비,단일로 - 기타,원동기,남,61세,사망,,,,
2014113000100299,2014년 11월 30일 15시,일요일,,중상사고,0,2,3,0,차대차 - 기타,안전운전불이행,습기,흐림,단일로 - 기타,승용,남,39세,상해없음,승용,남,38세,경상
2014113000100315,2014년 11월 30일 16시,일요일,충청북도 영동군 용산면,중상사고,0,2,0,0,차대차 - 기타,중앙선침범,습기,비,단일로 - 기타,승용,남,52세,중상,승용,남,42세,중상
2014113000100347,2014년 11월 30일 17시,일요일,충청북도 보은군 산외면,경상사고,0,0,1,0,차대사람 - 길가장자리구역통행중,안전운전불이행,습기,비,교차로 - 교차로부근,승용,남,48세,상해없음,보행자,남,69세,경상
2014113000100348,2014년 11월 30일 17시,일요일,충청북도 청주시 상당구 영운동,경상사고,0,0,3,0,차대차 - 측면직각충돌,안전운전불이행,습기,비,교차로 - 교차로부근,승용,남,55세,경상,승용,여,44세,경상
2014113000100386,2014년 11월 30일 18시,일요일,충청북도 청주시 서원구 사직동,중상사고,0,1,2,0,차대차 - 기타,안전운전불이행,습기,비,교차로 - 교차로부근,승용,남,67세,중상,승용,남,45세,경상
2014113000100389,2014년 11월 30일 18시,일요일,충청북도 옥천군 옥천읍,부상신고사고,0,0,0,1,차대사람 - 차도통행중,안전운전불이행,습기,비,단일로 - 기타,기타불명,기타불명,기타불명,기타불명,보행자,여,22세,부상신고
2014113000100443,2014년 11월 30일 19시,일요일,충청북도 충주시 문화동,경상사고,0,0,3,0,차대차 - 측면직각충돌,안전운전불이행,습기,비,교차로 - 교차로안,화물,여,48세,경상,승합,남,28세,경상
2014113000100444,2014년 11월 30일 19시,일요일,충청북도 청주시 흥덕구 봉명동,경상사고,0,0,1,0,차대사람 - 기타,보행자보호의무위반,건조,맑음,교차로 - 교차로부근,승용,남,66세,상해없음,보행자,여,29세,경상
2014113000100445,2014년 11월 30일 19시,일요일,충청북도 청주시 상당구 금천동,경상사고,0,0,1,0,차대차 - 측면직각충돌,교차로운행방법위반,습기,맑음,교차로 - 교차로안,이륜,남,33세,경상,승용,남,32세,상해없음
2014113000100517,2014년 11월 30일 21시,일요일,충청북도 청주시 청원구 내수읍,경상사고,0,0,4,0,차대차 - 기타,안전운전불이행,건조,맑음,단일로 - 기타,승용,남,51세,상해없음,승용,남,45세,경상
2014113000100518,2014년 11월 30일 21시,일요일,충청북도 충주시 교현동,경상사고,0,0,1,0,차대차 - 측면직각충돌,신호위반,습기,비,단일로 - 기타,승용,남,29세,상해없음,승용,남,55세,경상
2014113000100537,2014년 11월 30일 22시,일요일,충청북도 청주시 흥덕구 가경동,경상사고,0,0,1,0,차대차 - 기타,교차로운행방법위반,습기,흐림,교차로 - 교차로안,승용,남,31세,상해없음,승용,여,45세,경상
2014120100100061,2014년 12월 1일 06시,월요일,충청북도 충주시 금릉동,경상사고,0,0,4,0,차대차 - 기타,안전운전불이행,건조,맑음,단일로 - 기타,승용,남,59세,경상,건설기계,남,37세,경상
2014120100100062,2014년 12월 1일 06시,월요일,충청북도 옥천군 옥천읍,중상사고,0,1,0,0,차대차 - 측면직각충돌,안전운전불이행,건조,맑음,단일로 - 기타,화물,남,54세,상해없음,승용,남,51세,중상