사고번호,사고일시,요일,시군구,사고내용,사망자수,중상자수,경상자수,부상신고자수,사고유형,법규위반,노면상태,기상상태,도로형태,가해운전자 차종,가해운전자 성별,가해운전자 연령,가해운전자 상해정도,피해운전자 차종,피해운전자 성별,피해운전자 연령,피해운전자 상해정도
2014120100100080,2014년 12월 1일 07시,월요일,충청북도 충주시 목행동,경상사고,0,0,5,0,차대차 - 기타,안전운전불이행,습기,눈,단일로 - 기타,승용,여,27세,경상,승용,남,29세,경상
2014120100100101,2014년 12월 1일 08시,월요일,충청북도 청주시 흥덕구 봉명동,경상사고,0,0,1,0,차대사람 - 차도통행중,안전운전불이행,건조,맑음,단일로 - 기타,승용,남,34세,상해없음,보행자,여,32세,경상
2014120100100136,2014년 12월 1일 09시,월요일,충청북도 충주시 연수동,경상사고,0,0,3,0,차대차 - 기타,안전거리미확보,습기,눈,단일로 - 기타,승용,남,62세,상해없음,승합,여,35세,경상
2014120100100170,2014년 12월 1일 10시,월요일,충청북도 음성군 금왕읍,중상사고,0,1,0,0,차대사람 - 기타,안전운전불이행,건조,기타,교차로 - 교차로부근,기타불명,기타불명,기타불명,기타불명,보행자,여,77세,중상
2014120100100171,2014년 12월 1일 10시,월요일,충청북도 청주시 흥덕구 복대동,중상사고,0,1,1,0,차대차 - 측면직각충돌,신호위반,습기,흐림,교차로 - 교차로안,승용,남,51세,상해없음,승용,남,56세,경상
2014120100100199,2014년 12월 1일 11시,월요일,충청북도 진천군 백곡면,경상사고,0,0,4,0,차대차 - 측면직각충돌,중앙선침범,결빙,눈,단일로 - 기타,승용,남,45세,경상,승합,남,55세,경상
2014120100100229,2014년 12월 1일 12시,월요일,충청북도 충주시 충의동,경상사고,0,0,1,0,차대사람 - 기타,안전운전불이행,습기,눈,기타 - 기타,승용,남,34세,상해없음,보행자,여,55세,경상
2014120100100230,2014년 12월 1일 12시,월요일,충청북도 제천시 중앙로2가,경상사고,0,0,2,0,차대차 - 기타,중앙선침범,습기,눈,단일로 - 기타,승용,남,49세,상해없음,승용,남,54세,경상
2014120100100231,2014년 12월 1일 12시,월요일,충청북도 제천시 명동,중상사고,0,2,0,0,차대차 - 기타,신호위반,습기,흐림,교차로 - 교차로부근,화물,남,25세,상해없음,화물,남,39세,중상
2014120100100368,2014년 12월 1일 16시,월요일,충청북도 청주시 청원구 내덕동,중상사고,0,2,0,0,차대차 - 추돌 - 진행중,안전운전불이행,습기,눈,단일로 - 기타,화물,남,46세,상해없음,승용,여,54세,중상
2014120100100369,2014년 12월 1일 16시,월요일,충청북도 괴산군 문광면,중상사고,0,1,5,0,차대차 - 기타,중앙선침범,적설,눈,단일로 - 기타,승용,여,49세,중상,승용,남,52세,경상
2014120100100370,2014년 12월 1일 16시,월요일,충청북도 청주시 서원구 남이면,중상사고,0,1,0,1,차대차 - 측면직각충돌,교차로운행방법위반,습기,눈,교차로 - 교차로안,승용,남,59세,부상신고,화물,남,38세,중상
2014120100100371,2014년 12월 1일 16시,월요일,충청북도 청주시 흥덕구 복대동,경상사고,0,0,1,0,차대차 - 추돌 - 주정차중,안전운전불이행,건조,맑음,교차로 - 교차로부근,승용,남,37세,상해없음,승용,여,41세,경상
2014120100100372,2014년 12월 1일 16시,월요일,충청북도 청주시 상당구 낭성면,중상사고,0,2,0,0,차대차 - 기타,안전운전불이행,적설,눈,단일로 - 기타,화물,남,44세,상해없음,승용,남,34세,중상
2014120100100410,2014년 12월 1일 17시,월요일,충청북도 제천시 청전동,중상사고,0,1,0,0,차대사람 - 기타,안전운전불이행,건조,맑음,단일로 - 기타,승용,여,49세,상해없음,보행자,여,72세,중상
2014120100100411,2014년 12월 1일 17시,월요일,충청북도 청주시 서원구 현도면,사망사고,1,0,0,0,차량단독 - 공작물충돌,안전운전불이행,습기,눈,단일로 - 기타,이륜,남,76세,사망,,,,
2014120100100412,2014년 12월 1일 17시,월요일,충청북도 청주시 상당구 영운동,중상사고,0,1,0,0,차대사람 - 기타,보행자보호의무위반,결빙,눈,교차로 - 교차로부근,화물,남,39세,상해없음,보행자,남,66세,중상
2014120100100469,2014년 12월 1일 18시,월요일,충청북도 청주시 상당구 북문로3가동,중상사고,0,1,0,0,차대차 - 기타,신호위반,결빙,눈,교차로 - 교차로안,승용,남,52세,상해없음,승합,남,48세,상해없음
2014120100100470,2014년 12월 1일 18시,월요일,충청북도 제천시 명동,경상사고,0,0,1,0,차대차 - 추돌 - 주정차중,안전운전불이행,건조,흐림,단일로 - 기타,승용,남,35세,상해없음,승용,남,37세,경상
2014120100100471,2014년 12월 1일 18시,월요일,충청북도 청주시 서원구 수곡동,중상사고,0,1,0,0,차대차 - 측면직각충돌,안전운전불이행,적설,눈,단일로 - 기타,승용,여,33세,상해없음,승용,남,42세,중상
2014120100100519,2014년 12월 1일 19시,월요일,충청북도 청주시 청원구 우암동,경상사고,0,0,1,0,차대차 - 기타,교차로운행방법위반,적설,눈,교차로 - 교차로안,승용,남,43세,상해없음,이륜,남,41세,경상
2014120100100520,2014년 12월 1일 19시,월요일,충청북도 청주시 흥덕구 복대동,경상사고,0,0,2,0,차대차 - 측면직각충돌,안전운전불이행,결빙,흐림,단일로 - 기타,승용,남,33세,상해없음,승용,남,31세,경상
2014120100100521,2014년 12월 1일 19시,월요일,충청북도 청주시 서원구 개신동,경상사고,0,0,1,0,차대차 - 추돌 - 진행중,안전운전불이행,결빙,흐림,단일로 - 기타,승용,남,52세,상해없음,승용,남,29세,경상
2014120100100522,2014년 12월 1일 19시,월요일,충청북도 청주시 서원구 분평동,경상사고,0,0,3,0,차대사람 - 기타,안전운전불이행,습기,눈,교차로 - 교차로안,승용,여,52세,상해없음,보행자,남,44세,경상
2014120100100557,2014년 12월 1일 20시,월요일,충청북도 청주시 흥덕구 복대동,중상사고,0,1,0,0,차대차 - 기타,안전운전불이행,건조,맑음,교차로 - 교차로부근,승용,남,31세,상해없음,승용,여,24세,중상
2014120100100558,2014년 12월 1일 20시,월요일,충청북도 청주시 서원구 개신동,경상사고,0,0,2,0,차대차 - 측면직각충돌,안전운전불이행,결빙,눈,미분류 - 미분류,승용,남,28세,상해없음,승용,남,50세,경상
2014120100100559,2014년 12월 1일 20시,월요일,충청북도 청주시 상당구 용담동,경상사고,0,0,4,0,차대차 - 추돌 - 진행중,안전운전불이행,적설,눈,단일로 - 기타,승용,남,45세,상해없음,승합,남,34세,경상
2014120100100594,2014년 12월 1일 21시,월요일,충청북도 제천시 서부동,중상사고,0,1,1,0,차대차 - 기타,직진우회전진행방해,건조,맑음,교차로 - 교차로안,승용,남,59세,상해없음,승용,남,53세,상해없음
2014120100100595,2014년 12월 1일 21시,월요일,충청북도 증평군 증평읍,경상사고,0,0,1,0,차량단독 - 기타,안전운전불이행,건조,맑음,단일로 - 기타,승합,남,45세,상해없음,,,,
2014120100100620,2014년 12월 1일 22시,월요일,충청북도 청주시 서원구 개신동,중상사고,0,1,0,0,차량단독 - 공작물충돌,안전운전불이행,결빙,눈,교차로 - 교차로안,승용,남,56세,상해없음,,,,
2014120100100646,2014년 12월 1일 23시,월요일,충청북도 청주시 청원구 우암동,경상사고,0,0,3,0,차대차 - 기타,불법유턴,건조,흐림,단일로 - 기타,승용,남,25세,상해없음,승용,남,38세,경상
2014120200100025,2014년 12월 2일 01시,화요일,충청북도 음성군 금왕읍,부상신고사고,0,0,0,1,차량단독 - 기타,안전운전불이행,건조,맑음,단일로 - 기타,승용,남,27세,부상신고,,,,
2014120200100026,2014년 12월 2일 01시,화요일,충청북도 청주시 서원구 남이면,사망사고,1,5,1,1,차대차 - 기타,안전운전불이행,결빙,눈,단일로 - 기타,화물,남,52세,부상신고,승용,남,41세,중상
2014120200100064,2014년 12월 2일 06시,화요일,충청북도 단양군 매포읍,경상사고,0,0,1,0,차량단독 - 공작물충돌,안전운전불이행,건조,맑음,단일로 - 기타,승용,남,30세,경상,,,,
2014120200100169,2014년 12월 2일 10시,화요일,충청북도 충주시 교현동,경상사고,0,0,1,1,차대차 - 기타,안전운전불이행,건조,맑음,교차로 - 교차로부근,승용,여,48세,부상신고,승용,남,53세,경상
2014120200100170,2014년 12월 2일 10시,화요일,충청북도 제천시 명동,경상사고,0,0,1,0,차대차 - 기타,직진우회전진행방해,건조,맑음,교차로 - 교차로안,승용,남,64세,상해없음,화물,남,45세,경상
2014120200100198,2014년 12월 2일 11시,화요일,충청북도 청주시 흥덕구 석소동,경상사고,0,0,1,0,차대차 - 기타,안전운전불이행,건조,맑음,단일로 - 기타,승합,남,68세,상해없음,승용,남,30세,경상
2014120200100216,2014년 12월 2일 12시,화요일,충청북도 제천시 청전동,중상사고,0,1,0,0,차대차 - 기타,안전운전불이행,건조,맑음,교차로 - 교차로안,화물,남,47세,상해없음,자전거,여,47세,중상
2014120200100243,2014년 12월 2일 13시,화요일,충청북도 청주시 흥덕구 정봉동,경상사고,0,0,1,0,차대차 - 추돌 - 진행중,안전운전불이행,건조,맑음,단일로 - 기타,기타불명,기타불명,기타불명,기타불명,승용,여,33세,경상
2014120200100271,2014년 12월 2일 14시,화요일,충청북도 영동군 매곡면,경상사고,0,0,1,0,차대사람 - 기타,안전운전불이행,건조,맑음,단일로 - 기타,원동기,남,48세,상해없음,보행자,여,74세,경상
2014120200100272,2014년 12월 2일 14시,화요일,충청북도 영동군 영동읍,경상사고,0,0,1,1,차대차 - 기타,직진우회전진행방해,건조,맑음,교차로 - 교차로안,승용,여,34세,부상신고,승용,여,42세,경상
2014120200100419,2014년 12월 2일 18시,화요일,충청북도 청주시 흥덕구 오송읍,경상사고,0,0,2,0,차대차 - 기타,교차로운행방법위반,건조,맑음,교차로 - 교차로안,승용,남,42세,경상,승용,여,28세,경상
2014120200100420,2014년 12월 2일 18시,화요일,충청북도 청주시 흥덕구 복대동,경상사고,0,0,1,0,차대차 - 기타,안전운전불이행,건조,맑음,단일로 - 기타,승용,남,55세,상해없음,승용,남,43세,경상
2014120200100421,2014년 12월 2일 18시,화요일,충청북도 청주시 서원구 분평동,경상사고,0,0,1,0,차대차 - 기타,안전거리미확보,건조,맑음,단일로 - 기타,승용,남,35세,상해없음,승용,남,54세,경상
2014120200100469,2014년 12월 2일 19시,화요일,충청북도 청주시 청원구 오창읍,경상사고,0,0,1,0,차대차 - 추돌 - 주정차중,안전운전불이행,건조,맑음,단일로 - 기타,승용,남,58세,상해없음,승용,남,60세,상해없음
2014120200100470,2014년 12월 2일 19시,화요일,충청북도 충주시 대소원면,중상사고,0,3,1,0,차대차 - 추돌 - 주정차중,안전운전불이행,건조,흐림,단일로 - 기타,승합,남,50세,상해없음,승용,남,42세,중상
2014120200100471,2014년 12월 2일 19시,화요일,충청북도 청주시 서원구 수곡동,경상사고,0,0,1,0,차대사람 - 횡단중,보행자보호의무위반,건조,맑음,단일로 - 횡단보도상,기타불명,기타불명,기타불명,기타불명,보행자,여,26세,경상
2014120200100509,2014년 12월 2일 20시,화요일,충청북도 음성군 금왕읍,경상사고,0,0,1,0,차대차 - 기타,안전운전불이행,건조,맑음,단일로 - 기타,승용,남,31세,상해없음,승합,남,62세,상해없음
2014120200100559,2014년 12월 2일 22시,화요일,충청북도 청주시 청원구 율량동,경상사고,0,0,1,0,차대사람 - 횡단중,보행자보호의무위반,건조,맑음,단일로 - 횡단보도상,승용,여,47세,상해없음,보행자,남,27세,경상
2014120200100560,2014년 12월 2일 22시,화요일,충청북도 진천군 진천읍,경상사고,0,0,1,0,차대차 - 측면직각충돌,신호위반,적설,눈,교차로 - 교차로안,승용,남,48세,상해없음,승용,여,29세,경상
2014120300100011,2014년 12월 3일 00시,수요일,충청북도 청주시 청원구 내덕동,중상사고,0,1,0,0,차대차 - 측면직각충돌,교차로운행방법위반,건조,맑음,교차로 - 교차로부근,승용,남,43세,상해없음,이륜,남,28세,중상
2014120300100052,2014년 12월 3일 01시,수요일,충청북도 청주시 흥덕구 강서동,경상사고,0,0,4,0,차대차 - 추돌 - 주정차중,안전운전불이행,습기,눈,단일로 - 기타,승용,남,56세,상해없음,승용,남,46세,경상
2014120300100066,2014년 12월 3일 02시,수요일,충청북도 청주시 청원구 내덕동,중상사고,0,1,0,0,차대차 - 측면직각충돌,안전운전불이행,습기,눈,교차로 - 교차로부근,승용,여,35세,상해없음,승용,남,45세,상해없음
2014120300100100,2014년 12월 3일 05시,수요일,충청북도 음성군 삼성면,경상사고,0,0,2,0,차대차 - 기타,안전거리미확보,적설,흐림,단일로 - 기타,화물,남,57세,상해없음,승용,남,50세,상해없음
2014120300100143,2014년 12월 3일 07시,수요일,충청북도 충주시 칠금동,경상사고,0,0,1,0,차대차 - 기타,신호위반,습기,흐림,교차로 - 교차로안,승용,여,38세,상해없음,승용,남,29세,경상
2014120300100181,2014년 12월 3일 08시,수요일,충청북도 충주시 노은면,경상사고,0,0,1,0,차대차 - 기타,중앙선침범,적설,눈,단일로 - 기타,승용,남,47세,상해없음,승용,남,35세,경상
2014120300100182,2014년 12월 3일 08시,수요일,충청북도 충주시 문화동,경상사고,0,0,4,0,차대차 - 기타,교차로운행방법위반,결빙,흐림,교차로 - 교차로안,승용,남,29세,상해없음,승용,남,38세,경상
2014120300100183,2014년 12월 3일 08시,수요일,충청북도 청주시 상당구 금천동,중상사고,0,1,0,0,차대차 - 측면직각충돌,안전운전불이행,습기,맑음,교차로 - 교차로부근,승용,여,58세,상해없음,승용,여,59세,중상
2014120300100214,2014년 12월 3일 09시,수요일,충청북도 충주시 주덕읍,경상사고,0,0,1,0,차대사람 - 기타,안전운전불이행,건조,맑음,단일로 - 기타,화물,남,51세,상해없음,보행자,남,62세,경상
2014120300100298,2014년 12월 3일 13시,수요일,충청북도 청주시 청원구 오창읍,중상사고,0,1,0,0,차대차 - 추돌 - 진행중,안전거리미확보,건조,맑음,교차로 - 교차로부근,승합,남,62세,중상,화물,남,46세,상해없음
2014120300100299,2014년 12월 3일 13시,수요일,충청북도 충주시 봉방동,중상사고,0,1,0,0,차대차 - 기타,교차로운행방법위반,건조,맑음,교차로 - 교차로안,원동기,남,66세,중상,승용,남,54세,상해없음
2014120300100300,2014년 12월 3일 13시,수요일,충청북도 충주시 금가면,중상사고,0,3,0,0,차대차 - 기타,안전거리미확보,습기,흐림,교차로 - 교차로안,화물,남,61세,상해없음,승용,남,67세,중상
2014120300100325,2014년 12월 3일 14시,수요일,충청북도 청주시 흥덕구 복대동,중상사고,0,1,0,0,차대사람 - 길가장자리구역통행중,안전운전불이행,건조,맑음,단일로 - 기타,승용,남,53세,상해없음,보행자,남,8세,중상
2014120300100375,2014년 12월 3일 16시,수요일,충청북도 청주시 청원구 오창읍,중상사고,0,2,0,0,차대사람 - 기타,보행자보호의무위반,습기,눈,단일로 - 횡단보도상,승합,남,58세,상해없음,보행자,여,14세,중상
2014120300100402,2014년 12월 3일 17시,수요일,충청북도 단양군 대강면,중상사고,0,3,0,0,차대차 - 기타,안전운전불이행,적설,눈,단일로 - 기타,승용,여,50세,상해없음,화물,남,25세,상해없음
2014120300100458,2014년 12월 3일 18시,수요일,충청북도 청주시 청원구 우암동,경상사고,0,0,1,0,차대사람 - 기타,안전운전불이행,습기,눈,교차로 - 교차로안,승합,남,52세,상해없음,보행자,남,23세,경상
2014120300100459,2014년 12월 3일 18시,수요일,충청북도 음성군 원남면,사망사고,1,0,1,0,차량단독 - 기타,안전운전불이행,결빙,맑음,단일로 - 기타,화물,남,65세,경상,,,,
2014120300100504,2014년 12월 3일 19시,수요일,충청북도 청주시 흥덕구 봉명동,경상사고,0,0,1,0,차대차 - 측면직각충돌,신호위반,결빙,눈,교차로 - 교차로안,승용,여,45세,상해없음,이륜,남,39세,경상
2014120400100015,2014년 12월 4일 00시,목요일,충청북도 청주시 흥덕구 신봉동,경상사고,0,0,1,0,차대차 - 추돌 - 주정차중,안전운전불이행,습기,흐림,교차로 - 교차로부근,승용,남,31세,상해없음,승용,남,59세,경상
2014120400100016,2014년 12월 4일 00시,목요일,충청북도 청주시 상당구 용담동,경상사고,0,0,1,0,차대차 - 측면직각충돌,안전운전불이행,결빙,맑음,단일로 - 기타,승용,남,55세,상해없음,승용,남,42세,경상
2014120400100068,2014년 12월 4일 04시,목요일,충청북도 청주시 흥덕구 봉명동,사망사고,1,0,0,0,차대사람 - 기타,안전운전불이행,습기,흐림,단일로 - 기타,승용,남,65세,상해없음,보행자,남,36세,사망
2014120400100077,2014년 12월 4일 05시,목요일,충청북도 제천시 백운면,사망사고,1,0,1,0,차대차 - 추돌 - 진행중,안전운전불이행,습기,맑음,단일로 - 기타,화물,남,50세,사망,화물,남,27세,경상
2014120400100094,2014년 12월 4일 06시,목요일,충청북도 음성군 맹동면,중상사고,0,1,1,0,차대차 - 기타,교차로운행방법위반,결빙,흐림,교차로 - 교차로안,승용,남,46세,중상,승용,남,37세,경상
2014120400100162,2014년 12월 4일 08시,목요일,충청북도 청주시 흥덕구 향정동,경상사고,0,0,1,0,차대사람 - 기타,안전운전불이행,건조,맑음,단일로 - 기타,승용,여,40세,상해없음,보행자,남,34세,경상
2014120400100196,2014년 12월 4일 09시,목요일,충청북도 청주시 서원구 사창동,중상사고,0,1,0,0,차대차 - 측면직각충돌,안전운전불이행,결빙,맑음,교차로 - 교차로안,승용,남,43세,상해없음,승용,남,46세,중상
2014120400100197,2014년 12월 4일 09시,목요일,충청북도 청주시 상당구 명암동,사망사고,1,1,0,0,차량단독 - 전도전복,안전운전불이행,건조,맑음,단일로 - 기타,승용,여,62세,중상,,,,
2014120400100224,2014년 12월 4일 10시,목요일,충청북도 청주시 서원구 죽림동,경상사고,0,0,1,0,차대차 - 측면직각충돌,안전운전불이행,건조,맑음,교차로 - 교차로부근,승용,남,46세,상해없음,승용,여,37세,경상
2014120400100252,2014년 12월 4일 11시,목요일,충청북도 청주시 상당구 용암동,중상사고,0,1,0,0,차대차 - 기타,안전운전불이행,건조,맑음,교차로 - 교차로부근,승용,남,46세,상해없음,승용,여,58세,중상
2014120400100275,2014년 12월 4일 12시,목요일,충청북도 제천시 고암동,중상사고,0,1,0,0,차대차 - 측면직각충돌,안전거리미확보,기타,맑음,단일로 - 기타,화물,남,69세,상해없음,화물,남,73세,상해없음
2014120400100276,2014년 12월 4일 12시,목요일,충청북도 청주시 흥덕구 송절동,경상사고,0,0,1,0,차대차 - 측면직각충돌,안전운전불이행,결빙,맑음,교차로 - 교차로안,화물,남,51세,상해없음,승용,여,44세,경상
2014120400100338,2014년 12월 4일 14시,목요일,충청북도 음성군 삼성면,경상사고,0,0,3,0,차대차 - 기타,중앙선침범,결빙,맑음,단일로 - 기타,승용,남,70세,경상,화물,남,88세,경상
2014120400100363,2014년 12월 4일 15시,목요일,충청북도 청주시 흥덕구 서촌동,중상사고,0,1,1,0,차대차 - 측면직각충돌,신호위반,건조,맑음,교차로 - 교차로안,승용,여,23세,상해없음,승용,남,38세,중상
2014120400100396,2014년 12월 4일 16시,목요일,충청북도 제천시 청전동,경상사고,0,0,1,0,차대차 - 기타,안전운전불이행,건조,맑음,교차로 - 교차로안,승용,남,48세,경상,승용,여,45세,상해없음
2014120400100452,2014년 12월 4일 17시,목요일,충청북도 증평군 증평읍,중상사고,0,1,0,0,차대차 - 추돌 - 진행중,안전운전불이행,건조,맑음,단일로 - 기타,화물,남,53세,상해없음,승용,여,33세,중상
2014120400100519,2014년 12월 4일 18시,목요일,충청북도 청주시 청원구 북이면,중상사고,0,1,0,0,차대차 - 측면직각충돌,교차로운행방법위반,건조,흐림,교차로 - 교차로안,화물,남,37세,상해없음,승용,남,51세,중상
2014120400100520,2014년 12월 4일 18시,목요일,충청북도 청주시 청원구 북이면,경상사고,0,0,1,0,차대사람 - 기타,안전운전불이행,습기,흐림,교차로 - 교차로부근,화물,남,19세,상해없음,보행자,남,49세,경상
2014120400100521,2014년 12월 4일 18시,목요일,충청북도 청주시 상당구 대성동,경상사고,0,0,1,0,차대사람 - 기타,신호위반,건조,맑음,교차로 - 교차로안,승용,여,39세,상해없음,보행자,여,25세,경상
2014120400100574,2014년 12월 4일 19시,목요일,충청북도 충주시 문화동,경상사고,0,0,1,0,차대차 - 기타,안전운전불이행,건조,맑음,교차로 - 교차로부근,화물,남,56세,상해없음,화물,남,38세,경상
2014120400100640,2014년 12월 4일 21시,목요일,충청북도 청주시 청원구 주성동,중상사고,0,1,0,0,차대차 - 기타,안전운전불이행,건조,맑음,단일로 - 기타,승용,남,23세,상해없음,승용,남,48세,중상
2014120400100641,2014년 12월 4일 21시,목요일,충청북도 청주시 흥덕구 복대동,경상사고,0,0,2,0,차대차 - 기타,신호위반,건조,맑음,교차로 - 교차로안,이륜,남,47세,상해없음,이륜,남,24세,경상
2014120400100675,2014년 12월 4일 22시,목요일,충청북도 청주시 청원구 내덕동,경상사고,0,0,4,0,차대차 - 측면직각충돌,교차로운행방법위반,건조,맑음,교차로 - 교차로안,승용,남,45세,경상,승용,여,47세,경상
2014120400100676,2014년 12월 4일 22시,목요일,충청북도 제천시 중앙로2가,중상사고,0,2,0,1,차대차 - 측면직각충돌,신호위반,건조,맑음,교차로 - 교차로안,승용,남,39세,상해없음,승용,여,40세,중상
2014120400100677,2014년 12월 4일 22시,목요일,충청북도 음성군 감곡면,부상신고사고,0,0,0,1,차량단독 - 기타,안전운전불이행,건조,맑음,단일로 - 기타,승용,남,50세,부상신고,,,,
2014120500100066,2014년 12월 5일 05시,금요일,충청북도 청주시 청원구 내덕동,경상사고,0,0,1,0,차대사람 - 기타,안전운전불이행,건조,맑음,교차로 - 교차로안,승용,남,50세,상해없음,보행자,남,30세,경상
2014120500100067,2014년 12월 5일 05시,금요일,충청북도 청주시 상당구 용암동,경상사고,0,0,1,0,차대차 - 측면직각충돌,안전운전불이행,건조,맑음,단일로 - 기타,승용,남,46세,상해없음,승용,남,75세,경상
2014120500100152,2014년 12월 5일 08시,금요일,충청북도 진천군 광혜원면,중상사고,0,1,0,0,차량단독 - 전도전복,안전운전불이행,결빙,눈,단일로 - 기타,승용,남,34세,중상,,,,
2014120500100153,2014년 12월 5일 08시,금요일,충청북도 청주시 흥덕구 봉명동,중상사고,0,1,0,0,차대차 - 기타,중앙선침범,건조,맑음,교차로 - 교차로부근,승용,남,56세,상해없음,승용,남,60세,중상
2014120500100215,2014년 12월 5일 10시,금요일,충청북도 청주시 서원구 사창동,중상사고,0,1,0,0,차대차 - 기타,안전운전불이행,건조,맑음,단일로 - 기타,승용,남,47세,상해없음,승용,여,56세,중상
2014120500100251,2014년 12월 5일 11시,금요일,충청북도 청주시 서원구 장암동,경상사고,0,0,1,0,차대차 - 측면직각충돌,안전운전불이행,건조,맑음,단일로 - 기타,화물,남,45세,상해없음,승용,여,48세,경상
2014120500100296,2014년 12월 5일 12시,금요일,충청북도 증평군 증평읍,경상사고,0,0,2,0,차대차 - 측면직각충돌,교차로운행방법위반,건조,맑음,교차로 - 교차로안,화물,남,72세,상해없음,건설기계,남,41세,상해없음
2014120500100297,2014년 12월 5일 12시,금요일,충청북도 증평군 증평읍,경상사고,0,0,1,0,차대차 - 측면직각충돌,안전운전불이행,건조,맑음,교차로 - 교차로안,화물,남,72세,상해없음,승용,여,26세,상해없음
2014120500100331,2014년 12월 5일 13시,금요일,충청북도 청주시 서원구 모충동,경상사고,0,0,1,0,차대차 - 기타,안전운전불이행,건조,맑음,단일로 - 기타,승용,여,60세,상해없음,이륜,남,23세,경상
2014120500100405,2014년 12월 5일 15시,금요일,충청북도 괴산군 괴산읍,부상신고사고,0,0,0,1,차량단독 - 공작물충돌,안전운전불이행,결빙,흐림,단일로 - 기타,승용,여,45세,부상신고,,,,
2014120500100406,2014년 12월 5일 15시,금요일,충청북도 청주시 상당구 서운동,중상사고,0,1,0,0,차대사람 - 기타,안전운전불이행,결빙,맑음,단일로 - 기타,승용,남,37세,상해없음,보행자,여,79세,중상
2014120500100437,2014년 12월 5일 16시,금요일,충청북도 충주시 성서동,중상사고,0,1,0,0,차대사람 - 횡단중,신호위반,건조,맑음,교차로 - 교차로안,승용,남,56세,상해없음,보행자,여,62세,중상
2014120500100438,2014년 12월 5일 16시,금요일,충청북도 제천시 청전동,경상사고,0,0,2,0,차대차 - 측면직각충돌,안전거리미확보,건조,맑음,단일로 - 기타,화물,남,42세,상해없음,승용,남,36세,경상
2014120500100439,2014년 12월 5일 16시,금요일,충청북도 청주시 흥덕구 가경동,경상사고,0,0,1,0,차대차 - 측면직각충돌,안전운전불이행,건조,맑음,단일로 - 기타,기타불명,기타불명,기타불명,기타불명,승용,여,22세,경상
2014120500100480,2014년 12월 5일 17시,금요일,충청북도 청주시 흥덕구 복대동,경상사고,0,0,1,0,차대차 - 기타,안전운전불이행,건조,맑음,교차로 - 교차로안,승용,남,27세,상해없음,승용,남,29세,경상
2014120500100481,2014년 12월 5일 17시,금요일,충청북도 청주시 상당구 용암동,중상사고,0,1,0,0,차대사람 - 기타,안전운전불이행,건조,맑음,단일로 - 기타,승용,남,31세,상해없음,보행자,여,12세,중상
2014120500100533,2014년 12월 5일 18시,금요일,충청북도 옥천군 군북면,경상사고,0,0,2,0,차대차 - 기타,안전운전불이행,건조,맑음,단일로 - 기타,승용,여,46세,상해없음,화물,남,66세,경상
2014120500100534,2014년 12월 5일 18시,금요일,충청북도 청주시 흥덕구 봉명동,중상사고,0,1,0,0,차대사람 - 기타,안전운전불이행,건조,맑음,교차로 - 교차로부근,승용,남,58세,상해없음,보행자,남,57세,중상
2014120500100624,2014년 12월 5일 20시,금요일,충청북도 괴산군 괴산읍,경상사고,0,0,1,1,차대차 - 측면직각충돌,직진우회전진행방해,건조,맑음,교차로 - 교차로안,승용,남,23세,부상신고,승용,남,43세,경상
2014120500100672,2014년 12월 5일 21시,금요일,충청북도 진천군 광혜원면,중상사고,0,1,0,0,차대사람 - 기타,안전운전불이행,건조,맑음,교차로 - 교차로안,화물,남,52세,상해없음,보행자,남,49세,중상
2014120500100770,2014년 12월 5일 23시,금요일,충청북도 청주시 흥덕구 봉명동,부상신고사고,0,0,0,1,차대차 - 기타,안전운전불이행,건조,맑음,단일로 - 기타,원동기,남,16세,부상신고,승용,남,32세,상해없음
2014120500100771,2014년 12월 5일 23시,금요일,충청북도 청주시 흥덕구 복대동,경상사고,0,0,1,0,차대차 - 기타,중앙선침범,결빙,맑음,단일로 - 기타,승용,남,33세,상해없음,원동기,남,33세,경상
2014120600100052,2014년 12월 6일 01시,토요일,충청북도 청주시 서원구 사직동,경상사고,0,0,1,0,차대차 - 기타,안전운전불이행,건조,맑음,단일로 - 기타,승용,남,52세,상해없음,승용,여,48세,경상
2014120600100053,2014년 12월 6일 01시,토요일,충청북도 청주시 청원구 우암동,경상사고,0,0,2,1,차대차 - 측면직각충돌,안전운전불이행,결빙,흐림,교차로 - 교차로안,승용,남,41세,상해없음,승용,남,55세,경상
2014120600100054,2014년 12월 6일 01시,토요일,충청북도 음성군 음성읍,사망사고,1,0,0,0,차량단독 - 도로외이탈 - 추락,안전운전불이행,건조,맑음,단일로 - 기타,승용,남,25세,사망,,,,
2014120600100055,2014년 12월 6일 01시,토요일,충청북도 청주시 흥덕구 가경동,경상사고,0,0,2,0,차대차 - 기타,안전운전불이행,건조,맑음,단일로 - 기타,승용,남,50세,경상,기타불명,기타불명,기타불명,기타불명
2014120600100056,2014년 12월 6일 01시,토요일,충청북도 청주시 서원구 산남동,경상사고,0,0,5,0,차대차 - 기타,안전운전불이행,건조,맑음,교차로 - 교차로부근,승용,남,27세,상해없음,승용,남,45세,경상
2014120600100078,2014년 12월 6일 02시,토요일,충청북도 청주시 흥덕구 강서동,경상사고,0,0,3,0,차대차 - 기타,안전운전불이행,건조,맑음,교차로 - 교차로안,승용,남,42세,상해없음,승용,남,61세,경상