사고번호,사고일시,요일,시군구,사고내용,사망자수,중상자수,경상자수,부상신고자수,사고유형,법규위반,노면상태,기상상태,도로형태,가해운전자 차종,가해운전자 성별,가해운전자 연령,가해운전자 상해정도,피해운전자 차종,피해운전자 성별,피해운전자 연령,피해운전자 상해정도
2014120600100172,2014년 12월 6일 08시,토요일,충청북도 제천시 송학면,부상신고사고,0,0,0,1,차량단독 - 공작물충돌,안전운전불이행,습기,맑음,단일로 - 기타,승용,남,36세,부상신고,,,,
2014120600100203,2014년 12월 6일 09시,토요일,충청북도 진천군 진천읍,중상사고,0,1,0,0,차대사람 - 보도통행중,보행자보호의무위반,건조,맑음,교차로 - 교차로안,승용,남,28세,상해없음,보행자,남,15세,중상
2014120600100230,2014년 12월 6일 10시,토요일,충청북도 충주시 칠금동,경상사고,0,0,1,0,차대차 - 기타,직진우회전진행방해,건조,맑음,교차로 - 교차로안,승용,남,37세,상해없음,승용,여,50세,경상
2014120600100320,2014년 12월 6일 13시,토요일,충청북도 충주시 교현동,경상사고,0,0,2,0,차대차 - 기타,안전운전불이행,건조,맑음,교차로 - 교차로부근,화물,남,41세,상해없음,승용,여,44세,경상
2014120600100346,2014년 12월 6일 14시,토요일,충청북도 청주시 청원구 율량동,중상사고,0,1,0,0,차대사람 - 횡단중,안전운전불이행,건조,맑음,교차로 - 교차로부근,이륜,남,37세,상해없음,보행자,남,9세,중상
2014120600100347,2014년 12월 6일 14시,토요일,충청북도 제천시 청전동,중상사고,0,1,0,0,차대사람 - 기타,안전운전불이행,건조,맑음,교차로 - 교차로안,승용,남,50세,상해없음,보행자,남,70세,중상
2014120600100379,2014년 12월 6일 15시,토요일,충청북도 괴산군 칠성면,경상사고,0,0,2,0,차대차 - 기타,안전운전불이행,적설,흐림,단일로 - 기타,승합,남,53세,경상,승용,남,46세,경상
2014120600100380,2014년 12월 6일 15시,토요일,충청북도 청주시 흥덕구 봉명동,중상사고,0,1,0,0,차대차 - 측면직각충돌,교차로운행방법위반,건조,맑음,교차로 - 교차로안,승용,여,23세,상해없음,이륜,남,53세,중상
2014120600100381,2014년 12월 6일 15시,토요일,충청북도 청주시 흥덕구 강서동,경상사고,0,0,1,0,차대사람 - 기타,안전운전불이행,건조,맑음,단일로 - 기타,승용,여,60세,상해없음,보행자,여,51세,경상
2014120600100420,2014년 12월 6일 16시,토요일,충청북도 청주시 흥덕구 비하동,경상사고,0,0,2,0,차대차 - 측면직각충돌,안전운전불이행,건조,맑음,단일로 - 기타,승용,여,29세,상해없음,승용,남,31세,경상
2014120600100473,2014년 12월 6일 17시,토요일,충청북도 진천군 문백면,경상사고,0,0,1,0,차대차 - 추돌 - 진행중,안전거리미확보,건조,맑음,단일로 - 기타,승용,남,27세,경상,승용,남,46세,상해없음
2014120600100522,2014년 12월 6일 18시,토요일,충청북도 청주시 상당구 용암동,중상사고,0,2,0,0,차대차 - 측면직각충돌,안전운전불이행,건조,맑음,기타 - 기타,화물,남,47세,상해없음,승합,남,59세,중상
2014120600100563,2014년 12월 6일 19시,토요일,충청북도 충주시 대소원면,사망사고,1,0,0,0,차량단독 - 공작물충돌,안전운전불이행,건조,맑음,단일로 - 기타,승용,남,63세,사망,,,,
2014120600100564,2014년 12월 6일 19시,토요일,충청북도 제천시 화산동,경상사고,0,0,1,0,차대차 - 추돌 - 진행중,안전운전불이행,건조,맑음,단일로 - 기타,승합,남,42세,상해없음,화물,남,55세,경상
2014120600100565,2014년 12월 6일 19시,토요일,충청북도 청주시 상당구 금천동,경상사고,0,0,1,0,차대사람 - 기타,안전운전불이행,건조,맑음,교차로 - 교차로안,승용,남,35세,상해없음,보행자,남,48세,경상
2014120600100566,2014년 12월 6일 19시,토요일,충청북도 청주시 상당구 용암동,중상사고,0,1,0,0,차대차 - 측면직각충돌,안전운전불이행,건조,맑음,교차로 - 교차로안,승용,남,51세,상해없음,이륜,남,19세,중상
2014120600100608,2014년 12월 6일 20시,토요일,충청북도 청주시 서원구 수곡동,경상사고,0,0,3,0,차대차 - 측면직각충돌,안전운전불이행,건조,맑음,단일로 - 기타,승용,남,28세,상해없음,승용,여,41세,경상
2014120600100666,2014년 12월 6일 22시,토요일,충청북도 청주시 청원구 오창읍,경상사고,0,0,1,0,차대차 - 기타,안전운전불이행,건조,맑음,교차로 - 교차로안,승용,남,49세,상해없음,승용,남,44세,경상
2014120700100020,2014년 12월 7일 00시,일요일,충청북도 청주시 상당구 금천동,중상사고,0,1,1,0,차대차 - 측면직각충돌,교차로운행방법위반,건조,맑음,교차로 - 교차로안,승용,남,21세,중상,승용,남,59세,경상
2014120700100183,2014년 12월 7일 12시,일요일,충청북도 옥천군 안내면,경상사고,0,0,2,0,차대차 - 기타,기타,건조,맑음,교차로 - 교차로안,승용,남,50세,상해없음,승합,남,54세,상해없음
2014120700100227,2014년 12월 7일 14시,일요일,충청북도 청주시 서원구 남이면,중상사고,0,1,3,0,차대차 - 측면직각충돌,교차로운행방법위반,건조,맑음,교차로 - 교차로안,승용,여,35세,상해없음,승용,남,61세,경상
2014120700100228,2014년 12월 7일 14시,일요일,충청북도 청주시 상당구 금천동,중상사고,0,1,0,0,차대차 - 기타,안전운전불이행,건조,맑음,단일로 - 기타,승용,여,47세,상해없음,이륜,여,61세,중상
2014120700100260,2014년 12월 7일 15시,일요일,충청북도 청주시 흥덕구 가경동,경상사고,0,0,1,0,차대차 - 측면직각충돌,안전운전불이행,건조,맑음,교차로 - 교차로부근,승용,여,47세,기타불명,승용,여,34세,경상
2014120700100318,2014년 12월 7일 17시,일요일,충청북도 제천시 중앙로1가,중상사고,0,1,1,0,차대차 - 측면직각충돌,불법유턴,건조,맑음,단일로 - 기타,승용,여,33세,상해없음,승용,남,58세,상해없음
2014120700100319,2014년 12월 7일 17시,일요일,충청북도 청주시 흥덕구 복대동,중상사고,0,1,0,0,차대차 - 측면직각충돌,안전운전불이행,건조,맑음,교차로 - 교차로안,승용,남,28세,상해없음,이륜,남,51세,중상
2014120700100320,2014년 12월 7일 17시,일요일,충청북도 청주시 상당구 낭성면,경상사고,0,0,3,0,차대차 - 측면직각충돌,안전운전불이행,건조,맑음,교차로 - 교차로안,승용,남,22세,상해없음,승용,여,26세,경상
2014120700100364,2014년 12월 7일 18시,일요일,충청북도 음성군 삼성면,중상사고,0,1,0,0,차대사람 - 기타,안전운전불이행,건조,맑음,단일로 - 기타,승용,남,46세,상해없음,보행자,남,60세,중상
2014120700100365,2014년 12월 7일 18시,일요일,충청북도 청주시 상당구 지북동,중상사고,0,1,0,0,차대사람 - 기타,보행자보호의무위반,건조,기타,교차로 - 교차로안,승용,여,51세,상해없음,보행자,남,27세,중상
2014120700100401,2014년 12월 7일 19시,일요일,충청북도 청주시 서원구 개신동,중상사고,0,1,0,0,차대차 - 기타,안전운전불이행,건조,맑음,단일로 - 기타,승용,남,53세,상해없음,이륜,남,33세,중상
2014120700100432,2014년 12월 7일 20시,일요일,충청북도 충주시 연수동,경상사고,0,0,1,0,차대차 - 기타,안전운전불이행,건조,맑음,기타 - 기타,기타불명,기타불명,기타불명,기타불명,이륜,남,16세,경상
2014120700100433,2014년 12월 7일 20시,일요일,충청북도 충주시 연수동,중상사고,0,3,0,0,차대차 - 기타,안전운전불이행,건조,맑음,단일로 - 기타,승용,남,59세,중상,화물,남,55세,기타불명
2014120700100457,2014년 12월 7일 21시,일요일,충청북도 청주시 청원구 우암동,경상사고,0,0,4,0,차대차 - 기타,신호위반,건조,맑음,교차로 - 교차로안,승용,남,37세,상해없음,승합,남,47세,경상
2014120700100458,2014년 12월 7일 21시,일요일,충청북도 음성군 금왕읍,경상사고,0,0,1,0,차대차 - 기타,안전운전불이행,건조,맑음,단일로 - 기타,승용,남,31세,상해없음,원동기,남,25세,경상
2014120700100499,2014년 12월 7일 23시,일요일,충청북도 충주시 주덕읍,부상신고사고,0,0,0,1,차량단독 - 기타,안전운전불이행,건조,맑음,단일로 - 기타,승용,여,26세,부상신고,,,,
2014120800100026,2014년 12월 8일 01시,월요일,충청북도 청주시 흥덕구 송정동,경상사고,0,0,1,0,차대차 - 추돌 - 주정차중,교차로운행방법위반,건조,맑음,교차로 - 교차로안,승용,남,22세,상해없음,승용,남,50세,경상
2014120800100110,2014년 12월 8일 07시,월요일,충청북도 청주시 서원구 남이면,중상사고,0,2,1,0,차대차 - 측면직각충돌,신호위반,결빙,맑음,교차로 - 교차로안,승합,남,64세,중상,승용,남,65세,중상
2014120800100152,2014년 12월 8일 08시,월요일,충청북도 제천시 중앙로1가,중상사고,0,1,0,0,차대사람 - 기타,안전운전불이행,건조,맑음,교차로 - 교차로부근,화물,남,57세,상해없음,보행자,여,51세,중상
2014120800100153,2014년 12월 8일 08시,월요일,충청북도 청주시 상당구 북문로2가동,경상사고,0,0,1,0,차대사람 - 기타,신호위반,건조,맑음,교차로 - 교차로안,승합,남,54세,상해없음,보행자,남,29세,경상
2014120800100154,2014년 12월 8일 08시,월요일,충청북도 충주시 노은면,중상사고,0,2,0,0,차량단독 - 공작물충돌,안전운전불이행,건조,맑음,단일로 - 기타,승용,남,21세,상해없음,,,,
2014120800100239,2014년 12월 8일 10시,월요일,충청북도 영동군 영동읍,중상사고,0,2,1,0,차대차 - 기타,교차로운행방법위반,결빙,맑음,교차로 - 교차로안,승용,남,41세,상해없음,승용,남,26세,중상
2014120800100260,2014년 12월 8일 11시,월요일,충청북도 청주시 청원구 내덕동,경상사고,0,0,2,0,차대차 - 기타,안전운전불이행,건조,맑음,교차로 - 교차로부근,승용,남,51세,상해없음,승합,남,42세,경상
2014120800100261,2014년 12월 8일 11시,월요일,충청북도 제천시 봉양읍,중상사고,0,1,1,0,차대차 - 추돌 - 주정차중,안전거리미확보,건조,맑음,단일로 - 기타,화물,남,43세,상해없음,승용,여,41세,중상
2014120800100262,2014년 12월 8일 11시,월요일,충청북도 보은군 보은읍,중상사고,0,1,0,0,차대사람 - 길가장자리구역통행중,안전운전불이행,습기,맑음,단일로 - 기타,승합,남,54세,상해없음,보행자,여,75세,중상
2014120800100263,2014년 12월 8일 11시,월요일,충청북도 음성군 금왕읍,경상사고,0,0,3,0,차대차 - 기타,교차로운행방법위반,건조,맑음,교차로 - 교차로안,승용,여,31세,상해없음,승용,남,56세,경상
2014120800100281,2014년 12월 8일 12시,월요일,충청북도 충주시 목행동,부상신고사고,0,0,0,1,차대차 - 기타,안전운전불이행,건조,맑음,교차로 - 교차로안,화물,남,37세,상해없음,승용,남,38세,부상신고
2014120800100282,2014년 12월 8일 12시,월요일,충청북도 청주시 흥덕구 복대동,중상사고,0,1,1,0,차대차 - 추돌 - 주정차중,중앙선침범,건조,맑음,교차로 - 교차로부근,승용,남,52세,상해없음,승용,여,34세,중상
2014120800100314,2014년 12월 8일 13시,월요일,충청북도 청주시 흥덕구 봉명동,중상사고,0,1,0,0,차대차 - 측면직각충돌,중앙선침범,건조,맑음,단일로 - 기타,화물,남,35세,상해없음,원동기,남,35세,중상
2014120800100345,2014년 12월 8일 14시,월요일,충청북도 청주시 청원구 우암동,경상사고,0,0,1,0,차대차 - 측면직각충돌,안전운전불이행,건조,맑음,교차로 - 교차로부근,이륜,남,70세,경상,승용,여,60세,상해없음
2014120800100346,2014년 12월 8일 14시,월요일,충청북도 제천시 고암동,경상사고,0,0,3,0,차대차 - 추돌 - 진행중,교차로운행방법위반,건조,맑음,교차로 - 교차로안,승합,여,51세,상해없음,승용,남,51세,경상
2014120800100347,2014년 12월 8일 14시,월요일,충청북도 청주시 서원구 현도면,중상사고,0,4,1,0,차대차 - 추돌 - 진행중,안전거리미확보,건조,맑음,교차로 - 교차로부근,화물,남,56세,상해없음,화물,남,43세,경상
2014120800100348,2014년 12월 8일 14시,월요일,충청북도 청주시 서원구 모충동,중상사고,0,1,0,0,차대사람 - 횡단중,신호위반,건조,맑음,교차로 - 교차로부근,승용,남,64세,상해없음,보행자,여,71세,중상
2014120800100393,2014년 12월 8일 15시,월요일,충청북도 음성군 생극면,중상사고,0,1,0,0,차대차 - 측면직각충돌,신호위반,건조,맑음,교차로 - 교차로안,특수,남,51세,상해없음,승용,남,54세,중상
2014120800100394,2014년 12월 8일 15시,월요일,충청북도 청주시 흥덕구 봉명동,중상사고,0,3,1,0,차대차 - 정면충돌,안전거리미확보,건조,맑음,단일로 - 기타,승용,남,63세,상해없음,화물,남,27세,경상
2014120800100395,2014년 12월 8일 15시,월요일,충청북도 청주시 서원구 개신동,경상사고,0,0,1,0,차대차 - 측면직각충돌,중앙선침범,건조,맑음,단일로 - 기타,승용,남,32세,상해없음,승용,여,52세,경상
2014120800100466,2014년 12월 8일 17시,월요일,충청북도 청주시 청원구 우암동,경상사고,0,0,1,0,차대차 - 측면직각충돌,안전운전불이행,건조,맑음,단일로 - 기타,승용,남,55세,상해없음,이륜,남,27세,경상
2014120800100528,2014년 12월 8일 18시,월요일,충청북도 청주시 서원구 성화동,경상사고,0,0,1,0,차대차 - 추돌 - 진행중,안전거리미확보,건조,맑음,단일로 - 기타,승용,남,42세,상해없음,승용,남,55세,경상
2014120800100529,2014년 12월 8일 18시,월요일,충청북도 청주시 흥덕구 봉명동,경상사고,0,0,1,0,차대사람 - 기타,안전운전불이행,건조,맑음,교차로 - 교차로부근,승용,남,27세,상해없음,보행자,여,52세,경상
2014120800100530,2014년 12월 8일 18시,월요일,충청북도 청주시 상당구 석교동,경상사고,0,0,1,0,차량단독 - 기타,기타,건조,맑음,단일로 - 기타,승합,남,52세,상해없음,,,,
2014120800100574,2014년 12월 8일 19시,월요일,충청북도 청주시 청원구 내수읍,중상사고,0,1,0,0,차대차 - 기타,안전운전불이행,건조,맑음,교차로 - 교차로부근,승용,남,64세,상해없음,이륜,남,57세,중상
2014120800100575,2014년 12월 8일 19시,월요일,충청북도 청주시 서원구 분평동,중상사고,0,1,0,0,차대차 - 측면직각충돌,신호위반,건조,맑음,교차로 - 교차로안,이륜,남,17세,중상,승용,남,48세,상해없음
2014120800100632,2014년 12월 8일 21시,월요일,충청북도 청주시 서원구 남이면,중상사고,0,1,0,0,차대차 - 측면직각충돌,안전운전불이행,건조,맑음,교차로 - 교차로부근,승합,남,70세,상해없음,승용,남,79세,중상
2014120800100633,2014년 12월 8일 21시,월요일,충청북도 청주시 흥덕구 가경동,경상사고,0,0,1,0,차대차 - 추돌 - 주정차중,안전운전불이행,건조,맑음,단일로 - 기타,승용,남,35세,상해없음,승용,남,31세,상해없음
2014120800100634,2014년 12월 8일 21시,월요일,충청북도 청주시 서원구 수곡동,경상사고,0,0,1,0,차대사람 - 기타,기타,건조,맑음,교차로 - 교차로안,특수,남,35세,상해없음,보행자,여,41세,경상
2014120900100010,2014년 12월 9일 00시,화요일,충청북도 청주시 서원구 개신동,경상사고,0,0,2,0,차대차 - 측면직각충돌,안전운전불이행,건조,맑음,단일로 - 기타,승용,남,39세,상해없음,화물,남,45세,경상
2014120900100024,2014년 12월 9일 01시,화요일,충청북도 청주시 서원구 남이면,경상사고,0,0,1,0,차량단독 - 공작물충돌,안전운전불이행,습기,맑음,단일로 - 기타,승용,남,28세,상해없음,,,,
2014120900100059,2014년 12월 9일 05시,화요일,충청북도 청주시 상당구 석교동,중상사고,0,1,0,0,차대사람 - 기타,안전운전불이행,건조,맑음,단일로 - 기타,승용,여,52세,상해없음,보행자,남,65세,중상
2014120900100080,2014년 12월 9일 06시,화요일,충청북도 청주시 서원구 사직동,중상사고,0,1,0,0,차대사람 - 기타,안전운전불이행,건조,맑음,교차로 - 교차로안,승용,여,40세,상해없음,보행자,여,77세,중상
2014120900100081,2014년 12월 9일 06시,화요일,충청북도 청주시 흥덕구 복대동,중상사고,0,1,0,0,차대사람 - 횡단중,안전운전불이행,건조,맑음,교차로 - 교차로안,승용,여,63세,상해없음,보행자,여,59세,중상
2014120900100108,2014년 12월 9일 07시,화요일,충청북도 청주시 청원구 오창읍,중상사고,0,1,0,0,차대사람 - 기타,안전운전불이행,건조,맑음,교차로 - 교차로안,승용,여,27세,상해없음,보행자,남,50세,중상
2014120900100155,2014년 12월 9일 08시,화요일,충청북도 청주시 청원구 오창읍,경상사고,0,0,1,0,차대차 - 기타,중앙선침범,건조,맑음,단일로 - 기타,승용,여,49세,상해없음,승용,여,51세,경상
2014120900100264,2014년 12월 9일 11시,화요일,충청북도 청주시 서원구 사창동,경상사고,0,0,2,0,차대차 - 기타,안전운전불이행,건조,맑음,단일로 - 기타,승용,남,52세,상해없음,승용,남,29세,경상
2014120900100265,2014년 12월 9일 11시,화요일,충청북도 청주시 청원구 북이면,중상사고,0,1,0,0,차량단독 - 공작물충돌,안전운전불이행,건조,맑음,단일로 - 기타,화물,여,53세,중상,,,,
2014120900100266,2014년 12월 9일 11시,화요일,충청북도 청주시 청원구 내덕동,경상사고,0,0,1,0,차대차 - 기타,교차로운행방법위반,건조,맑음,교차로 - 교차로안,승용,남,38세,상해없음,승용,남,62세,상해없음
2014120900100267,2014년 12월 9일 11시,화요일,충청북도 청주시 서원구 모충동,경상사고,0,0,1,0,차대사람 - 길가장자리구역통행중,안전운전불이행,건조,맑음,단일로 - 기타,승용,여,63세,상해없음,보행자,여,58세,경상
2014120900100289,2014년 12월 9일 12시,화요일,충청북도 청주시 서원구 남이면,경상사고,0,0,1,0,차대차 - 기타,안전운전불이행,건조,맑음,단일로 - 기타,승용,남,43세,상해없음,승용,남,61세,경상
2014120900100290,2014년 12월 9일 12시,화요일,충청북도 청주시 서원구 모충동,경상사고,0,0,2,0,차대차 - 측면직각충돌,신호위반,건조,맑음,교차로 - 교차로안,승용,남,69세,상해없음,승용,남,48세,경상
2014120900100322,2014년 12월 9일 13시,화요일,충청북도 제천시 천남동,경상사고,0,0,1,0,차대차 - 기타,안전운전불이행,건조,맑음,단일로 - 기타,화물,남,61세,상해없음,승용,여,53세,경상
2014120900100361,2014년 12월 9일 14시,화요일,충청북도 청주시 상당구 석교동,중상사고,0,1,0,0,차대사람 - 기타,중앙선침범,건조,맑음,단일로 - 기타,승용,남,60세,상해없음,보행자,여,66세,중상
2014120900100387,2014년 12월 9일 15시,화요일,충청북도 청주시 청원구 북이면,중상사고,0,1,0,0,차대차 - 측면직각충돌,교차로운행방법위반,건조,맑음,교차로 - 교차로안,건설기계,남,45세,상해없음,이륜,남,81세,중상
2014120900100388,2014년 12월 9일 15시,화요일,충청북도 영동군 영동읍,경상사고,0,0,1,0,차대사람 - 횡단중,안전운전불이행,건조,맑음,교차로 - 교차로안,승용,여,54세,상해없음,보행자,여,67세,경상
2014120900100413,2014년 12월 9일 16시,화요일,충청북도 청주시 흥덕구 복대동,경상사고,0,0,1,0,차대차 - 기타,안전운전불이행,건조,맑음,단일로 - 기타,승용,남,25세,상해없음,승용,남,26세,경상
2014120900100449,2014년 12월 9일 17시,화요일,충청북도 청주시 청원구 오창읍,중상사고,0,1,2,0,차대차 - 기타,신호위반,건조,맑음,교차로 - 교차로안,승용,여,64세,상해없음,승용,남,35세,경상
2014120900100496,2014년 12월 9일 18시,화요일,충청북도 청주시 흥덕구 복대동,경상사고,0,0,5,0,차대차 - 측면직각충돌,차로위반,건조,맑음,단일로 - 기타,승용,남,34세,경상,승용,남,47세,경상
2014120900100497,2014년 12월 9일 18시,화요일,충청북도 청주시 상당구 금천동,중상사고,0,1,0,0,차대사람 - 횡단중,안전운전불이행,건조,맑음,단일로 - 기타,화물,남,34세,상해없음,보행자,남,60세,중상
2014120900100544,2014년 12월 9일 19시,화요일,충청북도 청주시 청원구 율량동,경상사고,0,0,2,0,차대차 - 측면직각충돌,안전운전불이행,건조,맑음,단일로 - 기타,승용,남,58세,상해없음,승용,남,62세,상해없음
2014120900100588,2014년 12월 9일 20시,화요일,충청북도 청주시 상당구 용정동,경상사고,0,0,1,0,차대차 - 정면충돌,안전운전불이행,건조,맑음,교차로 - 교차로부근,승용,남,34세,상해없음,승용,여,37세,경상
2014120900100615,2014년 12월 9일 21시,화요일,충청북도 청주시 청원구 내덕동,중상사고,0,1,1,0,차대차 - 측면직각충돌,신호위반,건조,맑음,교차로 - 교차로안,승용,남,49세,상해없음,이륜,남,45세,중상
2014120900100616,2014년 12월 9일 21시,화요일,충청북도 충주시 호암동,중상사고,0,1,0,0,차대차 - 기타,안전운전불이행,건조,맑음,단일로 - 기타,승용,남,35세,상해없음,승용,남,27세,중상
2014120900100617,2014년 12월 9일 21시,화요일,충청북도 충주시 교현동,중상사고,0,1,0,0,차대차 - 측면직각충돌,신호위반,건조,맑음,교차로 - 교차로안,승용,여,44세,중상,승용,남,31세,상해없음
2014120900100618,2014년 12월 9일 21시,화요일,충청북도 청주시 서원구 성화동,중상사고,0,3,1,0,차대차 - 기타,안전운전불이행,건조,맑음,단일로 - 기타,승용,남,53세,상해없음,승용,남,24세,중상
2014120900100619,2014년 12월 9일 21시,화요일,충청북도 청주시 상당구 석교동,중상사고,0,1,0,0,차대차 - 측면직각충돌,안전운전불이행,건조,맑음,단일로 - 기타,승용,남,52세,상해없음,이륜,남,32세,중상
2014120900100620,2014년 12월 9일 21시,화요일,충청북도 청주시 상당구 용암동,경상사고,0,0,1,0,차대차 - 측면직각충돌,교차로운행방법위반,건조,맑음,교차로 - 교차로안,승용,여,49세,상해없음,이륜,남,19세,경상
2014120900100659,2014년 12월 9일 22시,화요일,충청북도 보은군 보은읍,경상사고,0,0,2,0,차대차 - 추돌 - 주정차중,안전운전불이행,습기,맑음,단일로 - 기타,승용,남,44세,상해없음,승용,남,56세,경상
2014120900100687,2014년 12월 9일 23시,화요일,충청북도 청주시 청원구 주중동,경상사고,0,0,1,0,차대차 - 기타,안전운전불이행,건조,흐림,단일로 - 기타,승용,남,37세,경상,특수,남,52세,상해없음
2014120900100688,2014년 12월 9일 23시,화요일,충청북도 청주시 흥덕구 복대동,중상사고,0,1,0,0,차대차 - 측면직각충돌,교차로운행방법위반,건조,맑음,교차로 - 교차로안,승용,남,46세,상해없음,이륜,남,49세,중상
2014120900100689,2014년 12월 9일 23시,화요일,충청북도 청주시 서원구 산남동,중상사고,0,1,0,0,차대사람 - 기타,안전운전불이행,건조,맑음,단일로 - 횡단보도상,승용,남,44세,상해없음,보행자,남,31세,중상
2014121000100022,2014년 12월 10일 00시,수요일,충청북도 청주시 흥덕구 복대동,중상사고,0,1,0,0,차대사람 - 횡단중,신호위반,건조,맑음,교차로 - 교차로안,승용,남,25세,상해없음,보행자,남,23세,중상
2014121000100065,2014년 12월 10일 05시,수요일,충청북도 청주시 흥덕구 봉명동,경상사고,0,0,2,0,차대차 - 정면충돌,중앙선침범,건조,맑음,단일로 - 기타,화물,남,30세,상해없음,승용,여,40세,경상
2014121000100101,2014년 12월 10일 07시,수요일,충청북도 충주시 앙성면,중상사고,0,1,1,1,차대차 - 기타,중앙선침범,건조,맑음,단일로 - 기타,승용,여,41세,부상신고,승용,여,27세,중상
2014121000100140,2014년 12월 10일 08시,수요일,충청북도 증평군 증평읍,중상사고,0,1,2,0,차대차 - 측면직각충돌,직진우회전진행방해,건조,맑음,교차로 - 교차로안,승용,남,33세,경상,승용,여,51세,경상
2014121000100141,2014년 12월 10일 08시,수요일,충청북도 음성군 금왕읍,경상사고,0,0,1,0,차대차 - 기타,안전거리미확보,건조,맑음,교차로 - 교차로부근,화물,남,36세,상해없음,승용,남,57세,경상
2014121000100142,2014년 12월 10일 08시,수요일,충청북도 단양군 단양읍,중상사고,0,2,0,0,차대차 - 기타,중앙선침범,건조,맑음,단일로 - 기타,승용,남,48세,상해없음,승용,남,53세,중상
2014121000100143,2014년 12월 10일 08시,수요일,충청북도 진천군 진천읍,경상사고,0,0,1,0,차대차 - 측면직각충돌,교차로운행방법위반,건조,흐림,교차로 - 교차로안,승용,남,46세,상해없음,승용,여,32세,경상
2014121000100144,2014년 12월 10일 08시,수요일,충청북도 청주시 상당구 남주동,중상사고,0,1,2,0,차대차 - 측면직각충돌,교차로운행방법위반,건조,맑음,교차로 - 교차로안,승용,남,58세,경상,승용,여,41세,중상
2014121000100236,2014년 12월 10일 11시,수요일,충청북도 옥천군 옥천읍,중상사고,0,1,0,0,차대사람 - 차도통행중,안전운전불이행,건조,흐림,교차로 - 교차로안,승용,남,54세,상해없음,보행자,여,68세,중상
2014121000100262,2014년 12월 10일 12시,수요일,충청북도 충주시 교현동,경상사고,0,0,1,0,차대차 - 기타,안전운전불이행,건조,맑음,교차로 - 교차로부근,승용,남,64세,상해없음,자전거,여,49세,경상
2014121000100263,2014년 12월 10일 12시,수요일,충청북도 옥천군 옥천읍,중상사고,0,1,0,0,차대사람 - 기타,안전운전불이행,습기,비,단일로 - 기타,화물,남,55세,상해없음,보행자,여,81세,중상
2014121000100278,2014년 12월 10일 13시,수요일,충청북도 충주시 교현동,중상사고,0,1,0,0,차대사람 - 기타,보행자보호의무위반,건조,흐림,교차로 - 교차로부근,승용,여,43세,상해없음,보행자,여,34세,중상
2014121000100279,2014년 12월 10일 13시,수요일,충청북도 보은군 수한면,중상사고,0,1,2,0,차대차 - 측면직각충돌,신호위반,습기,비,교차로 - 교차로안,승용,남,49세,상해없음,승용,남,52세,경상
2014121000100323,2014년 12월 10일 14시,수요일,충청북도 청주시 서원구 모충동,중상사고,0,1,0,0,차대차 - 추돌 - 진행중,신호위반,건조,맑음,교차로 - 교차로안,승용,여,29세,상해없음,승용,여,47세,중상
2014121000100380,2014년 12월 10일 16시,수요일,충청북도 청주시 서원구 개신동,경상사고,0,0,1,0,차대사람 - 기타,안전운전불이행,건조,맑음,단일로 - 기타,승용,남,26세,상해없음,보행자,여,67세,경상
2014121000100429,2014년 12월 10일 17시,수요일,충청북도 충주시 단월동,중상사고,0,1,3,0,차대차 - 측면직각충돌,안전거리미확보,건조,맑음,단일로 - 기타,승용,남,54세,상해없음,승용,여,46세,중상
2014121000100430,2014년 12월 10일 17시,수요일,충청북도 충주시 봉방동,중상사고,0,1,0,1,차대차 - 기타,직진우회전진행방해,건조,맑음,교차로 - 교차로안,화물,남,62세,부상신고,승용,남,52세,중상
2014121000100489,2014년 12월 10일 18시,수요일,충청북도 증평군 증평읍,중상사고,0,1,0,0,차대차 - 측면직각충돌,교차로운행방법위반,건조,맑음,교차로 - 교차로안,이륜,여,60세,중상,승합,여,48세,상해없음
2014121000100490,2014년 12월 10일 18시,수요일,충청북도 진천군 광혜원면,중상사고,0,1,0,0,차대사람 - 차도통행중,안전운전불이행,건조,맑음,교차로 - 교차로안,승용,남,37세,상해없음,보행자,남,57세,중상
2014121000100491,2014년 12월 10일 18시,수요일,충청북도 청주시 서원구 성화동,경상사고,0,0,1,0,차대차 - 기타,안전운전불이행,건조,맑음,교차로 - 교차로부근,화물,남,49세,상해없음,이륜,남,40세,경상
2014121000100492,2014년 12월 10일 18시,수요일,충청북도 청주시 상당구 용암동,중상사고,0,1,0,0,차대차 - 측면직각충돌,신호위반,건조,맑음,교차로 - 교차로안,승용,여,40세,상해없음,승용,남,39세,중상
2014121000100548,2014년 12월 10일 19시,수요일,충청북도 청주시 서원구 미평동,중상사고,0,1,0,0,차대사람 - 기타,안전운전불이행,습기,비,단일로 - 기타,승용,남,60세,상해없음,보행자,여,57세,중상
2014121000100549,2014년 12월 10일 19시,수요일,충청북도 진천군 광혜원면,중상사고,0,1,0,0,차대차 - 측면직각충돌,중앙선침범,건조,맑음,단일로 - 기타,승용,남,31세,상해없음,승용,남,48세,중상
2014121000100603,2014년 12월 10일 20시,수요일,충청북도 충주시 칠금동,경상사고,0,0,1,0,차대차 - 기타,안전운전불이행,건조,맑음,교차로 - 교차로부근,승용,남,72세,상해없음,승용,남,41세,경상
2014121000100604,2014년 12월 10일 20시,수요일,충청북도 청주시 흥덕구 비하동,중상사고,0,1,1,0,차대차 - 기타,중앙선침범,건조,맑음,단일로 - 기타,승용,남,41세,상해없음,승용,남,51세,경상