사고번호,사고일시,요일,시군구,사고내용,사망자수,중상자수,경상자수,부상신고자수,사고유형,법규위반,노면상태,기상상태,도로형태,가해운전자 차종,가해운전자 성별,가해운전자 연령,가해운전자 상해정도,피해운전자 차종,피해운전자 성별,피해운전자 연령,피해운전자 상해정도
2014121000100650,2014년 12월 10일 21시,수요일,충청북도 제천시 하소동,경상사고,0,0,1,0,차대차 - 측면직각충돌,중앙선침범,건조,맑음,교차로 - 교차로부근,승용,여,29세,상해없음,승용,남,19세,경상
2014121000100651,2014년 12월 10일 21시,수요일,충청북도 청주시 상당구 석교동,경상사고,0,0,2,0,차대차 - 추돌 - 진행중,안전운전불이행,건조,맑음,교차로 - 교차로부근,승용,남,45세,상해없음,승용,여,51세,경상
2014121000100652,2014년 12월 10일 21시,수요일,충청북도 청주시 상당구 방서동,경상사고,0,0,1,0,차대차 - 측면직각충돌,중앙선침범,건조,맑음,단일로 - 기타,승합,남,45세,상해없음,승합,남,49세,경상
2014121100100019,2014년 12월 11일 00시,목요일,충청북도 청주시 상당구 지북동,경상사고,0,0,1,0,차대차 - 측면직각충돌,신호위반,건조,기타,교차로 - 교차로안,승용,남,32세,상해없음,승용,남,46세,경상
2014121100100055,2014년 12월 11일 02시,목요일,충청북도 청주시 서원구 사직동,중상사고,0,1,0,0,차량단독 - 공작물충돌,안전운전불이행,건조,맑음,교차로 - 교차로안,승용,남,29세,상해없음,,,,
2014121100100127,2014년 12월 11일 07시,목요일,충청북도 충주시 달천동,경상사고,0,0,1,0,차대차 - 기타,안전거리미확보,습기,흐림,단일로 - 기타,승용,남,54세,상해없음,승용,남,51세,상해없음
2014121100100155,2014년 12월 11일 08시,목요일,충청북도 음성군 금왕읍,중상사고,0,1,0,0,차대차 - 기타,안전운전불이행,결빙,맑음,단일로 - 기타,화물,남,38세,기타불명,승용,여,46세,중상
2014121100100184,2014년 12월 11일 09시,목요일,충청북도 청주시 흥덕구 복대동,경상사고,0,0,1,0,차대차 - 측면직각충돌,직진우회전진행방해,건조,맑음,교차로 - 교차로안,이륜,남,33세,상해없음,승용,남,35세,경상
2014121100100279,2014년 12월 11일 13시,목요일,충청북도 충주시 충의동,경상사고,0,0,1,0,차대차 - 기타,안전운전불이행,습기,흐림,단일로 - 기타,승용,남,58세,상해없음,승용,남,24세,경상
2014121100100280,2014년 12월 11일 13시,목요일,충청북도 청주시 상당구 남일면,중상사고,0,1,1,0,차대차 - 기타,안전거리미확보,건조,맑음,단일로 - 기타,화물,남,64세,상해없음,승용,여,51세,중상
2014121100100352,2014년 12월 11일 16시,목요일,충청북도 증평군 증평읍,경상사고,0,0,2,0,차대차 - 측면직각충돌,직진우회전진행방해,건조,맑음,교차로 - 교차로안,화물,남,55세,경상,승용,여,36세,경상
2014121100100379,2014년 12월 11일 17시,목요일,충청북도 청주시 흥덕구 복대동,중상사고,0,1,0,0,차대사람 - 횡단중,보행자보호의무위반,건조,맑음,단일로 - 횡단보도상,승용,여,45세,상해없음,보행자,여,57세,중상
2014121100100380,2014년 12월 11일 17시,목요일,충청북도 청주시 흥덕구 운천동,중상사고,0,1,0,0,차대차 - 추돌 - 진행중,안전운전불이행,건조,맑음,단일로 - 기타,기타불명,기타불명,기타불명,기타불명,이륜,남,64세,중상
2014121100100416,2014년 12월 11일 18시,목요일,충청북도 음성군 삼성면,경상사고,0,0,1,0,차대사람 - 기타,안전운전불이행,건조,맑음,단일로 - 기타,승용,남,54세,상해없음,보행자,남,45세,경상
2014121100100417,2014년 12월 11일 18시,목요일,충청북도 청주시 서원구 개신동,중상사고,0,1,0,0,차대사람 - 횡단중,보행자보호의무위반,습기,흐림,교차로 - 교차로부근,승합,남,52세,상해없음,보행자,여,14세,중상
2014121100100463,2014년 12월 11일 19시,목요일,충청북도 청주시 상당구 북문로1가동,중상사고,0,1,0,0,차대사람 - 기타,안전운전불이행,건조,맑음,교차로 - 교차로안,화물,남,29세,상해없음,보행자,남,66세,중상
2014121100100464,2014년 12월 11일 19시,목요일,충청북도 청주시 상당구 탑동,중상사고,0,1,0,0,차대차 - 기타,중앙선침범,건조,맑음,단일로 - 횡단보도상,승용,여,35세,상해없음,이륜,남,16세,중상
2014121100100496,2014년 12월 11일 20시,목요일,충청북도 청주시 청원구 율량동,중상사고,0,1,0,0,차대차 - 측면직각충돌,신호위반,건조,맑음,교차로 - 교차로안,승용,여,55세,상해없음,원동기,남,37세,중상
2014121100100579,2014년 12월 11일 23시,목요일,충청북도 청주시 상당구 대성동,중상사고,0,1,0,0,차대사람 - 횡단중,보행자보호의무위반,건조,맑음,단일로 - 기타,승용,남,34세,상해없음,보행자,남,43세,중상
2014121200100029,2014년 12월 12일 01시,금요일,충청북도 청주시 상당구 금천동,경상사고,0,0,1,0,차대차 - 기타,안전운전불이행,건조,맑음,단일로 - 기타,승용,남,45세,상해없음,승용,남,34세,경상
2014121200100030,2014년 12월 12일 01시,금요일,충청북도 청주시 상당구 용암동,경상사고,0,0,2,0,차대차 - 기타,안전운전불이행,건조,맑음,교차로 - 교차로부근,승용,남,46세,상해없음,승용,남,46세,경상
2014121200100031,2014년 12월 12일 01시,금요일,충청북도 청주시 서원구 분평동,경상사고,0,0,2,0,차대차 - 기타,교차로운행방법위반,건조,맑음,교차로 - 교차로안,승용,여,23세,경상,승용,남,34세,경상
2014121200100052,2014년 12월 12일 03시,금요일,충청북도 청주시 서원구 성화동,경상사고,0,0,1,0,차대차 - 측면직각충돌,중앙선침범,건조,맑음,단일로 - 기타,승용,남,50세,상해없음,승용,남,53세,경상
2014121200100072,2014년 12월 12일 05시,금요일,충청북도 옥천군 옥천읍,중상사고,0,1,0,0,차대사람 - 차도통행중,안전운전불이행,습기,흐림,교차로 - 교차로부근,승용,남,30세,상해없음,보행자,남,47세,중상
2014121200100146,2014년 12월 12일 08시,금요일,충청북도 청주시 서원구 개신동,경상사고,0,0,2,0,차대차 - 기타,안전운전불이행,건조,맑음,교차로 - 교차로안,승용,남,43세,상해없음,승합,남,42세,경상
2014121200100179,2014년 12월 12일 09시,금요일,충청북도 영동군 용산면,중상사고,0,2,0,1,차대차 - 기타,중앙선침범,건조,맑음,단일로 - 교량,승용,남,75세,부상신고,승용,여,34세,중상
2014121200100180,2014년 12월 12일 09시,금요일,충청북도 청주시 흥덕구 옥산면,중상사고,0,1,0,0,차대차 - 기타,안전운전불이행,건조,맑음,교차로 - 교차로안,승용,남,54세,상해없음,이륜,남,69세,중상
2014121200100181,2014년 12월 12일 09시,금요일,충청북도 청주시 흥덕구 옥산면,경상사고,0,0,1,0,차대차 - 기타,안전운전불이행,건조,맑음,교차로 - 교차로안,화물,남,44세,상해없음,승용,남,27세,경상
2014121200100182,2014년 12월 12일 09시,금요일,충청북도 청주시 서원구 산남동,중상사고,0,1,0,0,차량단독 - 공작물충돌,안전운전불이행,건조,맑음,기타 - 기타,승용,여,65세,중상,,,,
2014121200100204,2014년 12월 12일 10시,금요일,충청북도 청주시 흥덕구 가경동,경상사고,0,0,1,0,차대차 - 측면직각충돌,안전거리미확보,건조,맑음,교차로 - 교차로부근,이륜,남,58세,상해없음,승용,남,58세,상해없음
2014121200100228,2014년 12월 12일 11시,금요일,충청북도 청주시 흥덕구 복대동,중상사고,0,1,0,0,차대차 - 측면직각충돌,차로위반,건조,맑음,단일로 - 기타,승용,남,52세,상해없음,승합,남,51세,상해없음
2014121200100260,2014년 12월 12일 12시,금요일,충청북도 제천시 명동,경상사고,0,0,3,0,차대차 - 기타,안전거리미확보,건조,맑음,단일로 - 기타,승용,여,47세,상해없음,승용,남,24세,경상
2014121200100261,2014년 12월 12일 12시,금요일,충청북도 음성군 대소면,경상사고,0,0,1,0,차대차 - 측면직각충돌,교차로운행방법위반,건조,맑음,교차로 - 교차로안,화물,남,56세,상해없음,화물,여,45세,경상
2014121200100262,2014년 12월 12일 12시,금요일,충청북도 청주시 상당구 남주동,경상사고,0,0,1,0,차대차 - 기타,안전거리미확보,건조,맑음,교차로 - 교차로부근,승용,남,28세,상해없음,승용,남,46세,경상
2014121200100283,2014년 12월 12일 13시,금요일,충청북도 영동군 양산면,중상사고,0,4,0,0,차대차 - 기타,교차로운행방법위반,건조,맑음,교차로 - 교차로안,화물,남,33세,상해없음,화물,남,76세,중상
2014121200100284,2014년 12월 12일 13시,금요일,충청북도 청주시 서원구 산남동,중상사고,0,1,0,0,차대차 - 기타,직진우회전진행방해,건조,맑음,교차로 - 교차로부근,승용,남,32세,상해없음,이륜,여,62세,중상
2014121200100326,2014년 12월 12일 14시,금요일,충청북도 보은군 수한면,경상사고,0,0,1,0,차대차 - 측면직각충돌,교차로운행방법위반,건조,맑음,교차로 - 교차로안,화물,여,44세,상해없음,화물,남,26세,경상
2014121200100353,2014년 12월 12일 15시,금요일,충청북도 제천시 동현동,경상사고,0,0,2,0,차대차 - 기타,안전거리미확보,건조,맑음,교차로 - 교차로부근,승용,남,59세,상해없음,승용,여,35세,경상
2014121200100354,2014년 12월 12일 15시,금요일,충청북도 음성군 금왕읍,경상사고,0,0,1,0,차대차 - 기타,안전운전불이행,건조,맑음,교차로 - 교차로부근,화물,남,44세,상해없음,승용,남,55세,경상
2014121200100394,2014년 12월 12일 16시,금요일,충청북도 충주시 단월동,중상사고,0,2,0,1,차대차 - 기타,안전운전불이행,건조,흐림,교차로 - 교차로안,승용,여,62세,부상신고,승용,남,57세,중상
2014121200100395,2014년 12월 12일 16시,금요일,충청북도 음성군 생극면,경상사고,0,0,1,0,차대차 - 추돌 - 진행중,안전거리미확보,건조,맑음,단일로 - 기타,건설기계,남,55세,상해없음,승용,남,58세,경상
2014121200100396,2014년 12월 12일 16시,금요일,충청북도 옥천군 옥천읍,경상사고,0,0,2,0,차대차 - 측면직각충돌,신호위반,습기,눈,교차로 - 교차로안,승합,남,41세,상해없음,승용,남,38세,상해없음
2014121200100447,2014년 12월 12일 17시,금요일,충청북도 충주시 중앙탑면,중상사고,0,4,0,0,차대차 - 추돌 - 주정차중,안전운전불이행,습기,흐림,단일로 - 기타,화물,남,54세,중상,화물,남,51세,중상
2014121200100448,2014년 12월 12일 17시,금요일,충청북도 충주시 교현동,중상사고,0,1,2,0,차대차 - 추돌 - 주정차중,안전운전불이행,결빙,눈,교차로 - 교차로부근,승용,여,54세,상해없음,승용,남,34세,경상
2014121200100449,2014년 12월 12일 17시,금요일,충청북도 청주시 흥덕구 봉명동,중상사고,0,1,0,0,차대사람 - 기타,안전운전불이행,적설,눈,단일로 - 기타,승합,남,42세,상해없음,보행자,남,35세,중상
2014121200100503,2014년 12월 12일 18시,금요일,충청북도 진천군 진천읍,경상사고,0,0,2,0,차대사람 - 횡단중,안전운전불이행,적설,흐림,단일로 - 기타,승용,남,35세,상해없음,보행자,여,17세,경상
2014121200100504,2014년 12월 12일 18시,금요일,충청북도 청주시 흥덕구 향정동,중상사고,0,1,0,0,차대차 - 기타,안전운전불이행,건조,맑음,교차로 - 교차로부근,승용,여,35세,상해없음,승용,남,63세,상해없음
2014121200100564,2014년 12월 12일 19시,금요일,충청북도 진천군 진천읍,경상사고,0,0,2,0,차대차 - 추돌 - 진행중,차로위반,결빙,눈,교차로 - 교차로부근,승용,여,40세,상해없음,승합,남,69세,경상
2014121200100565,2014년 12월 12일 19시,금요일,충청북도 청주시 상당구 문화동,경상사고,0,0,1,0,차대사람 - 기타,안전운전불이행,적설,눈,단일로 - 기타,화물,남,62세,상해없음,보행자,남,61세,경상
2014121200100602,2014년 12월 12일 20시,금요일,충청북도 청주시 서원구 사창동,중상사고,0,1,0,0,차대차 - 기타,신호위반,결빙,맑음,단일로 - 기타,승용,남,28세,상해없음,이륜,남,54세,중상
2014121200100644,2014년 12월 12일 21시,금요일,충청북도 청주시 서원구 성화동,중상사고,0,1,0,0,차대사람 - 횡단중,안전운전불이행,습기,눈,교차로 - 교차로안,승용,여,30세,상해없음,보행자,여,33세,중상
2014121200100676,2014년 12월 12일 22시,금요일,충청북도 청주시 서원구 분평동,중상사고,0,1,0,0,차대차 - 측면직각충돌,안전운전불이행,습기,눈,단일로 - 기타,승용,남,40세,상해없음,승용,여,38세,중상
2014121300100025,2014년 12월 13일 00시,토요일,충청북도 청주시 흥덕구 복대동,경상사고,0,0,1,0,차대사람 - 길가장자리구역통행중,안전운전불이행,건조,맑음,교차로 - 교차로부근,승용,남,28세,상해없음,보행자,남,25세,경상
2014121300100152,2014년 12월 13일 07시,토요일,충청북도 청주시 흥덕구 오송읍,경상사고,0,0,1,0,차대차 - 측면직각충돌,안전운전불이행,건조,맑음,교차로 - 교차로부근,승용,남,59세,상해없음,승용,남,42세,기타불명
2014121300100169,2014년 12월 13일 08시,토요일,충청북도 음성군 대소면,사망사고,1,0,0,0,차대사람 - 기타,안전운전불이행,결빙,맑음,단일로 - 기타,승용,남,27세,상해없음,보행자,여,74세,사망
2014121300100194,2014년 12월 13일 09시,토요일,충청북도 청주시 청원구 우암동,경상사고,0,0,1,0,차대사람 - 기타,불법유턴,건조,맑음,단일로 - 기타,승용,남,55세,상해없음,보행자,여,23세,경상
2014121300100250,2014년 12월 13일 11시,토요일,충청북도 청주시 청원구 사천동,경상사고,0,0,1,0,차대차 - 기타,안전운전불이행,습기,맑음,단일로 - 기타,화물,남,46세,상해없음,승용,남,61세,경상
2014121300100251,2014년 12월 13일 11시,토요일,충청북도 청주시 청원구 주성동,중상사고,0,2,0,0,차대차 - 추돌 - 진행중,안전운전불이행,건조,맑음,교차로 - 교차로부근,승용,남,23세,상해없음,승용,남,69세,중상
2014121300100252,2014년 12월 13일 11시,토요일,충청북도 음성군 삼성면,중상사고,0,1,1,0,차량단독 - 기타,안전운전불이행,결빙,맑음,단일로 - 기타,화물,남,54세,경상,,,,
2014121300100297,2014년 12월 13일 12시,토요일,충청북도 청주시 청원구 율량동,경상사고,0,0,1,0,차대사람 - 길가장자리구역통행중,안전운전불이행,건조,맑음,단일로 - 기타,승용,여,35세,상해없음,보행자,여,40세,경상
2014121300100298,2014년 12월 13일 12시,토요일,충청북도 음성군 금왕읍,경상사고,0,0,1,0,차대사람 - 기타,안전운전불이행,건조,맑음,단일로 - 기타,화물,남,54세,상해없음,보행자,남,55세,경상
2014121300100299,2014년 12월 13일 12시,토요일,충청북도 진천군 진천읍,중상사고,0,1,3,0,차대차 - 추돌 - 진행중,안전운전불이행,건조,맑음,단일로 - 터널,승용,남,38세,중상,승용,남,67세,경상
2014121300100300,2014년 12월 13일 12시,토요일,충청북도 진천군 진천읍,중상사고,0,1,1,0,차대차 - 추돌 - 진행중,안전운전불이행,건조,맑음,단일로 - 터널,승용,남,26세,상해없음,승용,남,38세,중상
2014121300100334,2014년 12월 13일 13시,토요일,충청북도 청주시 상당구 문화동,경상사고,0,0,1,0,차량단독 - 기타,안전운전불이행,건조,맑음,단일로 - 기타,승합,기타불명,기타불명,기타불명,,,,
2014121300100405,2014년 12월 13일 15시,토요일,충청북도 청주시 청원구 율량동,경상사고,0,0,1,0,차대차 - 추돌 - 주정차중,안전운전불이행,결빙,맑음,교차로 - 교차로부근,승용,여,53세,상해없음,승용,남,34세,경상
2014121300100406,2014년 12월 13일 15시,토요일,충청북도 청주시 상당구 영동,경상사고,0,0,1,0,차대차 - 측면직각충돌,안전운전불이행,습기,맑음,단일로 - 기타,승용,남,70세,상해없음,승용,남,28세,경상
2014121300100407,2014년 12월 13일 15시,토요일,충청북도 제천시 청전동,경상사고,0,0,1,0,차대차 - 기타,직진우회전진행방해,건조,맑음,교차로 - 교차로안,승용,여,44세,상해없음,농기계,남,70세,경상
2014121300100408,2014년 12월 13일 15시,토요일,충청북도 청주시 서원구 남이면,중상사고,0,1,0,0,차대차 - 측면직각충돌,안전운전불이행,건조,맑음,단일로 - 기타,승용,남,55세,상해없음,자전거,남,27세,중상
2014121300100409,2014년 12월 13일 15시,토요일,충청북도 청주시 서원구 모충동,중상사고,0,1,0,0,차대사람 - 기타,안전운전불이행,건조,맑음,단일로 - 기타,승용,남,56세,상해없음,보행자,남,45세,중상
2014121300100410,2014년 12월 13일 15시,토요일,충청북도 청주시 청원구 오창읍,경상사고,0,0,2,0,차대차 - 추돌 - 주정차중,안전운전불이행,건조,맑음,단일로 - 기타,승용,남,29세,상해없음,승용,남,32세,경상
2014121300100440,2014년 12월 13일 16시,토요일,충청북도 단양군 단양읍,중상사고,0,2,0,0,차대사람 - 기타,안전운전불이행,건조,맑음,단일로 - 기타,승용,여,69세,상해없음,보행자,남,51세,중상
2014121300100441,2014년 12월 13일 16시,토요일,충청북도 청주시 흥덕구 가경동,경상사고,0,0,1,0,차대사람 - 기타,기타,건조,맑음,단일로 - 기타,이륜,남,62세,상해없음,보행자,여,56세,경상
2014121300100471,2014년 12월 13일 17시,토요일,충청북도 청주시 흥덕구 가경동,경상사고,0,0,3,0,차량단독 - 공작물충돌,안전운전불이행,건조,맑음,교차로 - 교차로부근,승합,남,43세,경상,,,,
2014121300100472,2014년 12월 13일 17시,토요일,충청북도 청주시 서원구 현도면,중상사고,0,1,0,0,차대사람 - 기타,안전운전불이행,건조,맑음,단일로 - 기타,승용,남,32세,상해없음,보행자,여,81세,중상
2014121300100473,2014년 12월 13일 17시,토요일,충청북도 청주시 흥덕구 가경동,경상사고,0,0,1,0,차대차 - 기타,교차로운행방법위반,건조,맑음,교차로 - 교차로안,승용,남,46세,상해없음,원동기,남,32세,경상
2014121300100474,2014년 12월 13일 17시,토요일,충청북도 청주시 흥덕구 봉명동,경상사고,0,0,5,0,차대차 - 측면직각충돌,교차로운행방법위반,건조,맑음,교차로 - 교차로안,승용,남,46세,경상,승용,남,61세,경상
2014121300100475,2014년 12월 13일 17시,토요일,충청북도 청주시 상당구 용암동,경상사고,0,0,6,0,차대차 - 측면직각충돌,안전운전불이행,결빙,맑음,단일로 - 기타,승용,여,28세,경상,승용,남,26세,경상
2014121300100514,2014년 12월 13일 18시,토요일,충청북도 충주시 금릉동,중상사고,0,1,0,1,차대차 - 기타,중앙선침범,건조,맑음,단일로 - 기타,승용,남,52세,부상신고,승용,남,72세,중상
2014121300100515,2014년 12월 13일 18시,토요일,충청북도 청주시 서원구 산남동,경상사고,0,0,1,0,차대차 - 추돌 - 진행중,안전운전불이행,건조,맑음,단일로 - 기타,승용,남,41세,상해없음,승용,남,46세,경상
2014121300100557,2014년 12월 13일 19시,토요일,충청북도 영동군 영동읍,중상사고,0,1,0,1,차대차 - 추돌 - 진행중,안전운전불이행,습기,맑음,교차로 - 교차로안,화물,남,38세,부상신고,승용,남,44세,중상
2014121300100558,2014년 12월 13일 19시,토요일,충청북도 청주시 흥덕구 운천동,경상사고,0,0,2,0,차대차 - 추돌 - 주정차중,안전운전불이행,건조,맑음,교차로 - 교차로부근,승용,남,40세,상해없음,승용,여,50세,경상
2014121300100592,2014년 12월 13일 20시,토요일,충청북도 청주시 청원구 율량동,경상사고,0,0,1,0,차대사람 - 길가장자리구역통행중,안전운전불이행,습기,흐림,교차로 - 교차로안,승용,기타불명,기타불명,기타불명,보행자,여,51세,경상
2014121300100593,2014년 12월 13일 20시,토요일,충청북도 단양군 단양읍,중상사고,0,2,0,0,차대사람 - 차도통행중,안전운전불이행,건조,맑음,단일로 - 기타,화물,남,40세,상해없음,보행자,남,63세,중상
2014121300100648,2014년 12월 13일 22시,토요일,충청북도 청주시 청원구 율량동,경상사고,0,0,1,0,차대차 - 측면직각충돌,안전운전불이행,건조,맑음,기타 - 기타,승용,남,42세,기타불명,화물,남,43세,기타불명
2014121300100649,2014년 12월 13일 22시,토요일,충청북도 청주시 상당구 금천동,중상사고,0,1,5,2,차대차 - 측면직각충돌,안전운전불이행,건조,맑음,교차로 - 교차로부근,화물,남,38세,상해없음,승용,남,43세,경상
2014121300100678,2014년 12월 13일 23시,토요일,충청북도 진천군 이월면,경상사고,0,0,1,0,차대차 - 측면직각충돌,안전거리미확보,건조,맑음,단일로 - 기타,승용,남,32세,상해없음,승용,여,30세,경상
2014121300100679,2014년 12월 13일 23시,토요일,충청북도 충주시 노은면,경상사고,0,0,3,0,차대차 - 기타,기타,건조,맑음,단일로 - 기타,특수,남,39세,상해없음,화물,남,51세,상해없음
2014121400100012,2014년 12월 14일 00시,일요일,충청북도 청주시 흥덕구 봉명동,경상사고,0,0,1,0,차대차 - 측면직각충돌,안전운전불이행,건조,맑음,단일로 - 기타,승용,남,34세,상해없음,승용,남,53세,경상
2014121400100013,2014년 12월 14일 00시,일요일,충청북도 청주시 서원구 수곡동,경상사고,0,0,1,0,차대사람 - 횡단중,안전운전불이행,건조,맑음,단일로 - 기타,승용,남,62세,상해없음,보행자,남,32세,경상
2014121400100174,2014년 12월 14일 10시,일요일,충청북도 청주시 청원구 주중동,경상사고,0,0,6,0,차대차 - 기타,안전운전불이행,건조,맑음,교차로 - 교차로부근,승용,여,43세,경상,승합,남,54세,경상
2014121400100192,2014년 12월 14일 11시,일요일,충청북도 청주시 청원구 북이면,중상사고,0,1,2,0,차대차 - 기타,안전운전불이행,건조,맑음,교차로 - 교차로안,화물,남,71세,경상,화물,남,58세,중상
2014121400100230,2014년 12월 14일 13시,일요일,충청북도 충주시 산척면,경상사고,0,0,3,0,차대차 - 추돌 - 진행중,중앙선침범,건조,맑음,교차로 - 교차로부근,승합,남,53세,상해없음,승용,남,49세,경상
2014121400100251,2014년 12월 14일 14시,일요일,충청북도 충주시 노은면,경상사고,0,0,1,0,차대차 - 기타,안전운전불이행,건조,맑음,단일로 - 기타,화물,남,32세,상해없음,승용,남,61세,상해없음
2014121400100278,2014년 12월 14일 15시,일요일,충청북도 청주시 서원구 개신동,경상사고,0,0,1,0,차대차 - 측면직각충돌,안전운전불이행,건조,맑음,단일로 - 기타,승용,남,55세,상해없음,화물,남,57세,경상
2014121400100342,2014년 12월 14일 17시,일요일,충청북도 청주시 서원구 산남동,경상사고,0,0,2,0,차대차 - 기타,안전운전불이행,건조,맑음,단일로 - 기타,승용,남,50세,상해없음,승용,남,52세,경상
2014121400100371,2014년 12월 14일 18시,일요일,충청북도 제천시 청전동,중상사고,0,1,0,0,차대사람 - 기타,중앙선침범,습기,눈,교차로 - 교차로부근,승합,여,58세,상해없음,보행자,남,52세,중상
2014121400100448,2014년 12월 14일 20시,일요일,충청북도 청주시 청원구 율량동,중상사고,0,1,1,0,차대차 - 기타,중앙선침범,건조,맑음,교차로 - 교차로부근,승용,남,50세,상해없음,화물,남,46세,중상
2014121400100449,2014년 12월 14일 20시,일요일,충청북도 제천시 고암동,중상사고,0,1,0,0,차대사람 - 기타,안전운전불이행,적설,눈,단일로 - 기타,승용,남,36세,상해없음,보행자,남,49세,중상
2014121400100450,2014년 12월 14일 20시,일요일,충청북도 제천시 청전동,중상사고,0,1,0,1,차대차 - 기타,신호위반,건조,맑음,교차로 - 교차로안,승용,여,53세,부상신고,원동기,남,18세,중상
2014121400100451,2014년 12월 14일 20시,일요일,충청북도 증평군 증평읍,경상사고,0,0,2,0,차대차 - 기타,신호위반,건조,맑음,교차로 - 교차로안,승용,남,18세,상해없음,화물,남,55세,경상
2014121400100481,2014년 12월 14일 21시,일요일,충청북도 청주시 흥덕구 강내면,경상사고,0,0,2,0,차대차 - 측면직각충돌,교차로운행방법위반,건조,맑음,교차로 - 교차로안,승용,남,50세,상해없음,승용,남,61세,경상
2014121400100503,2014년 12월 14일 22시,일요일,충청북도 제천시 청전동,중상사고,0,1,3,0,차대차 - 정면충돌,신호위반,건조,맑음,교차로 - 교차로안,승용,남,26세,상해없음,승용,남,59세,중상
2014121400100515,2014년 12월 14일 23시,일요일,충청북도 청주시 서원구 사창동,중상사고,0,1,0,0,차대차 - 기타,신호위반,건조,맑음,교차로 - 교차로안,승용,남,40세,상해없음,이륜,남,17세,중상
2014121500100005,2014년 12월 15일 00시,월요일,충청북도 청주시 흥덕구 복대동,경상사고,0,0,2,0,차대차 - 추돌 - 주정차중,중앙선침범,건조,흐림,교차로 - 교차로부근,승용,여,38세,상해없음,승용,남,54세,경상
2014121500100021,2014년 12월 15일 02시,월요일,충청북도 충주시 칠금동,부상신고사고,0,0,0,1,차량단독 - 공작물충돌,안전운전불이행,건조,맑음,교차로 - 교차로부근,승용,남,32세,부상신고,,,,
2014121500100056,2014년 12월 15일 06시,월요일,충청북도 충주시 산척면,중상사고,0,1,0,0,차대차 - 기타,안전운전불이행,건조,맑음,단일로 - 터널,특수,남,39세,상해없음,승용,남,50세,중상
2014121500100057,2014년 12월 15일 06시,월요일,충청북도 청주시 흥덕구 가경동,중상사고,0,2,0,0,차대차 - 정면충돌,중앙선침범,결빙,눈,단일로 - 기타,승용,남,26세,중상,화물,남,64세,중상
2014121500100058,2014년 12월 15일 06시,월요일,충청북도 청주시 흥덕구 신촌동,경상사고,0,0,1,0,차대차 - 측면직각충돌,안전운전불이행,건조,맑음,단일로 - 기타,특수,남,58세,상해없음,화물,남,46세,경상
2014121500100059,2014년 12월 15일 06시,월요일,충청북도 청주시 흥덕구 오송읍,부상신고사고,0,0,0,1,차대차 - 기타,안전운전불이행,건조,흐림,단일로 - 기타,승용,남,66세,부상신고,화물,남,43세,상해없음
2014121500100060,2014년 12월 15일 06시,월요일,충청북도 진천군 초평면,중상사고,0,1,0,0,차대차 - 기타,안전운전불이행,건조,맑음,단일로 - 기타,기타불명,기타불명,기타불명,기타불명,승용,여,50세,중상
2014121500100081,2014년 12월 15일 07시,월요일,충청북도 진천군 진천읍,경상사고,0,0,1,0,차대차 - 측면직각충돌,기타,건조,맑음,단일로 - 기타,승용,남,27세,상해없음,화물,남,50세,경상
2014121500100082,2014년 12월 15일 07시,월요일,충청북도 청주시 흥덕구 복대동,중상사고,0,1,0,0,차대사람 - 횡단중,보행자보호의무위반,습기,흐림,교차로 - 교차로안,승용,여,38세,상해없음,보행자,여,56세,중상
2014121500100184,2014년 12월 15일 10시,월요일,충청북도 음성군 금왕읍,경상사고,0,0,1,0,차대차 - 기타,중앙선침범,건조,맑음,단일로 - 기타,승용,남,76세,경상,승용,남,58세,상해없음
2014121500100185,2014년 12월 15일 10시,월요일,충청북도 청주시 흥덕구 옥산면,경상사고,0,0,2,0,차대차 - 측면직각충돌,안전운전불이행,건조,맑음,교차로 - 교차로안,승용,남,54세,경상,화물,남,62세,경상
2014121500100186,2014년 12월 15일 10시,월요일,충청북도 청주시 상당구 용암동,경상사고,0,0,1,0,차대사람 - 기타,기타,건조,맑음,단일로 - 기타,승용,여,47세,상해없음,보행자,남,79세,경상
2014121500100210,2014년 12월 15일 11시,월요일,충청북도 증평군 증평읍,경상사고,0,0,3,1,차대차 - 측면직각충돌,직진우회전진행방해,습기,흐림,교차로 - 교차로안,화물,남,56세,상해없음,승용,여,75세,부상신고
2014121500100211,2014년 12월 15일 11시,월요일,충청북도 청주시 서원구 성화동,경상사고,0,0,1,0,차대차 - 측면직각충돌,교차로운행방법위반,건조,맑음,교차로 - 교차로안,화물,남,50세,상해없음,승용,남,31세,경상
2014121500100240,2014년 12월 15일 12시,월요일,충청북도 청주시 청원구 우암동,경상사고,0,0,1,0,차량단독 - 기타,기타,건조,맑음,단일로 - 기타,승합,남,53세,상해없음,,,,
2014121500100241,2014년 12월 15일 12시,월요일,충청북도 청주시 청원구 내덕동,경상사고,0,0,1,0,차대차 - 기타,안전운전불이행,결빙,맑음,단일로 - 기타,이륜,남,20세,경상,승용,남,30세,상해없음
2014121500100270,2014년 12월 15일 13시,월요일,충청북도 음성군 금왕읍,경상사고,0,0,1,0,차대차 - 기타,안전운전불이행,건조,맑음,교차로 - 교차로부근,승용,남,50세,상해없음,승용,남,31세,경상