사고번호,사고일시,요일,시군구,사고내용,사망자수,중상자수,경상자수,부상신고자수,사고유형,법규위반,노면상태,기상상태,도로형태,가해운전자 차종,가해운전자 성별,가해운전자 연령,가해운전자 상해정도,피해운전자 차종,피해운전자 성별,피해운전자 연령,피해운전자 상해정도
2014122100100209,2014년 12월 21일 14시,일요일,충청북도 제천시 영천동,경상사고,0,0,1,0,차대차 - 측면직각충돌,안전운전불이행,건조,맑음,교차로 - 교차로안,화물,남,60세,상해없음,승용,남,30세,경상
2014122100100210,2014년 12월 21일 14시,일요일,충청북도 제천시 중앙로1가,중상사고,0,1,0,0,차대차 - 추돌 - 진행중,안전거리미확보,건조,맑음,단일로 - 기타,승용,남,47세,상해없음,승용,남,30세,중상
2014122100100259,2014년 12월 21일 16시,일요일,충청북도 청주시 상당구 용암동,경상사고,0,0,3,0,차대차 - 측면직각충돌,안전운전불이행,결빙,눈,교차로 - 교차로부근,승용,남,35세,상해없음,승용,여,43세,경상
2014122100100283,2014년 12월 21일 17시,일요일,충청북도 보은군 마로면,경상사고,0,0,3,0,차대차 - 측면직각충돌,안전운전불이행,결빙,맑음,교차로 - 교차로부근,승용,남,55세,상해없음,승용,남,51세,상해없음
2014122100100314,2014년 12월 21일 18시,일요일,충청북도 청주시 서원구 수곡동,경상사고,0,0,2,0,차대차 - 추돌 - 주정차중,신호위반,적설,눈,교차로 - 교차로안,승용,남,55세,상해없음,승합,여,39세,경상
2014122100100417,2014년 12월 21일 21시,일요일,충청북도 청주시 상당구 서문동,경상사고,0,0,1,0,차대차 - 기타,중앙선침범,건조,맑음,단일로 - 기타,승용,남,68세,상해없음,승용,여,47세,경상
2014122100100453,2014년 12월 21일 23시,일요일,충청북도 청주시 흥덕구 복대동,경상사고,0,0,2,0,차대차 - 기타,안전운전불이행,습기,맑음,단일로 - 기타,승용,남,47세,상해없음,승용,여,44세,경상
2014122200100012,2014년 12월 22일 01시,월요일,충청북도 충주시 연수동,경상사고,0,0,1,0,차대사람 - 기타,안전운전불이행,건조,맑음,단일로 - 기타,승용,남,60세,상해없음,보행자,남,20세,경상
2014122200100013,2014년 12월 22일 01시,월요일,충청북도 충주시 연수동,경상사고,0,0,1,0,차대사람 - 횡단중,안전운전불이행,건조,맑음,교차로 - 교차로안,승용,남,32세,상해없음,보행자,여,40세,경상
2014122200100106,2014년 12월 22일 08시,월요일,충청북도 청주시 흥덕구 봉명동,중상사고,0,1,1,0,차대차 - 기타,안전운전불이행,결빙,맑음,단일로 - 기타,승용,남,35세,상해없음,승용,남,55세,경상
2014122200100107,2014년 12월 22일 08시,월요일,충청북도 청주시 서원구 현도면,경상사고,0,0,2,0,차대차 - 측면직각충돌,안전거리미확보,결빙,맑음,교차로 - 교차로부근,승용,남,43세,상해없음,승용,여,57세,경상
2014122200100108,2014년 12월 22일 08시,월요일,충청북도 청주시 상당구 석교동,경상사고,0,0,2,0,차대차 - 기타,안전운전불이행,결빙,눈,교차로 - 교차로안,승용,여,45세,상해없음,승용,남,45세,경상
2014122200100109,2014년 12월 22일 08시,월요일,충청북도 청주시 상당구 영운동,경상사고,0,0,1,0,차대사람 - 기타,안전운전불이행,습기,흐림,단일로 - 기타,기타불명,기타불명,기타불명,기타불명,보행자,여,45세,경상
2014122200100110,2014년 12월 22일 08시,월요일,충청북도 청주시 서원구 분평동,경상사고,0,0,1,0,차대차 - 측면직각충돌,안전운전불이행,결빙,눈,교차로 - 교차로부근,승용,여,31세,상해없음,승용,남,58세,경상
2014122200100142,2014년 12월 22일 09시,월요일,충청북도 청주시 흥덕구 강서동,경상사고,0,0,1,0,차대차 - 추돌 - 진행중,안전운전불이행,습기,맑음,교차로 - 교차로부근,승용,남,54세,상해없음,승용,여,36세,경상
2014122200100143,2014년 12월 22일 09시,월요일,충청북도 청주시 상당구 서운동,중상사고,0,1,0,0,차대차 - 측면직각충돌,안전운전불이행,건조,맑음,단일로 - 기타,승용,남,50세,상해없음,승합,남,48세,상해없음
2014122200100144,2014년 12월 22일 09시,월요일,충청북도 청주시 상당구 금천동,경상사고,0,0,1,0,차대차 - 기타,안전운전불이행,결빙,맑음,교차로 - 교차로안,승용,남,52세,경상,승용,여,42세,상해없음
2014122200100220,2014년 12월 22일 12시,월요일,충청북도 괴산군 문광면,중상사고,0,2,1,0,차대차 - 정면충돌,중앙선침범,적설,눈,단일로 - 기타,승용,남,57세,상해없음,화물,남,68세,경상
2014122200100221,2014년 12월 22일 12시,월요일,충청북도 증평군 증평읍,경상사고,0,0,2,0,차대차 - 기타,교차로운행방법위반,적설,흐림,교차로 - 교차로안,승용,남,28세,경상,승용,남,55세,경상
2014122200100222,2014년 12월 22일 12시,월요일,충청북도 음성군 대소면,경상사고,0,0,3,0,차대차 - 기타,안전운전불이행,결빙,맑음,교차로 - 교차로부근,승용,남,24세,상해없음,승용,여,41세,경상
2014122200100223,2014년 12월 22일 12시,월요일,충청북도 청주시 흥덕구 봉명동,경상사고,0,0,1,0,차대차 - 추돌 - 진행중,안전운전불이행,결빙,눈,단일로 - 기타,승용,남,39세,경상,특수,남,43세,상해없음
2014122200100224,2014년 12월 22일 12시,월요일,충청북도 청주시 흥덕구 오송읍,중상사고,0,1,0,0,차대사람 - 기타,안전운전불이행,적설,맑음,단일로 - 기타,승용,여,36세,상해없음,보행자,여,10세,중상
2014122200100251,2014년 12월 22일 13시,월요일,충청북도 제천시 의림동,중상사고,0,3,0,0,차대차 - 측면직각충돌,기타,습기,맑음,교차로 - 교차로안,승용,여,44세,상해없음,자전거,남,70세,중상
2014122200100304,2014년 12월 22일 15시,월요일,충청북도 제천시 백운면,경상사고,0,0,1,0,차대차 - 기타,중앙선침범,적설,눈,단일로 - 기타,승용,여,60세,상해없음,승용,남,49세,경상
2014122200100305,2014년 12월 22일 15시,월요일,충청북도 제천시 송학면,경상사고,0,0,2,0,차대차 - 기타,중앙선침범,습기,맑음,단일로 - 기타,승용,여,42세,상해없음,승용,남,36세,경상
2014122200100339,2014년 12월 22일 16시,월요일,충청북도 청주시 청원구 사천동,중상사고,0,1,0,0,차대차 - 측면직각충돌,교차로운행방법위반,건조,맑음,교차로 - 교차로안,승용,남,46세,상해없음,승용,여,52세,중상
2014122200100340,2014년 12월 22일 16시,월요일,충청북도 청주시 흥덕구 봉명동,경상사고,0,0,1,0,차대차 - 측면직각충돌,교차로운행방법위반,건조,맑음,단일로 - 기타,승용,남,23세,상해없음,승용,여,52세,경상
2014122200100419,2014년 12월 22일 18시,월요일,충청북도 충주시 단월동,중상사고,0,1,0,0,차대차 - 기타,안전운전불이행,건조,맑음,교차로 - 교차로안,승용,남,54세,상해없음,원동기,남,46세,중상
2014122200100420,2014년 12월 22일 18시,월요일,충청북도 청주시 서원구 산남동,경상사고,0,0,1,0,차대차 - 측면직각충돌,안전운전불이행,건조,맑음,교차로 - 교차로부근,승용,여,31세,상해없음,승용,여,41세,경상
2014122200100455,2014년 12월 22일 19시,월요일,충청북도 청주시 흥덕구 봉명동,경상사고,0,0,1,0,차대차 - 측면직각충돌,교차로운행방법위반,건조,맑음,교차로 - 교차로안,승용,남,52세,상해없음,승용,남,37세,경상
2014122200100491,2014년 12월 22일 20시,월요일,충청북도 진천군 진천읍,사망사고,1,0,0,0,차대사람 - 차도통행중,안전운전불이행,습기,흐림,단일로 - 기타,화물,남,47세,상해없음,보행자,남,41세,사망
2014122200100492,2014년 12월 22일 20시,월요일,충청북도 청주시 흥덕구 봉명동,경상사고,0,0,4,0,차대차 - 기타,차로위반,건조,맑음,교차로 - 교차로부근,승용,남,47세,상해없음,승용,남,54세,상해없음
2014122200100515,2014년 12월 22일 21시,월요일,충청북도 청주시 흥덕구 봉명동,경상사고,0,0,1,0,차대차 - 기타,중앙선침범,건조,맑음,단일로 - 기타,승용,남,51세,상해없음,승합,남,61세,상해없음
2014122200100580,2014년 12월 22일 23시,월요일,충청북도 청주시 청원구 오창읍,경상사고,0,0,1,0,차대차 - 기타,안전운전불이행,적설,흐림,교차로 - 교차로부근,승합,남,58세,상해없음,승용,남,48세,경상
2014122300100080,2014년 12월 23일 05시,화요일,충청북도 청주시 서원구 사창동,경상사고,0,0,1,0,차대차 - 기타,중앙선침범,건조,맑음,단일로 - 기타,승용,남,34세,기타불명,승용,남,53세,경상
2014122300100097,2014년 12월 23일 06시,화요일,충청북도 청주시 흥덕구 복대동,사망사고,1,0,0,0,차대사람 - 기타,안전운전불이행,건조,맑음,단일로 - 기타,화물,남,60세,상해없음,보행자,여,76세,사망
2014122300100120,2014년 12월 23일 07시,화요일,충청북도 청주시 청원구 오창읍,중상사고,0,1,0,0,차량단독 - 공작물충돌,안전운전불이행,결빙,맑음,단일로 - 기타,승용,남,56세,중상,,,,
2014122300100190,2014년 12월 23일 09시,화요일,충청북도 충주시 연수동,경상사고,0,0,2,0,차대차 - 기타,안전운전불이행,건조,맑음,단일로 - 기타,승용,여,60세,경상,승용,여,47세,경상
2014122300100305,2014년 12월 23일 14시,화요일,충청북도 음성군 금왕읍,경상사고,0,0,1,1,차대차 - 기타,안전운전불이행,결빙,맑음,단일로 - 기타,화물,남,39세,부상신고,승용,여,49세,경상
2014122300100328,2014년 12월 23일 15시,화요일,충청북도 단양군 단양읍,중상사고,0,1,0,0,차대차 - 측면직각충돌,불법유턴,건조,맑음,교차로 - 교차로안,승용,남,55세,상해없음,화물,남,75세,중상
2014122300100352,2014년 12월 23일 16시,화요일,충청북도 괴산군 장연면,중상사고,0,1,1,0,차대차 - 추돌 - 진행중,안전운전불이행,건조,맑음,단일로 - 터널,승용,남,32세,상해없음,승용,남,29세,경상
2014122300100394,2014년 12월 23일 17시,화요일,충청북도 충주시 연수동,경상사고,0,0,1,0,차대차 - 기타,안전운전불이행,건조,맑음,기타 - 기타,화물,남,64세,상해없음,화물,남,60세,상해없음
2014122300100395,2014년 12월 23일 17시,화요일,충청북도 음성군 금왕읍,중상사고,0,1,0,0,차대사람 - 기타,안전운전불이행,건조,맑음,단일로 - 기타,승용,여,37세,상해없음,보행자,여,64세,중상
2014122300100435,2014년 12월 23일 18시,화요일,충청북도 청주시 서원구 사창동,경상사고,0,0,1,0,차량단독 - 기타,안전운전불이행,건조,맑음,단일로 - 기타,승합,남,50세,기타불명,,,,
2014122300100490,2014년 12월 23일 19시,화요일,충청북도 청주시 상당구 남주동,경상사고,0,0,1,0,차대차 - 측면직각충돌,안전운전불이행,건조,맑음,교차로 - 교차로안,승합,남,46세,상해없음,승용,여,53세,경상
2014122300100521,2014년 12월 23일 20시,화요일,충청북도 청주시 서원구 사직동,경상사고,0,0,1,0,차대차 - 측면직각충돌,안전운전불이행,결빙,맑음,단일로 - 기타,승용,여,52세,상해없음,이륜,남,23세,경상
2014122300100557,2014년 12월 23일 21시,화요일,충청북도 청주시 서원구 사직동,중상사고,0,1,1,0,차대차 - 기타,안전운전불이행,습기,맑음,단일로 - 기타,승용,남,50세,기타불명,승용,여,53세,중상
2014122300100558,2014년 12월 23일 21시,화요일,충청북도 진천군 진천읍,경상사고,0,0,1,0,차대사람 - 횡단중,보행자보호의무위반,건조,맑음,단일로 - 횡단보도상,승용,남,35세,상해없음,보행자,남,18세,경상
2014122300100596,2014년 12월 23일 22시,화요일,충청북도 제천시 화산동,경상사고,0,0,1,0,차대차 - 기타,신호위반,건조,맑음,교차로 - 교차로안,승용,여,34세,상해없음,승용,남,30세,경상
2014122300100597,2014년 12월 23일 22시,화요일,충청북도 청주시 흥덕구 송정동,사망사고,1,0,0,0,차대사람 - 횡단중,신호위반,건조,맑음,교차로 - 교차로안,승용,남,46세,상해없음,보행자,남,32세,사망
2014122300100645,2014년 12월 23일 23시,화요일,충청북도 옥천군 군서면,중상사고,0,1,0,0,차량단독 - 기타,안전운전불이행,건조,흐림,교차로 - 교차로부근,승용,남,31세,중상,,,,
2014122400100015,2014년 12월 24일 00시,수요일,충청북도 단양군 단양읍,중상사고,0,2,0,0,차량단독 - 공작물충돌,안전운전불이행,건조,맑음,단일로 - 기타,화물,남,53세,중상,,,,
2014122400100033,2014년 12월 24일 01시,수요일,충청북도 제천시 봉양읍,중상사고,0,1,1,0,차대차 - 기타,안전운전불이행,건조,맑음,단일로 - 기타,승용,남,63세,경상,화물,남,40세,중상
2014122400100046,2014년 12월 24일 02시,수요일,충청북도 진천군 이월면,사망사고,1,0,0,0,차대사람 - 차도통행중,안전운전불이행,습기,맑음,단일로 - 기타,승용,남,49세,상해없음,보행자,남,40세,사망
2014122400100105,2014년 12월 24일 07시,수요일,충청북도 청주시 흥덕구 오송읍,경상사고,0,0,1,0,차대차 - 측면직각충돌,안전운전불이행,건조,맑음,교차로 - 교차로안,승용,남,40세,경상,화물,남,45세,상해없음
2014122400100162,2014년 12월 24일 09시,수요일,충청북도 청주시 청원구 오창읍,경상사고,0,0,1,0,차대차 - 추돌 - 진행중,안전운전불이행,결빙,비,단일로 - 교량,승용,남,26세,상해없음,승용,남,51세,상해없음
2014122400100163,2014년 12월 24일 09시,수요일,충청북도 충주시 교현동,중상사고,0,1,1,1,차대차 - 기타,안전거리미확보,건조,맑음,단일로 - 기타,승용,남,55세,부상신고,승용,여,43세,중상
2014122400100164,2014년 12월 24일 09시,수요일,충청북도 청주시 상당구 남문로1가동,경상사고,0,0,2,0,차대차 - 측면직각충돌,안전운전불이행,습기,비,단일로 - 기타,승용,남,47세,상해없음,화물,남,42세,경상
2014122400100209,2014년 12월 24일 11시,수요일,충청북도 청주시 청원구 오창읍,경상사고,0,0,1,0,차대차 - 기타,안전운전불이행,결빙,안개,단일로 - 교량,승용,여,35세,기타불명,승용,남,36세,경상
2014122400100242,2014년 12월 24일 12시,수요일,충청북도 옥천군 옥천읍,중상사고,0,1,0,0,차대차 - 측면직각충돌,안전운전불이행,건조,흐림,교차로 - 교차로안,건설기계,남,48세,상해없음,승용,여,44세,중상
2014122400100343,2014년 12월 24일 15시,수요일,충청북도 제천시 신백동,중상사고,0,2,0,0,차대차 - 측면직각충돌,직진우회전진행방해,건조,맑음,교차로 - 교차로안,승용,여,43세,상해없음,승용,남,59세,중상
2014122400100382,2014년 12월 24일 16시,수요일,충청북도 괴산군 장연면,경상사고,0,0,1,0,차대차 - 추돌 - 진행중,안전거리미확보,건조,맑음,단일로 - 기타,화물,남,50세,상해없음,화물,남,56세,상해없음
2014122400100420,2014년 12월 24일 17시,수요일,충청북도 제천시 화산동,경상사고,0,0,1,0,차대차 - 측면직각충돌,안전운전불이행,습기,흐림,교차로 - 교차로안,승용,남,53세,상해없음,승용,남,47세,경상
2014122400100421,2014년 12월 24일 17시,수요일,충청북도 진천군 진천읍,중상사고,0,1,0,0,차대사람 - 기타,안전운전불이행,건조,맑음,단일로 - 기타,승용,남,46세,상해없음,보행자,남,19세,중상
2014122400100422,2014년 12월 24일 17시,수요일,충청북도 청주시 흥덕구 가경동,경상사고,0,0,1,0,차량단독 - 기타,안전운전불이행,건조,맑음,단일로 - 기타,승합,남,56세,상해없음,,,,
2014122400100423,2014년 12월 24일 17시,수요일,충청북도 청주시 상당구 미원면,경상사고,0,0,2,0,차대차 - 측면직각충돌,교차로운행방법위반,습기,맑음,교차로 - 교차로안,승용,여,49세,경상,화물,남,39세,경상
2014122400100424,2014년 12월 24일 17시,수요일,충청북도 음성군 감곡면,사망사고,1,0,0,0,차대차 - 기타,안전운전불이행,건조,맑음,단일로 - 기타,화물,남,49세,사망,승용,남,40세,상해없음
2014122400100482,2014년 12월 24일 18시,수요일,충청북도 충주시 봉방동,경상사고,0,0,1,0,차대사람 - 기타,안전운전불이행,건조,맑음,단일로 - 기타,승합,남,46세,상해없음,보행자,남,3세,경상
2014122400100483,2014년 12월 24일 18시,수요일,충청북도 제천시 명동,중상사고,0,1,0,0,차대사람 - 기타,안전운전불이행,습기,맑음,단일로 - 기타,이륜,남,18세,상해없음,보행자,여,79세,중상
2014122400100484,2014년 12월 24일 18시,수요일,충청북도 증평군 증평읍,경상사고,0,0,2,0,차대차 - 측면직각충돌,직진우회전진행방해,건조,맑음,교차로 - 교차로안,승용,남,48세,상해없음,승용,남,64세,경상
2014122400100485,2014년 12월 24일 18시,수요일,충청북도 청주시 서원구 개신동,중상사고,0,1,0,0,차대차 - 측면직각충돌,안전거리미확보,건조,맑음,단일로 - 기타,승용,남,38세,상해없음,이륜,남,20세,중상
2014122400100486,2014년 12월 24일 18시,수요일,충청북도 청주시 서원구 남이면,경상사고,0,0,4,0,차대차 - 추돌 - 주정차중,안전운전불이행,건조,흐림,단일로 - 기타,승용,남,43세,기타불명,승용,남,23세,경상
2014122400100553,2014년 12월 24일 19시,수요일,충청북도 청주시 청원구 사천동,경상사고,0,0,2,0,차대차 - 추돌 - 진행중,안전운전불이행,건조,맑음,단일로 - 기타,승용,남,61세,상해없음,승용,남,37세,경상
2014122400100554,2014년 12월 24일 19시,수요일,충청북도 청주시 청원구 우암동,경상사고,0,0,3,0,차대차 - 측면직각충돌,안전운전불이행,건조,맑음,교차로 - 교차로안,승합,여,58세,경상,승용,여,40세,경상
2014122400100555,2014년 12월 24일 19시,수요일,충청북도 청주시 청원구 오창읍,경상사고,0,0,1,0,차대차 - 측면직각충돌,중앙선침범,건조,맑음,단일로 - 기타,승용,여,28세,상해없음,승용,남,34세,경상
2014122400100556,2014년 12월 24일 19시,수요일,충청북도 제천시 봉양읍,경상사고,0,0,1,0,차대차 - 기타,안전운전불이행,습기,흐림,교차로 - 교차로안,화물,남,46세,상해없음,승용,여,48세,경상
2014122400100618,2014년 12월 24일 20시,수요일,충청북도 청주시 청원구 내덕동,경상사고,0,0,1,0,차대사람 - 기타,안전운전불이행,건조,맑음,단일로 - 기타,승용,남,49세,상해없음,보행자,남,25세,경상
2014122400100683,2014년 12월 24일 22시,수요일,충청북도 충주시 대소원면,중상사고,0,2,0,0,차대차 - 기타,신호위반,건조,맑음,교차로 - 교차로안,승용,남,52세,상해없음,승용,여,56세,중상
2014122400100684,2014년 12월 24일 22시,수요일,충청북도 청주시 상당구 석교동,경상사고,0,0,4,0,차대차 - 측면직각충돌,안전운전불이행,결빙,눈,단일로 - 기타,승용,남,55세,상해없음,승용,남,23세,경상
2014122400100723,2014년 12월 24일 23시,수요일,충청북도 청주시 청원구 북이면,중상사고,0,1,0,0,차대사람 - 길가장자리구역통행중,안전운전불이행,결빙,맑음,단일로 - 기타,승용,남,46세,기타불명,보행자,남,45세,중상
2014122500100039,2014년 12월 25일 01시,목요일,충청북도 청주시 서원구 사창동,중상사고,0,1,0,0,차량단독 - 공작물충돌,안전운전불이행,건조,맑음,교차로 - 교차로부근,이륜,남,19세,기타불명,,,,
2014122500100160,2014년 12월 25일 09시,목요일,충청북도 충주시 단월동,중상사고,0,1,0,0,차대사람 - 횡단중,안전운전불이행,건조,맑음,단일로 - 기타,승용,남,55세,상해없음,보행자,여,79세,중상
2014122500100161,2014년 12월 25일 09시,목요일,충청북도 제천시 청전동,중상사고,0,2,0,0,차대차 - 기타,신호위반,건조,맑음,교차로 - 교차로안,승용,여,60세,상해없음,승용,여,52세,중상
2014122500100184,2014년 12월 25일 10시,목요일,충청북도 청주시 청원구 오창읍,경상사고,0,0,1,0,차대차 - 측면직각충돌,중앙선침범,건조,맑음,단일로 - 기타,승용,여,51세,상해없음,화물,여,46세,경상
2014122500100185,2014년 12월 25일 10시,목요일,충청북도 단양군 대강면,경상사고,0,0,1,0,차대차 - 기타,신호위반,건조,맑음,교차로 - 교차로안,건설기계,남,47세,상해없음,승용,여,73세,경상
2014122500100236,2014년 12월 25일 13시,목요일,충청북도 청주시 서원구 분평동,중상사고,0,1,1,0,차대차 - 측면직각충돌,안전운전불이행,건조,맑음,단일로 - 기타,승용,여,47세,상해없음,승용,여,29세,경상
2014122500100264,2014년 12월 25일 14시,목요일,충청북도 충주시 목행동,부상신고사고,0,0,0,1,차대차 - 기타,신호위반,건조,맑음,교차로 - 교차로부근,승용,남,37세,부상신고,승용,남,25세,상해없음
2014122500100265,2014년 12월 25일 14시,목요일,충청북도 제천시 청전동,경상사고,0,0,1,0,차대차 - 기타,안전운전불이행,건조,맑음,교차로 - 교차로안,승합,남,58세,상해없음,승용,여,63세,경상
2014122500100321,2014년 12월 25일 16시,목요일,충청북도 괴산군 연풍면,중상사고,0,1,0,0,차량단독 - 공작물충돌,안전운전불이행,건조,맑음,단일로 - 기타,승용,남,58세,상해없음,,,,
2014122500100346,2014년 12월 25일 17시,목요일,충청북도 청주시 서원구 분평동,경상사고,0,0,1,0,차대사람 - 기타,안전운전불이행,건조,맑음,단일로 - 기타,기타불명,기타불명,기타불명,기타불명,보행자,여,11세,경상
2014122500100372,2014년 12월 25일 18시,목요일,충청북도 청주시 청원구 내덕동,사망사고,1,0,0,0,차대차 - 측면직각충돌,안전운전불이행,건조,맑음,단일로 - 기타,승용,여,49세,상해없음,자전거,남,67세,사망
2014122500100373,2014년 12월 25일 18시,목요일,충청북도 청주시 청원구 율량동,경상사고,0,0,2,0,차대차 - 추돌 - 진행중,안전운전불이행,건조,맑음,단일로 - 기타,화물,남,55세,상해없음,승용,남,52세,경상
2014122500100407,2014년 12월 25일 19시,목요일,충청북도 청주시 청원구 오창읍,경상사고,0,0,2,0,차대차 - 기타,안전운전불이행,건조,흐림,단일로 - 기타,승용,여,37세,상해없음,승용,남,48세,경상
2014122500100408,2014년 12월 25일 19시,목요일,충청북도 제천시 봉양읍,경상사고,0,0,1,0,차대차 - 기타,안전운전불이행,건조,맑음,단일로 - 기타,기타불명,기타불명,기타불명,기타불명,승용,남,41세,경상
2014122500100469,2014년 12월 25일 22시,목요일,충청북도 청주시 서원구 성화동,경상사고,0,0,1,0,차대차 - 정면충돌,중앙선침범,건조,맑음,단일로 - 기타,승용,남,29세,상해없음,승용,남,38세,경상
2014122600100129,2014년 12월 26일 08시,금요일,충청북도 음성군 음성읍,경상사고,0,0,1,0,차대차 - 기타,안전운전불이행,건조,맑음,교차로 - 교차로안,승용,여,53세,상해없음,승용,남,31세,경상
2014122600100130,2014년 12월 26일 08시,금요일,충청북도 단양군 단양읍,경상사고,0,0,1,0,차대차 - 기타,중앙선침범,건조,맑음,단일로 - 기타,승용,남,70세,기타불명,승용,남,40세,상해없음
2014122600100229,2014년 12월 26일 11시,금요일,충청북도 영동군 영동읍,경상사고,0,0,2,0,차대차 - 기타,신호위반,건조,맑음,교차로 - 교차로안,화물,남,41세,상해없음,화물,남,54세,상해없음
2014122600100265,2014년 12월 26일 12시,금요일,충청북도 영동군 영동읍,경상사고,0,0,1,0,차대차 - 기타,중앙선침범,건조,맑음,교차로 - 교차로안,자전거,남,88세,경상,승용,남,75세,상해없음
2014122600100266,2014년 12월 26일 12시,금요일,충청북도 음성군 금왕읍,중상사고,0,1,1,0,차대차 - 기타,안전운전불이행,결빙,맑음,단일로 - 기타,승용,여,47세,중상,화물,남,51세,경상
2014122600100267,2014년 12월 26일 12시,금요일,충청북도 단양군 매포읍,중상사고,0,1,0,0,차대차 - 추돌 - 진행중,안전거리미확보,건조,맑음,교차로 - 교차로부근,승용,남,49세,상해없음,승용,남,63세,중상
2014122600100301,2014년 12월 26일 13시,금요일,충청북도 청주시 흥덕구 복대동,경상사고,0,0,1,0,차대차 - 기타,안전운전불이행,건조,맑음,교차로 - 교차로안,승용,남,47세,상해없음,승용,남,55세,상해없음
2014122600100330,2014년 12월 26일 14시,금요일,충청북도 청주시 서원구 남이면,경상사고,0,0,1,0,차대차 - 측면직각충돌,신호위반,건조,맑음,교차로 - 교차로안,화물,남,45세,상해없음,승용,여,53세,경상
2014122600100331,2014년 12월 26일 14시,금요일,충청북도 청주시 흥덕구 옥산면,경상사고,0,0,2,0,차대차 - 추돌 - 진행중,안전운전불이행,건조,맑음,교차로 - 교차로부근,승용,남,22세,상해없음,승용,여,41세,경상
2014122600100364,2014년 12월 26일 15시,금요일,충청북도 청주시 상당구 용정동,중상사고,0,1,0,0,차대차 - 기타,신호위반,건조,맑음,교차로 - 교차로안,승용,여,54세,상해없음,원동기,남,31세,중상
2014122600100365,2014년 12월 26일 15시,금요일,충청북도 청주시 상당구 남일면,부상신고사고,0,0,0,1,차대차 - 측면직각충돌,안전운전불이행,건조,맑음,단일로 - 기타,이륜,남,61세,부상신고,화물,남,60세,상해없음
2014122600100435,2014년 12월 26일 17시,금요일,충청북도 청주시 청원구 내덕동,경상사고,0,0,1,0,차대차 - 기타,안전운전불이행,건조,맑음,단일로 - 기타,승용,남,55세,상해없음,승용,남,35세,경상
2014122600100436,2014년 12월 26일 17시,금요일,충청북도 제천시 신월동,경상사고,0,0,2,1,차대차 - 기타,안전운전불이행,건조,맑음,교차로 - 교차로안,승용,여,40세,부상신고,화물,남,47세,경상
2014122600100497,2014년 12월 26일 18시,금요일,충청북도 충주시 노은면,경상사고,0,0,1,1,차대차 - 기타,안전운전불이행,건조,맑음,단일로 - 기타,화물,남,36세,부상신고,건설기계,남,37세,경상
2014122600100498,2014년 12월 26일 18시,금요일,충청북도 청주시 상당구 석교동,중상사고,0,1,0,0,차대사람 - 기타,신호위반,건조,맑음,교차로 - 교차로부근,승용,남,36세,상해없음,보행자,남,87세,중상
2014122600100499,2014년 12월 26일 18시,금요일,충청북도 청주시 상당구 용암동,경상사고,0,0,1,0,차대사람 - 기타,안전운전불이행,건조,맑음,교차로 - 교차로안,승합,남,37세,상해없음,보행자,여,82세,경상
2014122600100536,2014년 12월 26일 19시,금요일,충청북도 음성군 감곡면,경상사고,0,0,1,0,차대사람 - 기타,안전운전불이행,건조,맑음,교차로 - 교차로부근,승합,남,56세,상해없음,보행자,여,13세,경상
2014122600100537,2014년 12월 26일 19시,금요일,충청북도 청주시 서원구 개신동,경상사고,0,0,1,0,차대차 - 측면직각충돌,안전운전불이행,건조,맑음,단일로 - 기타,화물,남,57세,기타불명,승용,남,35세,경상
2014122600100538,2014년 12월 26일 19시,금요일,충청북도 청주시 서원구 개신동,경상사고,0,0,2,0,차대차 - 추돌 - 진행중,안전운전불이행,건조,맑음,교차로 - 교차로부근,승용,남,49세,상해없음,승용,남,58세,경상
2014122600100571,2014년 12월 26일 20시,금요일,충청북도 청주시 서원구 분평동,경상사고,0,0,1,0,차대사람 - 횡단중,안전운전불이행,건조,맑음,교차로 - 교차로안,승용,남,50세,상해없음,보행자,남,56세,경상
2014122600100667,2014년 12월 26일 22시,금요일,충청북도 증평군 증평읍,중상사고,0,1,0,0,차대차 - 기타,신호위반,건조,맑음,교차로 - 교차로안,승용,남,44세,상해없음,승용,남,35세,중상
2014122700100019,2014년 12월 27일 00시,토요일,충청북도 청주시 흥덕구 복대동,경상사고,0,0,1,0,차대차 - 추돌 - 주정차중,안전운전불이행,건조,맑음,단일로 - 기타,승용,남,27세,상해없음,승용,남,34세,경상
2014122700100020,2014년 12월 27일 00시,토요일,충청북도 청주시 서원구 분평동,중상사고,0,1,0,0,차대사람 - 기타,안전운전불이행,건조,맑음,교차로 - 교차로안,승용,남,34세,상해없음,보행자,여,49세,중상
2014122700100053,2014년 12월 27일 01시,토요일,충청북도 청주시 서원구 사창동,중상사고,0,1,0,0,차대사람 - 길가장자리구역통행중,안전운전불이행,건조,맑음,교차로 - 교차로안,승용,여,53세,상해없음,보행자,남,29세,중상
2014122700100054,2014년 12월 27일 01시,토요일,충청북도 충주시 노은면,중상사고,0,1,0,0,차대사람 - 기타,안전운전불이행,건조,맑음,단일로 - 기타,기타불명,기타불명,기타불명,기타불명,보행자,남,48세,중상
2014122700100115,2014년 12월 27일 05시,토요일,충청북도 청주시 흥덕구 석곡동,중상사고,0,1,2,0,차대차 - 기타,안전운전불이행,건조,맑음,단일로 - 기타,화물,남,49세,상해없음,화물,남,54세,경상