사고번호,사고일시,요일,시군구,사고내용,사망자수,중상자수,경상자수,부상신고자수,사고유형,법규위반,노면상태,기상상태,도로형태,가해운전자 차종,가해운전자 성별,가해운전자 연령,가해운전자 상해정도,피해운전자 차종,피해운전자 성별,피해운전자 연령,피해운전자 상해정도
2014122700100211,2014년 12월 27일 10시,토요일,충청북도 청주시 서원구 모충동,중상사고,0,1,0,0,차대사람 - 기타,안전운전불이행,건조,맑음,교차로 - 교차로안,승용,남,56세,상해없음,보행자,여,63세,중상
2014122700100266,2014년 12월 27일 12시,토요일,충청북도 청주시 흥덕구 봉명동,경상사고,0,0,3,0,차대차 - 기타,교차로운행방법위반,건조,맑음,교차로 - 교차로안,화물,여,56세,상해없음,승용,남,48세,경상
2014122700100285,2014년 12월 27일 13시,토요일,충청북도 제천시 청전동,사망사고,1,1,1,0,차대차 - 측면직각충돌,신호위반,건조,맑음,교차로 - 교차로안,원동기,남,74세,사망,승용,여,39세,중상
2014122700100314,2014년 12월 27일 14시,토요일,충청북도 옥천군 옥천읍,중상사고,0,1,0,0,차대사람 - 기타,안전운전불이행,건조,맑음,단일로 - 기타,승용,남,57세,상해없음,보행자,남,43세,중상
2014122700100342,2014년 12월 27일 15시,토요일,충청북도 청주시 흥덕구 봉명동,경상사고,0,0,3,0,차대차 - 추돌 - 진행중,안전운전불이행,건조,맑음,단일로 - 기타,승용,남,48세,상해없음,승용,남,59세,경상
2014122700100378,2014년 12월 27일 16시,토요일,충청북도 괴산군 장연면,중상사고,0,1,0,0,차대차 - 측면직각충돌,중앙선침범,건조,맑음,단일로 - 기타,농기계,남,49세,상해없음,이륜,남,83세,중상
2014122700100450,2014년 12월 27일 18시,토요일,충청북도 증평군 증평읍,중상사고,0,1,0,1,차대차 - 측면직각충돌,신호위반,건조,맑음,교차로 - 교차로안,원동기,남,25세,부상신고,승용,남,56세,중상
2014122700100451,2014년 12월 27일 18시,토요일,충청북도 진천군 진천읍,경상사고,0,0,4,0,차대차 - 추돌 - 진행중,안전운전불이행,건조,맑음,교차로 - 교차로안,승용,남,27세,상해없음,승용,남,50세,경상
2014122700100452,2014년 12월 27일 18시,토요일,충청북도 진천군 문백면,중상사고,0,2,0,0,차대차 - 기타,안전거리미확보,건조,맑음,단일로 - 기타,화물,남,58세,상해없음,화물,남,54세,중상
2014122700100485,2014년 12월 27일 19시,토요일,충청북도 제천시 서부동,중상사고,0,1,0,0,차대사람 - 기타,신호위반,건조,흐림,교차로 - 교차로안,승용,남,25세,상해없음,보행자,남,14세,중상
2014122700100486,2014년 12월 27일 19시,토요일,충청북도 제천시 청전동,중상사고,0,1,0,0,차대사람 - 기타,보행자보호의무위반,건조,맑음,단일로 - 기타,화물,남,51세,상해없음,보행자,남,66세,중상
2014122700100487,2014년 12월 27일 19시,토요일,충청북도 제천시 청전동,경상사고,0,0,1,0,차대차 - 기타,안전운전불이행,건조,맑음,기타 - 기타,승용,여,53세,상해없음,승용,남,27세,상해없음
2014122700100515,2014년 12월 27일 20시,토요일,충청북도 청주시 청원구 내덕동,경상사고,0,0,1,0,차대차 - 기타,교차로운행방법위반,건조,맑음,교차로 - 교차로안,원동기,남,40세,상해없음,원동기,남,58세,경상
2014122700100546,2014년 12월 27일 21시,토요일,충청북도 청주시 서원구 모충동,경상사고,0,0,3,0,차대차 - 측면직각충돌,안전운전불이행,건조,맑음,단일로 - 기타,승용,남,44세,상해없음,승용,남,58세,경상
2014122800100012,2014년 12월 28일 00시,일요일,충청북도 청주시 흥덕구 복대동,경상사고,0,0,1,0,차대차 - 추돌 - 진행중,교차로운행방법위반,건조,맑음,교차로 - 교차로안,승용,남,48세,상해없음,이륜,남,28세,경상
2014122800100013,2014년 12월 28일 00시,일요일,충청북도 청주시 흥덕구 복대동,경상사고,0,0,1,0,차대차 - 측면직각충돌,신호위반,건조,맑음,교차로 - 교차로안,승용,여,42세,상해없음,승용,남,49세,상해없음
2014122800100047,2014년 12월 28일 01시,일요일,충청북도 청주시 청원구 내덕동,중상사고,0,1,0,3,차대차 - 기타,신호위반,습기,흐림,교차로 - 교차로안,승용,남,46세,기타불명,승용,남,55세,중상
2014122800100048,2014년 12월 28일 01시,일요일,충청북도 음성군 대소면,경상사고,0,0,1,0,차대사람 - 기타,안전운전불이행,건조,맑음,단일로 - 기타,기타불명,기타불명,기타불명,기타불명,보행자,남,45세,경상
2014122800100049,2014년 12월 28일 01시,일요일,충청북도 청주시 상당구 용암동,경상사고,0,0,1,0,차대차 - 기타,신호위반,건조,맑음,교차로 - 교차로부근,승용,남,39세,상해없음,승용,남,65세,경상
2014122800100207,2014년 12월 28일 12시,일요일,충청북도 진천군 광혜원면,중상사고,0,1,0,0,차대사람 - 기타,안전운전불이행,건조,맑음,단일로 - 기타,승용,남,38세,상해없음,보행자,남,85세,중상
2014122800100243,2014년 12월 28일 14시,일요일,충청북도 충주시 신니면,중상사고,0,1,1,0,차대차 - 측면직각충돌,안전운전불이행,건조,맑음,단일로 - 기타,이륜,남,52세,중상,승용,여,31세,경상
2014122800100244,2014년 12월 28일 14시,일요일,충청북도 청주시 서원구 현도면,경상사고,0,0,2,0,차대차 - 추돌 - 진행중,안전운전불이행,건조,맑음,단일로 - 기타,화물,남,58세,경상,승용,여,68세,경상
2014122800100259,2014년 12월 28일 15시,일요일,충청북도 청주시 청원구 오창읍,중상사고,0,1,0,0,차대차 - 측면직각충돌,안전운전불이행,건조,맑음,교차로 - 교차로안,화물,여,46세,상해없음,이륜,남,72세,중상
2014122800100260,2014년 12월 28일 15시,일요일,충청북도 음성군 감곡면,경상사고,0,0,6,0,차대차 - 기타,중앙선침범,건조,맑음,단일로 - 기타,화물,남,54세,상해없음,승용,남,53세,경상
2014122800100349,2014년 12월 28일 18시,일요일,충청북도 청주시 서원구 현도면,중상사고,0,1,1,0,차대차 - 추돌 - 진행중,안전거리미확보,건조,맑음,단일로 - 기타,승용,남,45세,상해없음,승용,남,47세,경상
2014122800100412,2014년 12월 28일 20시,일요일,충청북도 충주시 지현동,중상사고,0,1,0,0,차대사람 - 길가장자리구역통행중,안전운전불이행,건조,맑음,기타 - 기타,승용,여,36세,상해없음,보행자,남,57세,중상
2014122800100434,2014년 12월 28일 21시,일요일,충청북도 청주시 청원구 율량동,경상사고,0,0,1,0,차량단독 - 기타,안전운전불이행,결빙,맑음,교차로 - 교차로안,원동기,남,47세,경상,,,,
2014122800100479,2014년 12월 28일 23시,일요일,충청북도 청주시 흥덕구 신봉동,경상사고,0,0,3,1,차대차 - 정면충돌,중앙선침범,건조,맑음,단일로 - 기타,승용,남,37세,상해없음,승용,남,37세,부상신고
2014122800100480,2014년 12월 28일 23시,일요일,충청북도 청주시 흥덕구 가경동,경상사고,0,0,1,0,차대차 - 추돌 - 주정차중,안전운전불이행,건조,맑음,교차로 - 교차로안,승용,남,28세,상해없음,승용,남,66세,경상
2014122900100065,2014년 12월 29일 06시,월요일,충청북도 청주시 서원구 사창동,중상사고,0,1,0,0,차대사람 - 기타,안전운전불이행,건조,맑음,단일로 - 기타,승용,남,62세,상해없음,보행자,여,79세,중상
2014122900100123,2014년 12월 29일 08시,월요일,충청북도 제천시 청전동,중상사고,0,2,0,0,차대차 - 측면직각충돌,기타,건조,맑음,교차로 - 교차로안,승용,여,24세,중상,승용,남,51세,중상
2014122900100124,2014년 12월 29일 08시,월요일,충청북도 제천시 강제동,중상사고,0,4,0,0,차대차 - 정면충돌,직진우회전진행방해,건조,맑음,교차로 - 교차로안,승용,남,39세,상해없음,승용,여,37세,중상
2014122900100125,2014년 12월 29일 08시,월요일,충청북도 청주시 서원구 성화동,경상사고,0,0,2,0,차대차 - 추돌 - 주정차중,안전운전불이행,건조,맑음,교차로 - 교차로부근,승용,여,57세,상해없음,승용,남,39세,경상
2014122900100149,2014년 12월 29일 09시,월요일,충청북도 충주시 연수동,경상사고,0,0,1,0,차대차 - 측면직각충돌,중앙선침범,건조,맑음,교차로 - 교차로부근,승용,남,59세,상해없음,화물,남,44세,경상
2014122900100150,2014년 12월 29일 09시,월요일,충청북도 청주시 흥덕구 송정동,경상사고,0,0,1,0,차대사람 - 기타,안전운전불이행,건조,맑음,단일로 - 기타,승용,여,31세,상해없음,보행자,여,69세,경상
2014122900100181,2014년 12월 29일 10시,월요일,충청북도 괴산군 괴산읍,경상사고,0,0,1,0,차대사람 - 횡단중,안전운전불이행,건조,맑음,단일로 - 기타,승용,남,48세,상해없음,보행자,남,79세,경상
2014122900100208,2014년 12월 29일 11시,월요일,충청북도 청주시 청원구 우암동,중상사고,0,1,0,0,차대사람 - 기타,기타,건조,맑음,교차로 - 교차로부근,승합,남,45세,상해없음,보행자,여,58세,중상
2014122900100209,2014년 12월 29일 11시,월요일,충청북도 충주시 성남동,중상사고,0,1,0,0,차대차 - 기타,중앙선침범,건조,맑음,단일로 - 기타,승용,남,56세,상해없음,승용,여,46세,중상
2014122900100210,2014년 12월 29일 11시,월요일,충청북도 충주시 용산동,중상사고,0,1,0,0,차대차 - 기타,안전운전불이행,건조,흐림,단일로 - 기타,승용,남,54세,상해없음,승용,남,62세,상해없음
2014122900100211,2014년 12월 29일 11시,월요일,충청북도 청주시 서원구 남이면,경상사고,0,0,1,0,차대차 - 추돌 - 주정차중,안전운전불이행,건조,맑음,교차로 - 교차로부근,화물,남,38세,상해없음,승용,여,60세,경상
2014122900100235,2014년 12월 29일 12시,월요일,충청북도 충주시 중앙탑면,중상사고,0,2,0,0,차대차 - 기타,중앙선침범,기타,맑음,단일로 - 기타,승용,남,26세,상해없음,승용,여,47세,중상
2014122900100236,2014년 12월 29일 12시,월요일,충청북도 음성군 삼성면,중상사고,0,1,0,0,차대사람 - 기타,안전운전불이행,건조,맑음,교차로 - 교차로안,화물,남,54세,상해없음,보행자,여,77세,중상
2014122900100258,2014년 12월 29일 13시,월요일,충청북도 음성군 대소면,중상사고,0,1,1,0,차대차 - 기타,안전거리미확보,건조,맑음,교차로 - 교차로안,화물,남,76세,중상,화물,남,56세,상해없음
2014122900100287,2014년 12월 29일 14시,월요일,충청북도 충주시 성남동,경상사고,0,0,4,1,차대차 - 기타,직진우회전진행방해,건조,맑음,교차로 - 교차로안,승용,남,59세,부상신고,화물,남,47세,경상
2014122900100319,2014년 12월 29일 15시,월요일,충청북도 청주시 청원구 내수읍,경상사고,0,0,2,0,차대차 - 측면직각충돌,안전운전불이행,건조,맑음,단일로 - 기타,승용,여,57세,상해없음,승용,남,49세,경상
2014122900100320,2014년 12월 29일 15시,월요일,충청북도 제천시 수산면,중상사고,0,1,0,0,차대차 - 측면직각충돌,기타,건조,맑음,교차로 - 교차로안,승용,여,41세,중상,승합,남,44세,상해없음
2014122900100348,2014년 12월 29일 16시,월요일,충청북도 청주시 청원구 내수읍,중상사고,0,1,0,0,차대차 - 기타,안전운전불이행,건조,맑음,기타 - 기타,승용,남,64세,상해없음,승용,여,54세,상해없음
2014122900100349,2014년 12월 29일 16시,월요일,충청북도 음성군 삼성면,중상사고,0,1,0,0,차대차 - 기타,중앙선침범,결빙,맑음,단일로 - 기타,화물,남,44세,기타불명,화물,남,53세,중상
2014122900100384,2014년 12월 29일 17시,월요일,충청북도 충주시 앙성면,중상사고,0,2,5,0,차대차 - 기타,안전운전불이행,건조,맑음,단일로 - 기타,승합,남,47세,경상,승용,남,47세,중상
2014122900100385,2014년 12월 29일 17시,월요일,충청북도 제천시 금성면,사망사고,1,0,0,0,차대사람 - 기타,안전운전불이행,건조,맑음,교차로 - 교차로부근,승합,남,42세,상해없음,보행자,남,73세,사망
2014122900100441,2014년 12월 29일 18시,월요일,충청북도 청주시 청원구 사천동,중상사고,0,1,2,0,차대차 - 기타,안전운전불이행,건조,맑음,단일로 - 기타,승용,남,44세,상해없음,승용,남,31세,중상
2014122900100442,2014년 12월 29일 18시,월요일,충청북도 제천시 장락동,중상사고,0,1,3,0,차대차 - 측면직각충돌,신호위반,습기,흐림,교차로 - 교차로부근,승용,남,44세,중상,승합,남,59세,경상
2014122900100443,2014년 12월 29일 18시,월요일,충청북도 제천시 영천동,경상사고,0,0,1,0,차대사람 - 기타,안전운전불이행,건조,맑음,단일로 - 기타,승용,남,46세,상해없음,보행자,남,39세,경상
2014122900100444,2014년 12월 29일 18시,월요일,충청북도 영동군 영동읍,중상사고,0,1,1,0,차대차 - 기타,안전거리미확보,건조,맑음,교차로 - 교차로부근,승용,남,58세,경상,승용,여,61세,중상
2014122900100445,2014년 12월 29일 18시,월요일,충청북도 청주시 상당구 용암동,경상사고,0,0,1,0,차대사람 - 기타,안전운전불이행,건조,맑음,단일로 - 기타,기타불명,기타불명,기타불명,기타불명,보행자,여,22세,경상
2014122900100491,2014년 12월 29일 19시,월요일,충청북도 충주시 호암동,부상신고사고,0,0,0,1,차대차 - 기타,신호위반,건조,맑음,교차로 - 교차로안,승용,여,22세,부상신고,화물,남,55세,상해없음
2014122900100492,2014년 12월 29일 19시,월요일,충청북도 충주시 성서동,경상사고,0,0,1,0,차대사람 - 기타,안전운전불이행,건조,맑음,단일로 - 기타,승용,남,58세,상해없음,보행자,남,25세,경상
2014122900100493,2014년 12월 29일 19시,월요일,충청북도 진천군 진천읍,경상사고,0,0,1,0,차대사람 - 기타,안전운전불이행,건조,맑음,교차로 - 교차로안,승용,남,56세,기타불명,보행자,남,14세,경상
2014122900100494,2014년 12월 29일 19시,월요일,충청북도 청주시 상당구 용암동,중상사고,0,1,0,0,차대사람 - 기타,신호위반,건조,기타,단일로 - 횡단보도상,승용,남,56세,상해없음,보행자,여,49세,중상
2014122900100535,2014년 12월 29일 20시,월요일,충청북도 충주시 봉방동,중상사고,0,1,0,0,차대사람 - 기타,신호위반,건조,맑음,단일로 - 기타,원동기,남,43세,상해없음,보행자,여,53세,중상
2014122900100536,2014년 12월 29일 20시,월요일,충청북도 청주시 서원구 모충동,경상사고,0,0,1,0,차대사람 - 기타,안전운전불이행,건조,맑음,교차로 - 교차로안,승용,남,71세,상해없음,보행자,남,48세,경상
2014122900100581,2014년 12월 29일 21시,월요일,충청북도 충주시 동량면,중상사고,0,2,0,0,차대사람 - 기타,안전운전불이행,기타,맑음,단일로 - 기타,승용,남,49세,기타불명,보행자,여,52세,중상
2014122900100582,2014년 12월 29일 21시,월요일,충청북도 청주시 서원구 모충동,경상사고,0,0,2,0,차대사람 - 횡단중,신호위반,건조,맑음,교차로 - 교차로부근,이륜,남,26세,상해없음,보행자,여,57세,경상
2014122900100611,2014년 12월 29일 22시,월요일,충청북도 음성군 대소면,사망사고,1,1,0,0,차대차 - 정면충돌,중앙선침범,건조,맑음,단일로 - 기타,승용,남,38세,사망,승용,여,44세,중상
2014122900100652,2014년 12월 29일 23시,월요일,충청북도 음성군 대소면,중상사고,0,1,1,0,차대사람 - 기타,신호위반,습기,흐림,단일로 - 횡단보도상,원동기,남,32세,경상,보행자,남,50세,중상
2014122900100653,2014년 12월 29일 23시,월요일,충청북도 청주시 흥덕구 비하동,경상사고,0,0,1,0,차대차 - 측면직각충돌,안전운전불이행,건조,맑음,단일로 - 기타,승용,남,43세,기타불명,승합,남,32세,경상
2014122900100654,2014년 12월 29일 23시,월요일,충청북도 청주시 서원구 남이면,경상사고,0,0,1,0,차대차 - 추돌 - 주정차중,안전거리미확보,건조,맑음,단일로 - 기타,승용,남,49세,상해없음,승용,남,39세,경상
2014122900100655,2014년 12월 29일 23시,월요일,충청북도 청주시 서원구 산남동,경상사고,0,0,2,0,차대차 - 기타,안전운전불이행,건조,맑음,교차로 - 교차로부근,승용,여,35세,기타불명,승용,남,41세,경상
2014123000100034,2014년 12월 30일 01시,화요일,충청북도 청주시 흥덕구 봉명동,경상사고,0,0,1,0,차대차 - 추돌 - 주정차중,안전운전불이행,건조,맑음,교차로 - 교차로부근,승용,남,24세,상해없음,승용,남,38세,상해없음
2014123000100035,2014년 12월 30일 01시,화요일,충청북도 청주시 서원구 분평동,중상사고,0,1,1,0,차대차 - 기타,안전운전불이행,건조,맑음,교차로 - 교차로부근,승용,남,39세,기타불명,승용,남,53세,경상
2014123000100096,2014년 12월 30일 05시,화요일,충청북도 진천군 이월면,경상사고,0,0,1,0,차량단독 - 공작물충돌,안전운전불이행,결빙,안개,단일로 - 기타,승용,남,53세,상해없음,,,,
2014123000100131,2014년 12월 30일 07시,화요일,충청북도 충주시 종민동,경상사고,0,0,1,0,차량단독 - 공작물충돌,안전운전불이행,습기,맑음,단일로 - 기타,승용,남,24세,상해없음,,,,
2014123000100133,2014년 12월 30일 07시,화요일,충청북도 청주시 흥덕구 가경동,경상사고,0,0,1,0,차대차 - 기타,교차로운행방법위반,기타,안개,교차로 - 교차로안,승용,남,61세,상해없음,자전거,남,17세,경상
2014123000100134,2014년 12월 30일 07시,화요일,충청북도 청주시 상당구 영운동,중상사고,0,1,0,0,차대차 - 추돌 - 진행중,안전운전불이행,건조,맑음,단일로 - 기타,승용,남,52세,상해없음,자전거,남,71세,중상
2014123000100199,2014년 12월 30일 09시,화요일,충청북도 충주시 주덕읍,경상사고,0,0,1,0,차대차 - 기타,안전운전불이행,결빙,맑음,단일로 - 기타,건설기계,남,60세,상해없음,승용,남,28세,경상
2014123000100200,2014년 12월 30일 09시,화요일,충청북도 충주시 용산동,경상사고,0,0,1,0,차대사람 - 기타,안전운전불이행,건조,맑음,단일로 - 기타,기타불명,기타불명,기타불명,기타불명,보행자,여,24세,경상
2014123000100201,2014년 12월 30일 09시,화요일,충청북도 충주시 문화동,경상사고,0,0,1,0,차대차 - 기타,안전운전불이행,건조,맑음,교차로 - 교차로안,승용,남,52세,상해없음,승용,남,55세,경상
2014123000100202,2014년 12월 30일 09시,화요일,충청북도 증평군 증평읍,경상사고,0,0,5,0,차대차 - 추돌 - 주정차중,안전운전불이행,습기,안개,교차로 - 교차로부근,화물,남,26세,경상,화물,남,42세,경상
2014123000100203,2014년 12월 30일 09시,화요일,충청북도 청주시 서원구 죽림동,경상사고,0,0,1,0,차대차 - 추돌 - 진행중,안전거리미확보,건조,맑음,교차로 - 교차로안,승용,남,24세,상해없음,승용,여,49세,경상
2014123000100204,2014년 12월 30일 09시,화요일,충청북도 청주시 흥덕구 가경동,경상사고,0,0,1,0,차대사람 - 기타,안전운전불이행,건조,맑음,교차로 - 교차로안,승용,남,65세,상해없음,보행자,여,68세,경상
2014123000100233,2014년 12월 30일 10시,화요일,충청북도 청주시 청원구 내수읍,중상사고,0,1,0,0,차대차 - 측면직각충돌,교차로운행방법위반,습기,안개,교차로 - 교차로안,승합,남,51세,상해없음,화물,남,33세,중상
2014123000100234,2014년 12월 30일 10시,화요일,충청북도 충주시 동량면,중상사고,0,1,4,0,차대차 - 기타,안전운전불이행,결빙,맑음,단일로 - 기타,승용,남,43세,상해없음,승용,남,48세,경상
2014123000100269,2014년 12월 30일 11시,화요일,충청북도 청주시 상당구 영동,중상사고,0,1,0,0,차대차 - 측면직각충돌,안전운전불이행,건조,맑음,교차로 - 교차로안,승용,남,69세,상해없음,화물,남,20세,중상
2014123000100303,2014년 12월 30일 12시,화요일,충청북도 충주시 대소원면,중상사고,0,1,0,0,차대차 - 기타,교차로운행방법위반,건조,맑음,교차로 - 교차로안,화물,남,66세,상해없음,승용,여,41세,중상
2014123000100337,2014년 12월 30일 13시,화요일,충청북도 제천시 교동,중상사고,0,1,5,0,차대차 - 기타,신호위반,건조,맑음,교차로 - 교차로안,승용,남,75세,상해없음,화물,남,66세,중상
2014123000100338,2014년 12월 30일 13시,화요일,충청북도 청주시 상당구 금천동,경상사고,0,0,2,0,차대차 - 기타,안전거리미확보,건조,맑음,단일로 - 기타,승용,남,51세,경상,승용,남,56세,경상
2014123000100339,2014년 12월 30일 13시,화요일,충청북도 청주시 상당구 미원면,경상사고,0,0,2,0,차대차 - 기타,안전운전불이행,건조,맑음,교차로 - 교차로안,승용,여,24세,경상,승용,남,35세,경상
2014123000100374,2014년 12월 30일 14시,화요일,충청북도 청주시 청원구 내덕동,경상사고,0,0,1,0,차대차 - 추돌 - 주정차중,안전운전불이행,건조,맑음,단일로 - 기타,승용,남,51세,상해없음,승용,남,53세,경상
2014123000100375,2014년 12월 30일 14시,화요일,충청북도 음성군 원남면,중상사고,0,1,0,0,차대차 - 기타,안전운전불이행,건조,맑음,단일로 - 기타,승용,여,69세,상해없음,원동기,남,78세,중상
2014123000100405,2014년 12월 30일 15시,화요일,충청북도 청주시 서원구 사직동,중상사고,0,1,0,0,차대차 - 기타,신호위반,건조,맑음,교차로 - 교차로안,승용,남,70세,상해없음,승용,여,36세,중상
2014123000100406,2014년 12월 30일 15시,화요일,충청북도 청주시 흥덕구 옥산면,경상사고,0,0,2,0,차대차 - 측면직각충돌,신호위반,건조,맑음,교차로 - 교차로안,화물,남,57세,경상,특수,남,51세,경상
2014123000100407,2014년 12월 30일 15시,화요일,충청북도 청주시 서원구 개신동,중상사고,0,1,0,0,차대차 - 측면직각충돌,차로위반,건조,맑음,단일로 - 기타,승용,여,55세,상해없음,승용,여,62세,중상
2014123000100444,2014년 12월 30일 16시,화요일,충청북도 청주시 상당구 수동,중상사고,0,1,0,0,차대사람 - 횡단중,안전운전불이행,건조,맑음,교차로 - 교차로부근,승용,남,32세,상해없음,보행자,여,58세,중상
2014123000100445,2014년 12월 30일 16시,화요일,충청북도 청주시 흥덕구 봉명동,경상사고,0,0,2,0,차대차 - 측면직각충돌,교차로운행방법위반,건조,맑음,교차로 - 교차로안,승합,남,65세,상해없음,승용,남,31세,경상
2014123000100475,2014년 12월 30일 17시,화요일,충청북도 옥천군 옥천읍,중상사고,0,1,1,0,차대차 - 기타,안전운전불이행,건조,맑음,교차로 - 교차로안,승용,남,53세,상해없음,승용,남,24세,중상
2014123000100525,2014년 12월 30일 18시,화요일,충청북도 청주시 상당구 지북동,경상사고,0,0,1,0,차대차 - 추돌 - 주정차중,안전운전불이행,건조,맑음,교차로 - 교차로부근,승용,남,56세,상해없음,승용,남,29세,경상
2014123000100647,2014년 12월 30일 21시,화요일,충청북도 증평군 증평읍,중상사고,0,2,0,0,차대차 - 추돌 - 주정차중,안전운전불이행,건조,맑음,교차로 - 교차로부근,승용,남,41세,상해없음,승용,남,41세,중상
2014123000100648,2014년 12월 30일 21시,화요일,충청북도 옥천군 옥천읍,중상사고,0,1,1,0,차대차 - 기타,안전운전불이행,습기,기타,교차로 - 교차로안,화물,남,56세,경상,승용,여,31세,중상
2014123000100649,2014년 12월 30일 21시,화요일,충청북도 청주시 흥덕구 운천동,중상사고,0,1,0,0,차대차 - 추돌 - 진행중,안전운전불이행,건조,맑음,단일로 - 기타,승용,남,25세,상해없음,원동기,남,32세,중상
2014123000100682,2014년 12월 30일 22시,화요일,충청북도 청주시 흥덕구 복대동,경상사고,0,0,1,0,차대차 - 기타,중앙선침범,건조,맑음,단일로 - 기타,승용,남,31세,상해없음,승용,남,58세,경상
2014123000100683,2014년 12월 30일 22시,화요일,충청북도 청주시 흥덕구 지동동,경상사고,0,0,1,0,차대차 - 추돌 - 주정차중,안전운전불이행,건조,맑음,단일로 - 기타,승용,남,37세,상해없음,승합,여,46세,경상
2014123000100724,2014년 12월 30일 23시,화요일,충청북도 충주시 연수동,경상사고,0,0,1,0,차대차 - 추돌 - 주정차중,안전운전불이행,건조,맑음,단일로 - 기타,승용,남,30세,상해없음,승용,남,32세,경상
2014123100100080,2014년 12월 31일 04시,수요일,충청북도 청주시 청원구 오창읍,경상사고,0,0,1,0,차대차 - 추돌 - 주정차중,안전운전불이행,습기,눈,교차로 - 교차로부근,승용,남,23세,상해없음,승용,남,28세,경상
2014123100100137,2014년 12월 31일 08시,수요일,충청북도 청주시 흥덕구 신봉동,경상사고,0,0,1,0,차대차 - 측면직각충돌,신호위반,건조,맑음,교차로 - 교차로안,승용,남,55세,상해없음,화물,남,51세,경상
2014123100100172,2014년 12월 31일 09시,수요일,충청북도 진천군 덕산면,경상사고,0,0,1,0,차대차 - 측면직각충돌,신호위반,적설,눈,교차로 - 교차로안,승용,남,31세,상해없음,승용,남,40세,경상
2014123100100202,2014년 12월 31일 10시,수요일,충청북도 제천시 신백동,경상사고,0,0,1,0,차대차 - 추돌 - 진행중,안전운전불이행,적설,눈,단일로 - 기타,승합,남,29세,상해없음,화물,남,55세,경상
2014123100100203,2014년 12월 31일 10시,수요일,충청북도 제천시 청전동,경상사고,0,0,1,0,차대차 - 기타,직진우회전진행방해,적설,눈,교차로 - 교차로안,화물,남,39세,상해없음,승용,남,46세,경상
2014123100100228,2014년 12월 31일 11시,수요일,충청북도 청주시 흥덕구 봉명동,중상사고,0,1,0,0,차대사람 - 기타,안전운전불이행,건조,맑음,교차로 - 교차로안,화물,남,54세,상해없음,보행자,여,81세,중상
2014123100100305,2014년 12월 31일 14시,수요일,충청북도 충주시 산척면,경상사고,0,0,1,0,차대차 - 기타,안전운전불이행,건조,맑음,교차로 - 교차로안,승용,여,67세,상해없음,승용,남,56세,경상
2014123100100375,2014년 12월 31일 16시,수요일,충청북도 청주시 상당구 탑동,중상사고,0,1,0,0,차대사람 - 횡단중,보행자보호의무위반,건조,맑음,단일로 - 횡단보도상,승용,남,83세,상해없음,보행자,여,74세,중상
2014123100100418,2014년 12월 31일 17시,수요일,충청북도 음성군 음성읍,중상사고,0,1,2,0,차대차 - 기타,안전운전불이행,건조,맑음,교차로 - 교차로안,승용,남,23세,경상,승용,남,39세,중상
2014123100100419,2014년 12월 31일 17시,수요일,충청북도 진천군 문백면,중상사고,0,5,3,0,차대차 - 추돌 - 진행중,안전운전불이행,건조,맑음,단일로 - 기타,승용,남,35세,상해없음,승용,남,30세,경상
2014123100100467,2014년 12월 31일 18시,수요일,충청북도 제천시 청전동,경상사고,0,0,1,0,차대사람 - 기타,안전운전불이행,건조,맑음,교차로 - 교차로안,기타불명,기타불명,기타불명,기타불명,보행자,남,17세,경상
2014123100100468,2014년 12월 31일 18시,수요일,충청북도 제천시 신월동,사망사고,1,1,0,0,차대차 - 기타,중앙선침범,건조,맑음,단일로 - 기타,승용,남,19세,사망,화물,남,36세,중상
2014123100100469,2014년 12월 31일 18시,수요일,충청북도 보은군 속리산면,중상사고,0,1,0,0,차대사람 - 기타,기타,결빙,맑음,기타 - 기타,승합,남,48세,상해없음,보행자,여,62세,중상
2014123100100470,2014년 12월 31일 18시,수요일,충청북도 단양군 단양읍,중상사고,0,1,1,0,차대차 - 기타,직진우회전진행방해,건조,맑음,교차로 - 교차로안,승용,남,35세,경상,승용,여,33세,중상
2014123100100521,2014년 12월 31일 19시,수요일,충청북도 음성군 금왕읍,경상사고,0,0,2,0,차대차 - 추돌 - 진행중,안전운전불이행,건조,맑음,교차로 - 교차로부근,승용,여,41세,경상,승용,남,30세,경상
2014123100100568,2014년 12월 31일 20시,수요일,충청북도 제천시 신백동,경상사고,0,0,1,0,차대차 - 기타,교차로운행방법위반,습기,흐림,교차로 - 교차로안,승용,남,45세,상해없음,승용,남,35세,경상
2014123100100569,2014년 12월 31일 20시,수요일,충청북도 음성군 금왕읍,경상사고,0,0,1,0,차대차 - 기타,안전운전불이행,건조,맑음,교차로 - 교차로부근,승용,남,40세,상해없음,승용,남,43세,상해없음
2014123100100570,2014년 12월 31일 20시,수요일,충청북도 음성군 원남면,경상사고,0,0,1,0,차대차 - 추돌 - 주정차중,안전운전불이행,결빙,맑음,교차로 - 교차로부근,승용,남,59세,상해없음,승용,남,36세,경상